ISO-10303-21;
HEADER;
FILE_DESCRIPTION (( 'STEP AP203' ),
    '1' );
FILE_NAME ('³µ°å.STEP',
    '2026-09-02T04:25:36',
    ( '' ),
    ( '' ),
    'SwSTEP 2.0',
    'SolidWorks 2026',
    '' );
FILE_SCHEMA (( 'CONFIG_CONTROL_DESIGN' ));
ENDSEC;

DATA;
#1 = DIRECTION ( 'NONE',  ( -0.000000000000000000, 1.000000000000000000, -0.000000000000000000 ) ) ;
#2 = CALENDAR_DATE ( 2026, 2, 9 ) ;
#3 = ORIENTED_EDGE ( 'NONE', *, *, #1870, .T. ) ;
#4 = EDGE_CURVE ( 'NONE', #3446, #1424, #2716, .T. ) ;
#5 = ORIENTED_EDGE ( 'NONE', *, *, #886, .T. ) ;
#6 = CYLINDRICAL_SURFACE ( 'NONE', #3551, 2.000000000000001776 ) ;
#7 = FACE_BOUND ( 'NONE', #3339, .T. ) ;
#8 = CARTESIAN_POINT ( 'NONE',  ( 103.1118043018571768, 0.000000000000000000, -97.19844222072062223 ) ) ;
#9 = ORIENTED_EDGE ( 'NONE', *, *, #198, .T. ) ;
#10 = ADVANCED_FACE ( 'NONE', ( #3533 ), #1882, .F. ) ;
#11 = DIRECTION ( 'NONE',  ( -0.000000000000000000, 1.000000000000000000, -0.000000000000000000 ) ) ;
#12 = DIRECTION ( 'NONE',  ( 1.000000000000000000, -0.000000000000000000, 7.138779736530069592E-17 ) ) ;
#13 = CARTESIAN_POINT ( 'NONE',  ( 82.02773986518441518, 9.500000000000000000, 87.67493557501117607 ) ) ;
#14 = CARTESIAN_POINT ( 'NONE',  ( 82.93286935413618721, 23.50000000000000000, -57.27554995058955711 ) ) ;
#15 = ORIENTED_EDGE ( 'NONE', *, *, #703, .F. ) ;
#16 = VECTOR ( 'NONE', #458, 1000.000000000000000 ) ;
#17 = DIRECTION ( 'NONE',  ( 1.000000000000000000, -0.000000000000000000, -0.000000000000000000 ) ) ;
#18 = EDGE_CURVE ( 'NONE', #3062, #2024, #1849, .T. ) ;
#19 = DIRECTION ( 'NONE',  ( -0.000000000000000000, 1.000000000000000000, -0.000000000000000000 ) ) ;
#20 = ORIENTED_EDGE ( 'NONE', *, *, #3482, .F. ) ;
#21 = AXIS2_PLACEMENT_3D ( 'NONE', #2899, #3188, #575 ) ;
#22 = AXIS2_PLACEMENT_3D ( 'NONE', #2357, #1373, #2666 ) ;
#23 = VECTOR ( 'NONE', #3734, 1000.000000000000000 ) ;
#24 = EDGE_CURVE ( 'NONE', #1995, #3595, #4251, .T. ) ;
#25 = FACE_OUTER_BOUND ( 'NONE', #2523, .T. ) ;
#26 = VECTOR ( 'NONE', #251, 1000.000000000000000 ) ;
#27 = VECTOR ( 'NONE', #3263, 1000.000000000000000 ) ;
#28 = APPROVAL_ROLE ( '' ) ;
#29 = EDGE_LOOP ( 'NONE', ( #3248, #180, #1153, #2728 ) ) ;
#30 = ADVANCED_FACE ( 'NONE', ( #3549 ), #3185, .T. ) ;
#31 = AXIS2_PLACEMENT_3D ( 'NONE', #320, #2898, #1290 ) ;
#32 = AXIS2_PLACEMENT_3D ( 'NONE', #1759, #1129, #485 ) ;
#33 = ORIENTED_EDGE ( 'NONE', *, *, #587, .F. ) ;
#34 = DIRECTION ( 'NONE',  ( 0.000000000000000000, 0.000000000000000000, 1.000000000000000000 ) ) ;
#35 = CIRCLE ( 'NONE', #3299, 1.999999999999994893 ) ;
#36 = FACE_BOUND ( 'NONE', #1747, .T. ) ;
#37 = ADVANCED_FACE ( 'NONE', ( #1195 ), #934, .F. ) ;
#38 = DIRECTION ( 'NONE',  ( -0.000000000000000000, 1.000000000000000000, -0.000000000000000000 ) ) ;
#39 = ORIENTED_EDGE ( 'NONE', *, *, #843, .F. ) ;
#40 = ORIENTED_EDGE ( 'NONE', *, *, #1073, .F. ) ;
#41 = CARTESIAN_POINT ( 'NONE',  ( -23.02069052251176018, 0.000000000000000000, 84.65387526922687300 ) ) ;
#42 = DIRECTION ( 'NONE',  ( 7.138779736530069592E-17, 0.000000000000000000, -1.000000000000000000 ) ) ;
#43 = EDGE_CURVE ( 'NONE', #2751, #2094, #3842, .T. ) ;
#44 = CARTESIAN_POINT ( 'NONE',  ( -49.56049133996039302, 0.000000000000000000, -140.0000000000000000 ) ) ;
#45 = ORIENTED_EDGE ( 'NONE', *, *, #4097, .F. ) ;
#46 = PLANE ( 'NONE',  #2181 ) ;
#47 = CARTESIAN_POINT ( 'NONE',  ( 103.1118043018568500, 0.000000000000000000, -135.4984422207206194 ) ) ;
#48 = CARTESIAN_POINT ( 'NONE',  ( 82.02773986518441518, 9.500000000000000000, 87.67493557501117607 ) ) ;
#49 = FACE_BOUND ( 'NONE', #2312, .T. ) ;
#50 =( LENGTH_UNIT ( ) NAMED_UNIT ( * ) SI_UNIT ( .MILLI., .METRE. ) );
#51 = EDGE_LOOP ( 'NONE', ( #3985, #2539 ) ) ;
#52 = ORIENTED_EDGE ( 'NONE', *, *, #757, .F. ) ;
#53 = EDGE_CURVE ( 'NONE', #2389, #3294, #1602, .T. ) ;
#54 = LINE ( 'NONE', #3058, #362 ) ;
#55 = FACE_BOUND ( 'NONE', #141, .T. ) ;
#56 = LINE ( 'NONE', #76, #1127 ) ;
#57 = ORIENTED_EDGE ( 'NONE', *, *, #2144, .T. ) ;
#58 = ORIENTED_EDGE ( 'NONE', *, *, #24, .T. ) ;
#59 = DIRECTION ( 'NONE',  ( -1.000000000000000000, 0.000000000000000000, 0.000000000000000000 ) ) ;
#60 = ADVANCED_FACE ( 'NONE', ( #953 ), #888, .F. ) ;
#61 = CARTESIAN_POINT ( 'NONE',  ( 69.83982215491732859, 13.50000000000000000, -92.36594344762063713 ) ) ;
#62 = CARTESIAN_POINT ( 'NONE',  ( -81.02069052251175663, -1.500000000000000000, 81.45387526922687016 ) ) ;
#63 = LINE ( 'NONE', #1429, #1888 ) ;
#64 = ORIENTED_EDGE ( 'NONE', *, *, #1483, .T. ) ;
#65 = EDGE_CURVE ( 'NONE', #1182, #3019, #2368, .T. ) ;
#66 = DIRECTION ( 'NONE',  ( -0.000000000000000000, 1.000000000000000000, -0.000000000000000000 ) ) ;
#67 = DIRECTION ( 'NONE',  ( 1.000000000000000000, -0.000000000000000000, -0.000000000000000000 ) ) ;
#68 = CARTESIAN_POINT ( 'NONE',  ( 8.932869354136176554, 3.499999999999999556, -50.43083063114010400 ) ) ;
#69 = PERSON_AND_ORGANIZATION ( #1039, #2381 ) ;
#70 = VERTEX_POINT ( 'NONE', #1565 ) ;
#71 = ORIENTED_EDGE ( 'NONE', *, *, #357, .F. ) ;
#72 = CARTESIAN_POINT ( 'NONE',  ( -23.02069052251176018, 3.500000000000000000, 81.45387526922685595 ) ) ;
#73 = ORIENTED_EDGE ( 'NONE', *, *, #4166, .F. ) ;
#74 = CARTESIAN_POINT ( 'NONE',  ( 0.000000000000000000, 23.50000000000000000, 0.000000000000000000 ) ) ;
#75 = CARTESIAN_POINT ( 'NONE',  ( -70.81739985512299995, 3.500000000000000000, -76.91072559085550608 ) ) ;
#76 = CARTESIAN_POINT ( 'NONE',  ( -41.74235515443771760, -6.500000000000000888, -108.7889526560728086 ) ) ;
#77 = ORIENTED_EDGE ( 'NONE', *, *, #1969, .T. ) ;
#78 = CIRCLE ( 'NONE', #3908, 2.000000000000001776 ) ;
#79 = EDGE_CURVE ( 'NONE', #1631, #2583, #3436, .T. ) ;
#80 = EDGE_CURVE ( 'NONE', #528, #3566, #114, .T. ) ;
#81 = ORIENTED_EDGE ( 'NONE', *, *, #2488, .F. ) ;
#82 = LINE ( 'NONE', #1378, #379 ) ;
#83 = CIRCLE ( 'NONE', #4126, 1.600000000000001865 ) ;
#84 = LINE ( 'NONE', #3730, #3785 ) ;
#85 = LINE ( 'NONE', #3796, #1897 ) ;
#86 = FACE_OUTER_BOUND ( 'NONE', #471, .T. ) ;
#87 = ADVANCED_FACE ( 'NONE', ( #86 ), #314, .F. ) ;
#88 = CARTESIAN_POINT ( 'NONE',  ( 54.88746655341842029, 3.500000000000000000, 41.55453552836385711 ) ) ;
#89 = ADVANCED_FACE ( 'NONE', ( #638 ), #2099, .T. ) ;
#90 = ORIENTED_EDGE ( 'NONE', *, *, #3620, .T. ) ;
#91 = AXIS2_PLACEMENT_3D ( 'NONE', #3060, #1077, #3746 ) ;
#92 = CARTESIAN_POINT ( 'NONE',  ( -110.0000000000000284, 0.000000000000000000, -140.0000000000000000 ) ) ;
#93 = DIRECTION ( 'NONE',  ( -0.000000000000000000, -0.000000000000000000, -1.000000000000000000 ) ) ;
#94 = DIRECTION ( 'NONE',  ( 0.000000000000000000, 0.000000000000000000, 1.000000000000000000 ) ) ;
#95 = FACE_BOUND ( 'NONE', #2495, .T. ) ;
#96 = VECTOR ( 'NONE', #3191, 1000.000000000000000 ) ;
#97 = AXIS2_PLACEMENT_3D ( 'NONE', #2432, #2016, #116 ) ;
#98 = EDGE_CURVE ( 'NONE', #3852, #3237, #1391, .T. ) ;
#99 = ORIENTED_EDGE ( 'NONE', *, *, #3718, .F. ) ;
#100 = FACE_OUTER_BOUND ( 'NONE', #195, .T. ) ;
#101 = VERTEX_POINT ( 'NONE', #3395 ) ;
#102 = CC_DESIGN_SECURITY_CLASSIFICATION ( #3859, ( #3504 ) ) ;
#103 = FACE_OUTER_BOUND ( 'NONE', #420, .T. ) ;
#104 = CARTESIAN_POINT ( 'NONE',  ( -94.00000000000002842, 0.000000000000000000, 72.65827857275333201 ) ) ;
#105 = CARTESIAN_POINT ( 'NONE',  ( 63.60996136188994399, 3.499999999999999556, -57.27554995058955711 ) ) ;
#106 = ORIENTED_EDGE ( 'NONE', *, *, #1371, .F. ) ;
#107 = VECTOR ( 'NONE', #470, 1000.000000000000000 ) ;
#108 = AXIS2_PLACEMENT_3D ( 'NONE', #1385, #2719, #3003 ) ;
#109 = ORIENTED_EDGE ( 'NONE', *, *, #1231, .T. ) ;
#110 = AXIS2_PLACEMENT_3D ( 'NONE', #1566, #3645, #4303 ) ;
#111 = VECTOR ( 'NONE', #3532, 1000.000000000000000 ) ;
#112 = EDGE_CURVE ( 'NONE', #345, #3391, #502, .T. ) ;
#113 = CYLINDRICAL_SURFACE ( 'NONE', #2593, 1.600000000000001865 ) ;
#114 = LINE ( 'NONE', #715, #1189 ) ;
#115 = VECTOR ( 'NONE', #118, 1000.000000000000000 ) ;
#116 = DIRECTION ( 'NONE',  ( 0.000000000000000000, 0.000000000000000000, -1.000000000000000000 ) ) ;
#117 = ORIENTED_EDGE ( 'NONE', *, *, #1550, .T. ) ;
#118 = DIRECTION ( 'NONE',  ( 0.000000000000000000, 0.000000000000000000, -1.000000000000000000 ) ) ;
#119 = CARTESIAN_POINT ( 'NONE',  ( 5.262523113483074333, 9.500000000000000000, -13.06145784142133337 ) ) ;
#120 = ORIENTED_EDGE ( 'NONE', *, *, #3640, .F. ) ;
#121 = DIRECTION ( 'NONE',  ( -1.000000000000000000, 0.000000000000000000, -0.000000000000000000 ) ) ;
#122 = VERTEX_POINT ( 'NONE', #2304 ) ;
#123 = EDGE_CURVE ( 'NONE', #3825, #1937, #1101, .T. ) ;
#124 = DIRECTION ( 'NONE',  ( -0.000000000000000000, 1.000000000000000000, -0.000000000000000000 ) ) ;
#125 = LINE ( 'NONE', #2052, #1558 ) ;
#126 = ORIENTED_EDGE ( 'NONE', *, *, #4155, .T. ) ;
#127 = ORIENTED_EDGE ( 'NONE', *, *, #687, .T. ) ;
#128 = DIRECTION ( 'NONE',  ( -1.063227738497075353E-15, 0.000000000000000000, 1.000000000000000000 ) ) ;
#129 = CARTESIAN_POINT ( 'NONE',  ( 42.25764484556228950, 3.500000000000000000, -140.6889526560728143 ) ) ;
#130 = DIRECTION ( 'NONE',  ( -0.000000000000000000, -1.000000000000000000, 0.000000000000000000 ) ) ;
#131 = ORIENTED_EDGE ( 'NONE', *, *, #2263, .F. ) ;
#132 = CARTESIAN_POINT ( 'NONE',  ( 100.5625231134830670, 2.899999999999999911, 0.000000000000000000 ) ) ;
#133 = ADVANCED_FACE ( 'NONE', ( #2964 ), #1778, .F. ) ;
#134 = PLANE ( 'NONE',  #307 ) ;
#135 = ORIENTED_EDGE ( 'NONE', *, *, #3827, .T. ) ;
#136 = VERTEX_POINT ( 'NONE', #4302 ) ;
#137 = CARTESIAN_POINT ( 'NONE',  ( 63.60996136188994399, 3.499999999999999556, -57.27554995058955711 ) ) ;
#138 = ORIENTED_EDGE ( 'NONE', *, *, #1033, .T. ) ;
#139 = DIRECTION ( 'NONE',  ( 1.000000000000000000, 0.000000000000000000, 0.000000000000000000 ) ) ;
#140 = DIRECTION ( 'NONE',  ( -0.000000000000000000, 1.000000000000000000, -0.000000000000000000 ) ) ;
#141 = EDGE_LOOP ( 'NONE', ( #3103, #2856 ) ) ;
#142 = ADVANCED_FACE ( 'NONE', ( #3967 ), #2411, .T. ) ;
#143 = ORIENTED_EDGE ( 'NONE', *, *, #3996, .F. ) ;
#144 = CARTESIAN_POINT ( 'NONE',  ( -70.81739985512299995, 13.50000000000000000, -76.91072559085550608 ) ) ;
#145 = ORIENTED_EDGE ( 'NONE', *, *, #382, .T. ) ;
#146 = CARTESIAN_POINT ( 'NONE',  ( 2.262523113483074333, 2.899999999999999911, 95.33854215857867587 ) ) ;
#147 = LINE ( 'NONE', #3457, #1258 ) ;
#148 = EDGE_CURVE ( 'NONE', #3110, #3015, #2037, .T. ) ;
#149 = EDGE_CURVE ( 'NONE', #4061, #3129, #4186, .T. ) ;
#150 = CARTESIAN_POINT ( 'NONE',  ( 80.99248113370278190, -16.50000000000000000, 41.55453552836387132 ) ) ;
#151 = ORIENTED_EDGE ( 'NONE', *, *, #3296, .T. ) ;
#152 = VECTOR ( 'NONE', #3773, 1000.000000000000000 ) ;
#153 = CARTESIAN_POINT ( 'NONE',  ( 82.93286935413618721, 3.499999999999999556, -50.43083063114010400 ) ) ;
#154 = EDGE_LOOP ( 'NONE', ( #4053, #3253, #106, #2376 ) ) ;
#155 = AXIS2_PLACEMENT_3D ( 'NONE', #2546, #2125, #1319 ) ;
#156 = DIRECTION ( 'NONE',  ( 0.000000000000000000, 0.000000000000000000, 1.000000000000000000 ) ) ;
#157 = FACE_OUTER_BOUND ( 'NONE', #3662, .T. ) ;
#158 = EDGE_CURVE ( 'NONE', #1918, #2670, #3115, .T. ) ;
#159 = LINE ( 'NONE', #1604, #1140 ) ;
#160 = ORIENTED_EDGE ( 'NONE', *, *, #1833, .F. ) ;
#161 = ORIENTED_EDGE ( 'NONE', *, *, #112, .T. ) ;
#162 = VECTOR ( 'NONE', #4177, 1000.000000000000000 ) ;
#164 = EDGE_CURVE ( 'NONE', #2627, #1138, #2580, .T. ) ;
#163 = DIRECTION ( 'NONE',  ( 1.000000000000000000, 0.000000000000000000, 0.000000000000000000 ) ) ;
#165 = EDGE_CURVE ( 'NONE', #3982, #2176, #3044, .T. ) ;
#166 = ORIENTED_EDGE ( 'NONE', *, *, #80, .T. ) ;
#167 = VECTOR ( 'NONE', #4191, 1000.000000000000000 ) ;
#168 = VECTOR ( 'NONE', #2253, 1000.000000000000000 ) ;
#169 = ORIENTED_EDGE ( 'NONE', *, *, #1890, .T. ) ;
#170 = DIRECTION ( 'NONE',  ( 0.000000000000000000, 0.000000000000000000, 1.000000000000000000 ) ) ;
#171 = AXIS2_PLACEMENT_3D ( 'NONE', #2339, #2029, #3036 ) ;
#172 = CARTESIAN_POINT ( 'NONE',  ( -68.60989732364136273, 3.500000000000000000, -9.100897113196483090 ) ) ;
#173 = LINE ( 'NONE', #2498, #3911 ) ;
#174 = FACE_OUTER_BOUND ( 'NONE', #1847, .T. ) ;
#175 = EDGE_LOOP ( 'NONE', ( #4032, #2201, #1506, #4161 ) ) ;
#176 = VECTOR ( 'NONE', #3868, 1000.000000000000000 ) ;
#177 = VECTOR ( 'NONE', #4321, 1000.000000000000000 ) ;
#178 = ADVANCED_FACE ( 'NONE', ( #3732 ), #418, .F. ) ;
#179 = LINE ( 'NONE', #440, #4149 ) ;
#180 = ORIENTED_EDGE ( 'NONE', *, *, #3384, .F. ) ;
#181 = CARTESIAN_POINT ( 'NONE',  ( 69.83982215491732859, 3.500000000000000000, -92.36594344762063713 ) ) ;
#182 = VERTEX_POINT ( 'NONE', #2079 ) ;
#183 = CARTESIAN_POINT ( 'NONE',  ( 96.31225393141707514, 3.500000000000000000, 14.30447696208897490 ) ) ;
#184 = DIRECTION ( 'NONE',  ( 0.000000000000000000, 0.000000000000000000, -1.000000000000000000 ) ) ;
#185 = ORIENTED_EDGE ( 'NONE', *, *, #2064, .T. ) ;
#186 = EDGE_LOOP ( 'NONE', ( #385, #2910, #1738, #2475 ) ) ;
#187 = CARTESIAN_POINT ( 'NONE',  ( 80.93286935413618721, 3.500000000000000000, -55.27554995058955711 ) ) ;
#188 = ORIENTED_EDGE ( 'NONE', *, *, #2123, .F. ) ;
#189 = EDGE_CURVE ( 'NONE', #816, #3652, #3412, .T. ) ;
#190 = ORIENTED_EDGE ( 'NONE', *, *, #2714, .F. ) ;
#191 = ORIENTED_EDGE ( 'NONE', *, *, #2413, .T. ) ;
#192 = PLANE ( 'NONE',  #1406 ) ;
#193 = DIRECTION ( 'NONE',  ( -1.000000000000000000, 0.000000000000000000, 0.000000000000000000 ) ) ;
#194 = CARTESIAN_POINT ( 'NONE',  ( 34.59899631325689739, 23.50000000000000000, -34.97554995058955285 ) ) ;
#195 = EDGE_LOOP ( 'NONE', ( #3697, #958, #1029, #4157 ) ) ;
#196 = ORIENTED_EDGE ( 'NONE', *, *, #2556, .T. ) ;
#197 = ORIENTED_EDGE ( 'NONE', *, *, #1971, .T. ) ;
#198 = EDGE_CURVE ( 'NONE', #2094, #2751, #83, .T. ) ;
#199 = CARTESIAN_POINT ( 'NONE',  ( 63.60996136188994399, 3.499999999999999556, -32.97554995058955996 ) ) ;
#200 = CARTESIAN_POINT ( 'NONE',  ( -110.0000000000000284, 3.500000000000000000, -140.0000000000000000 ) ) ;
#201 = ORIENTED_EDGE ( 'NONE', *, *, #3929, .T. ) ;
#202 = EDGE_CURVE ( 'NONE', #816, #1474, #2189, .T. ) ;
#203 = CARTESIAN_POINT ( 'NONE',  ( -94.00000000000002842, 3.500000000000000000, 42.65827857275333912 ) ) ;
#204 = DIRECTION ( 'NONE',  ( 0.000000000000000000, 0.000000000000000000, -1.000000000000000000 ) ) ;
#205 = VERTEX_POINT ( 'NONE', #3192 ) ;
#206 = ORIENTED_EDGE ( 'NONE', *, *, #959, .T. ) ;
#207 = FACE_OUTER_BOUND ( 'NONE', #1356, .T. ) ;
#208 = EDGE_CURVE ( 'NONE', #3147, #891, #526, .T. ) ;
#209 = DIRECTION ( 'NONE',  ( -0.000000000000000000, -1.000000000000000000, -0.000000000000000000 ) ) ;
#210 = DIRECTION ( 'NONE',  ( 0.000000000000000000, 0.000000000000000000, 1.000000000000000000 ) ) ;
#211 = EDGE_CURVE ( 'NONE', #1511, #2767, #147, .T. ) ;
#212 = FACE_OUTER_BOUND ( 'NONE', #730, .T. ) ;
#213 = ORIENTED_EDGE ( 'NONE', *, *, #4160, .T. ) ;
#214 = EDGE_CURVE ( 'NONE', #767, #2017, #857, .T. ) ;
#215 = VECTOR ( 'NONE', #1642, 1000.000000000000000 ) ;
#216 = CARTESIAN_POINT ( 'NONE',  ( 34.59899631325689739, 23.50000000000000000, -57.27554995058955711 ) ) ;
#217 = AXIS2_PLACEMENT_3D ( 'NONE', #3621, #4078, #758 ) ;
#218 = EDGE_CURVE ( 'NONE', #1376, #3566, #3348, .T. ) ;
#219 = CARTESIAN_POINT ( 'NONE',  ( 82.02773986518441518, 2.899999999999999911, 95.33854215857867587 ) ) ;
#220 = DIRECTION ( 'NONE',  ( -0.000000000000000000, 1.000000000000000000, -0.000000000000000000 ) ) ;
#221 = LINE ( 'NONE', #890, #3729 ) ;
#222 = ORIENTED_EDGE ( 'NONE', *, *, #3564, .T. ) ;
#223 = DIRECTION ( 'NONE',  ( -0.000000000000000000, -0.000000000000000000, -1.000000000000000000 ) ) ;
#224 = ADVANCED_FACE ( 'NONE', ( #3797 ), #1467, .F. ) ;
#225 = ORIENTED_EDGE ( 'NONE', *, *, #112, .F. ) ;
#226 = ORIENTED_EDGE ( 'NONE', *, *, #3607, .F. ) ;
#227 = VECTOR ( 'NONE', #1973, 1000.000000000000000 ) ;
#228 = CARTESIAN_POINT ( 'NONE',  ( -103.1118043018568784, 0.000000000000000000, -95.19844222071972695 ) ) ;
#229 = ADVANCED_FACE ( 'NONE', ( #3878 ), #3542, .F. ) ;
#230 = DIRECTION ( 'NONE',  ( -0.000000000000000000, 1.000000000000000000, -0.000000000000000000 ) ) ;
#231 = CYLINDRICAL_SURFACE ( 'NONE', #2653, 1.999999999999974021 ) ;
#232 = VECTOR ( 'NONE', #4288, 1000.000000000000000 ) ;
#233 = CIRCLE ( 'NONE', #1757, 1.600000000000004086 ) ;
#234 = DIRECTION ( 'NONE',  ( -0.000000000000000000, 1.000000000000000000, -0.000000000000000000 ) ) ;
#235 = ORIENTED_EDGE ( 'NONE', *, *, #2521, .F. ) ;
#236 = LOCAL_TIME ( 12, 25, 36.00000000000000000, #3971 ) ;
#237 = CIRCLE ( 'NONE', #1204, 2.000000000000001776 ) ;
#238 = AXIS2_PLACEMENT_3D ( 'NONE', #2118, #3451, #2437 ) ;
#239 = CARTESIAN_POINT ( 'NONE',  ( 100.5625231134830670, 9.500000000000000000, 14.30447696208897490 ) ) ;
#240 = CARTESIAN_POINT ( 'NONE',  ( -23.02069052251176018, 0.000000000000000000, 83.05387526922686448 ) ) ;
#241 = VECTOR ( 'NONE', #2497, 1000.000000000000000 ) ;
#242 = VERTEX_POINT ( 'NONE', #2801 ) ;
#243 = AXIS2_PLACEMENT_3D ( 'NONE', #1801, #2169, #3463 ) ;
#244 = CARTESIAN_POINT ( 'NONE',  ( -23.02069052251176018, 0.000000000000000000, -4.546124730773126288 ) ) ;
#245 = ADVANCED_FACE ( 'NONE', ( #1493 ), #231, .F. ) ;
#246 = AXIS2_PLACEMENT_3D ( 'NONE', #3622, #1221, #3262 ) ;
#247 = DIRECTION ( 'NONE',  ( -0.000000000000000000, -1.000000000000000000, 0.000000000000000000 ) ) ;
#248 = LINE ( 'NONE', #639, #1004 ) ;
#249 = CARTESIAN_POINT ( 'NONE',  ( -80.99248113370278190, -16.50000000000000000, 41.55453552836380027 ) ) ;
#250 = ORIENTED_EDGE ( 'NONE', *, *, #4204, .T. ) ;
#251 = DIRECTION ( 'NONE',  ( -0.000000000000000000, -1.000000000000000000, -0.000000000000000000 ) ) ;
#252 = CIRCLE ( 'NONE', #933, 1.600000000000004086 ) ;
#253 = CARTESIAN_POINT ( 'NONE',  ( 82.02773986518441518, 9.500000000000000000, 87.67493557501117607 ) ) ;
#254 = ORIENTED_EDGE ( 'NONE', *, *, #2787, .F. ) ;
#255 = ADVANCED_FACE ( 'NONE', ( #3153 ), #499, .F. ) ;
#256 = CARTESIAN_POINT ( 'NONE',  ( 69.83982215491732859, 13.50000000000000000, -92.36594344762063713 ) ) ;
#257 = CARTESIAN_POINT ( 'NONE',  ( -102.0000000000000284, 3.500000000000000000, 28.65827857275333912 ) ) ;
#258 = CARTESIAN_POINT ( 'NONE',  ( -70.81739985512299995, 13.50000000000000000, -88.56225083013769961 ) ) ;
#259 = ORIENTED_EDGE ( 'NONE', *, *, #4020, .F. ) ;
#260 = CARTESIAN_POINT ( 'NONE',  ( -73.58216855596961636, 13.50000000000000000, -76.91072559085550608 ) ) ;
#261 = DIRECTION ( 'NONE',  ( 1.000000000000000000, 0.000000000000000000, 0.000000000000000000 ) ) ;
#262 = ORIENTED_EDGE ( 'NONE', *, *, #3018, .F. ) ;
#263 = LINE ( 'NONE', #2962, #2395 ) ;
#264 = VERTEX_POINT ( 'NONE', #1555 ) ;
#265 = ORIENTED_EDGE ( 'NONE', *, *, #2687, .F. ) ;
#266 = DIRECTION ( 'NONE',  ( -0.000000000000000000, -1.000000000000000000, 0.000000000000000000 ) ) ;
#267 = ADVANCED_FACE ( 'NONE', ( #3524 ), #820, .F. ) ;
#268 = DIRECTION ( 'NONE',  ( -1.000000000000000000, -0.000000000000000000, -0.000000000000000000 ) ) ;
#269 = VERTEX_POINT ( 'NONE', #1816 ) ;
#270 = PLANE ( 'NONE',  #4138 ) ;
#271 = CARTESIAN_POINT ( 'NONE',  ( -80.99248113370278190, 0.000000000000000000, 0.000000000000000000 ) ) ;
#272 = EDGE_CURVE ( 'NONE', #3287, #3129, #173, .T. ) ;
#273 = ORIENTED_EDGE ( 'NONE', *, *, #2271, .F. ) ;
#274 = EDGE_LOOP ( 'NONE', ( #1327, #1664 ) ) ;
#275 = EDGE_CURVE ( 'NONE', #1641, #2215, #3205, .T. ) ;
#276 = LINE ( 'NONE', #2249, #3007 ) ;
#277 = DIRECTION ( 'NONE',  ( -1.000000000000000000, -0.000000000000000000, -0.000000000000000000 ) ) ;
#278 = EDGE_LOOP ( 'NONE', ( #3714, #2657, #3140, #265 ) ) ;
#279 = CARTESIAN_POINT ( 'NONE',  ( -80.99248113370278190, 0.000000000000000000, 77.47682054909699900 ) ) ;
#280 = VERTEX_POINT ( 'NONE', #3835 ) ;
#281 = DIRECTION ( 'NONE',  ( -7.138779736530069592E-17, -0.000000000000000000, 1.000000000000000000 ) ) ;
#282 = LINE ( 'NONE', #3280, #3935 ) ;
#283 = ORIENTED_EDGE ( 'NONE', *, *, #4223, .T. ) ;
#284 = CARTESIAN_POINT ( 'NONE',  ( -103.1118043018568784, 0.000000000000000000, -137.4984422207197099 ) ) ;
#285 = DIRECTION ( 'NONE',  ( 0.000000000000000000, 0.000000000000000000, 1.000000000000000000 ) ) ;
#286 = PLANE ( 'NONE',  #387 ) ;
#287 = AXIS2_PLACEMENT_3D ( 'NONE', #200, #1286, #2849 ) ;
#288 = LINE ( 'NONE', #3887, #27 ) ;
#289 = VERTEX_POINT ( 'NONE', #3177 ) ;
#290 = DIRECTION ( 'NONE',  ( -0.000000000000000000, 1.000000000000000000, -0.000000000000000000 ) ) ;
#291 = EDGE_CURVE ( 'NONE', #3652, #3529, #1186, .T. ) ;
#292 = PLANE ( 'NONE',  #3431 ) ;
#293 = ORIENTED_EDGE ( 'NONE', *, *, #2344, .T. ) ;
#294 = CIRCLE ( 'NONE', #4185, 1.600000000000004086 ) ;
#295 = ORIENTED_EDGE ( 'NONE', *, *, #3239, .T. ) ;
#296 = CIRCLE ( 'NONE', #1677, 2.000000000000001776 ) ;
#297 = VERTEX_POINT ( 'NONE', #2517 ) ;
#298 = EDGE_CURVE ( 'NONE', #767, #297, #4197, .T. ) ;
#299 = CARTESIAN_POINT ( 'NONE',  ( 0.000000000000000000, 2.899999999999999911, 95.33854215857867587 ) ) ;
#300 = DIRECTION ( 'NONE',  ( -1.000000000000000000, 0.000000000000000000, 0.000000000000000000 ) ) ;
#301 = FACE_OUTER_BOUND ( 'NONE', #4230, .T. ) ;
#302 = ORIENTED_EDGE ( 'NONE', *, *, #1533, .T. ) ;
#303 = VECTOR ( 'NONE', #1458, 1000.000000000000000 ) ;
#304 = PLANE ( 'NONE',  #1274 ) ;
#305 = ORIENTED_EDGE ( 'NONE', *, *, #18, .F. ) ;
#306 = LINE ( 'NONE', #2630, #227 ) ;
#307 = AXIS2_PLACEMENT_3D ( 'NONE', #199, #3823, #3883 ) ;
#308 = DIRECTION ( 'NONE',  ( 0.000000000000000000, 0.000000000000000000, -1.000000000000000000 ) ) ;
#309 = ORIENTED_EDGE ( 'NONE', *, *, #459, .T. ) ;
#310 = CARTESIAN_POINT ( 'NONE',  ( -110.0000000000000142, 3.500000000000000000, 99.99999999999997158 ) ) ;
#311 = AXIS2_PLACEMENT_3D ( 'NONE', #2142, #4201, #3525 ) ;
#312 = ADVANCED_FACE ( 'NONE', ( #548 ), #2861, .F. ) ;
#313 = ORIENTED_EDGE ( 'NONE', *, *, #2556, .F. ) ;
#314 = CYLINDRICAL_SURFACE ( 'NONE', #1120, 1.600000000000004086 ) ;
#315 = VECTOR ( 'NONE', #3288, 1000.000000000000000 ) ;
#316 = DIRECTION ( 'NONE',  ( -1.000000000000000000, 0.000000000000000000, -0.000000000000000000 ) ) ;
#317 = VECTOR ( 'NONE', #3355, 1000.000000000000000 ) ;
#318 = DIRECTION ( 'NONE',  ( 0.000000000000000000, 0.000000000000000000, -1.000000000000000000 ) ) ;
#319 = VERTEX_POINT ( 'NONE', #3611 ) ;
#320 = CARTESIAN_POINT ( 'NONE',  ( 82.93286935413618721, 23.50000000000000000, -32.97554995058955996 ) ) ;
#321 = VECTOR ( 'NONE', #3027, 1000.000000000000000 ) ;
#322 = CIRCLE ( 'NONE', #861, 1.999999999999988010 ) ;
#323 = PERSON_AND_ORGANIZATION ( #1039, #2381 ) ;
#324 = ORIENTED_EDGE ( 'NONE', *, *, #562, .T. ) ;
#325 = VECTOR ( 'NONE', #2227, 1000.000000000000000 ) ;
#326 = ORIENTED_EDGE ( 'NONE', *, *, #413, .T. ) ;
#327 = PLANE ( 'NONE',  #2851 ) ;
#328 = FACE_BOUND ( 'NONE', #1524, .T. ) ;
#329 = DIRECTION ( 'NONE',  ( -0.000000000000000000, -0.000000000000000000, 1.000000000000000000 ) ) ;
#330 = ORIENTED_EDGE ( 'NONE', *, *, #352, .F. ) ;
#331 = EDGE_CURVE ( 'NONE', #297, #4045, #4242, .T. ) ;
#332 = CARTESIAN_POINT ( 'NONE',  ( -10.60989732364136984, -6.500000000000000888, -58.10089711319649552 ) ) ;
#333 = EDGE_LOOP ( 'NONE', ( #3201, #3775, #151, #3454 ) ) ;
#334 = DIRECTION ( 'NONE',  ( 1.982541115402065110E-16, -0.000000000000000000, 1.000000000000000000 ) ) ;
#335 = EDGE_LOOP ( 'NONE', ( #4319, #4072, #2156, #494 ) ) ;
#336 = CARTESIAN_POINT ( 'NONE',  ( -41.74235515443771760, 3.500000000000000000, -108.7889526560728086 ) ) ;
#337 = ORIENTED_EDGE ( 'NONE', *, *, #3849, .T. ) ;
#338 = PLANE ( 'NONE',  #2677 ) ;
#339 = ADVANCED_FACE ( 'NONE', ( #627 ), #3914, .F. ) ;
#340 = LINE ( 'NONE', #974, #177 ) ;
#341 = CARTESIAN_POINT ( 'NONE',  ( 80.93286935413618721, 23.50000000000000000, -55.27554995058955711 ) ) ;
#342 = PERSON_AND_ORGANIZATION ( #1039, #2381 ) ;
#343 = EDGE_LOOP ( 'NONE', ( #1392, #409 ) ) ;
#344 = CARTESIAN_POINT ( 'NONE',  ( 80.93286935413618721, 23.50000000000000000, -34.97554995058955996 ) ) ;
#345 = VERTEX_POINT ( 'NONE', #2252 ) ;
#346 = CARTESIAN_POINT ( 'NONE',  ( 109.9999999999999716, 3.500000000000000000, 99.99999999999997158 ) ) ;
#347 = FACE_BOUND ( 'NONE', #2796, .T. ) ;
#348 = CYLINDRICAL_SURFACE ( 'NONE', #907, 1.600000000000004086 ) ;
#349 = EDGE_LOOP ( 'NONE', ( #3671, #1684, #4081, #693 ) ) ;
#350 = FACE_OUTER_BOUND ( 'NONE', #3599, .T. ) ;
#351 = ORIENTED_EDGE ( 'NONE', *, *, #612, .F. ) ;
#352 = EDGE_CURVE ( 'NONE', #3131, #3946, #3978, .T. ) ;
#353 = CYLINDRICAL_SURFACE ( 'NONE', #2239, 2.000000000000001776 ) ;
#354 = EDGE_CURVE ( 'NONE', #864, #2707, #984, .T. ) ;
#355 = CARTESIAN_POINT ( 'NONE',  ( -10.60989732364136451, 0.000000000000000000, -10.85089711319649020 ) ) ;
#356 = VERTEX_POINT ( 'NONE', #2317 ) ;
#357 = EDGE_CURVE ( 'NONE', #3367, #280, #3661, .T. ) ;
#358 = CARTESIAN_POINT ( 'NONE',  ( 94.00000000000000000, 0.000000000000000000, 74.65827857275344570 ) ) ;
#359 = DIRECTION ( 'NONE',  ( -0.000000000000000000, 1.000000000000000000, -0.000000000000000000 ) ) ;
#360 = APPLICATION_PROTOCOL_DEFINITION ( 'international standard', 'config_control_design', 1994, #3884 ) ;
#361 = ORIENTED_EDGE ( 'NONE', *, *, #684, .F. ) ;
#362 = VECTOR ( 'NONE', #2704, 1000.000000000000000 ) ;
#363 = ORIENTED_EDGE ( 'NONE', *, *, #2795, .F. ) ;
#364 = EDGE_CURVE ( 'NONE', #136, #2138, #1463, .T. ) ;
#365 = CC_DESIGN_PERSON_AND_ORGANIZATION_ASSIGNMENT ( #323, #2701, ( #1804 ) ) ;
#366 = CARTESIAN_POINT ( 'NONE',  ( 109.9999999999999716, 3.500000000000000000, 99.99999999999997158 ) ) ;
#367 = DIRECTION ( 'NONE',  ( 1.000000000000000000, -0.000000000000000000, 7.138779736530069592E-17 ) ) ;
#368 = AXIS2_PLACEMENT_3D ( 'NONE', #879, #3207, #210 ) ;
#369 = DIRECTION ( 'NONE',  ( -0.000000000000000000, -1.000000000000000000, 0.000000000000000000 ) ) ;
#370 = ORIENTED_EDGE ( 'NONE', *, *, #784, .T. ) ;
#371 = ORIENTED_EDGE ( 'NONE', *, *, #2708, .T. ) ;
#372 = LINE ( 'NONE', #2362, #2671 ) ;
#373 = DIRECTION ( 'NONE',  ( 0.000000000000000000, 0.000000000000000000, 1.000000000000000000 ) ) ;
#374 = FACE_OUTER_BOUND ( 'NONE', #3874, .T. ) ;
#375 = ORIENTED_EDGE ( 'NONE', *, *, #4236, .T. ) ;
#376 = CIRCLE ( 'NONE', #4134, 1.600000000000004086 ) ;
#377 = CARTESIAN_POINT ( 'NONE',  ( 102.0000000000000853, 0.000000000000000000, 30.65827857275351320 ) ) ;
#378 = CARTESIAN_POINT ( 'NONE',  ( -70.16017784508268562, 33.50000000000000000, 0.000000000000000000 ) ) ;
#379 = VECTOR ( 'NONE', #2672, 1000.000000000000000 ) ;
#380 = EDGE_CURVE ( 'NONE', #1968, #3510, #296, .T. ) ;
#381 = CARTESIAN_POINT ( 'NONE',  ( -81.02069052251175663, 0.000000000000000000, 83.05387526922687869 ) ) ;
#382 = EDGE_CURVE ( 'NONE', #4114, #1916, #2794, .T. ) ;
#383 = AXIS2_PLACEMENT_3D ( 'NONE', #2985, #3953, #3603 ) ;
#384 = FACE_OUTER_BOUND ( 'NONE', #2875, .T. ) ;
#385 = ORIENTED_EDGE ( 'NONE', *, *, #3334, .F. ) ;
#386 = VERTEX_POINT ( 'NONE', #3326 ) ;
#387 = AXIS2_PLACEMENT_3D ( 'NONE', #1308, #617, #935 ) ;
#388 = CIRCLE ( 'NONE', #3373, 1.749999999999994671 ) ;
#389 = ORIENTED_EDGE ( 'NONE', *, *, #3844, .F. ) ;
#390 = FACE_OUTER_BOUND ( 'NONE', #2879, .T. ) ;
#391 = AXIS2_PLACEMENT_3D ( 'NONE', #3461, #1800, #3159 ) ;
#392 = FACE_BOUND ( 'NONE', #1658, .T. ) ;
#393 = LINE ( 'NONE', #2755, #648 ) ;
#394 = ADVANCED_FACE ( 'NONE', ( #3959 ), #348, .F. ) ;
#395 = VERTEX_POINT ( 'NONE', #2904 ) ;
#396 = ADVANCED_FACE ( 'NONE', ( #301 ), #4265, .F. ) ;
#397 = VERTEX_POINT ( 'NONE', #3634 ) ;
#398 = FACE_OUTER_BOUND ( 'NONE', #517, .T. ) ;
#399 = CARTESIAN_POINT ( 'NONE',  ( 80.99248113370275348, 3.500000000000000000, 77.47682054909707006 ) ) ;
#400 = DIRECTION ( 'NONE',  ( 0.000000000000000000, 1.000000000000000000, 0.000000000000000000 ) ) ;
#401 = DIRECTION ( 'NONE',  ( 0.000000000000000000, 0.000000000000000000, -1.000000000000000000 ) ) ;
#402 = ORIENTED_EDGE ( 'NONE', *, *, #2793, .F. ) ;
#403 = CARTESIAN_POINT ( 'NONE',  ( -81.02069052251175663, -1.500000000000000000, -1.346124730773111455 ) ) ;
#404 = CARTESIAN_POINT ( 'NONE',  ( -68.60989732364136273, 3.500000000000000000, -58.10089711319648842 ) ) ;
#405 = DIRECTION ( 'NONE',  ( 0.000000000000000000, 1.000000000000000000, -0.000000000000000000 ) ) ;
#406 = ADVANCED_FACE ( 'NONE', ( #2953 ), #3232, .F. ) ;
#407 = APPROVAL_DATE_TIME ( #2003, #4102 ) ;
#408 = EDGE_LOOP ( 'NONE', ( #3580, #4258, #2143, #946 ) ) ;
#409 = ORIENTED_EDGE ( 'NONE', *, *, #3199, .T. ) ;
#410 = CYLINDRICAL_SURFACE ( 'NONE', #22, 1.599999999999990319 ) ;
#411 = DIRECTION ( 'NONE',  ( 0.000000000000000000, 1.000000000000000000, 0.000000000000000000 ) ) ;
#412 = CARTESIAN_POINT ( 'NONE',  ( 103.1118043018568500, 0.000000000000000000, -135.4984422207206194 ) ) ;
#413 = EDGE_CURVE ( 'NONE', #1443, #578, #4128, .T. ) ;
#414 = EDGE_LOOP ( 'NONE', ( #3172, #997 ) ) ;
#415 = ORIENTED_EDGE ( 'NONE', *, *, #2779, .T. ) ;
#416 = LINE ( 'NONE', #3392, #3089 ) ;
#417 = DIRECTION ( 'NONE',  ( -0.000000000000000000, -1.000000000000000000, -0.000000000000000000 ) ) ;
#418 = CYLINDRICAL_SURFACE ( 'NONE', #217, 1.600000000000004086 ) ;
#419 = DIRECTION ( 'NONE',  ( 1.000000000000000000, -0.000000000000000000, -0.000000000000000000 ) ) ;
#420 = EDGE_LOOP ( 'NONE', ( #2254, #3841, #2505, #4307 ) ) ;
#421 = CYLINDRICAL_SURFACE ( 'NONE', #3658, 1.999999999999994893 ) ;
#422 = CARTESIAN_POINT ( 'NONE',  ( 80.93286935413618721, 23.50000000000000000, -50.43083063114010400 ) ) ;
#423 = FACE_BOUND ( 'NONE', #899, .T. ) ;
#424 = EDGE_LOOP ( 'NONE', ( #2494, #3179, #2342, #3462, #624, #3264 ) ) ;
#425 = DIRECTION ( 'NONE',  ( 1.000000000000000000, 0.000000000000000000, -0.000000000000000000 ) ) ;
#426 = ORIENTED_EDGE ( 'NONE', *, *, #3711, .T. ) ;
#427 = EDGE_CURVE ( 'NONE', #3715, #2277, #2221, .T. ) ;
#428 = CARTESIAN_POINT ( 'NONE',  ( -81.02069052251175663, 0.000000000000000000, -2.946124730773116873 ) ) ;
#429 = DIRECTION ( 'NONE',  ( 0.000000000000000000, 0.000000000000000000, -1.000000000000000000 ) ) ;
#430 = PLANE ( 'NONE',  #3706 ) ;
#431 = ORIENTED_EDGE ( 'NONE', *, *, #2979, .F. ) ;
#432 = ORIENTED_EDGE ( 'NONE', *, *, #3844, .T. ) ;
#433 = LINE ( 'NONE', #2321, #1760 ) ;
#434 = DIRECTION ( 'NONE',  ( 0.000000000000000000, 0.000000000000000000, 1.000000000000000000 ) ) ;
#435 = CARTESIAN_POINT ( 'NONE',  ( -41.74235515443771760, 3.500000000000000000, -110.3889526560728171 ) ) ;
#436 = CARTESIAN_POINT ( 'NONE',  ( -68.60989732364136273, -6.500000000000000888, -9.100897113196483090 ) ) ;
#437 = FACE_OUTER_BOUND ( 'NONE', #2662, .T. ) ;
#438 = ORIENTED_EDGE ( 'NONE', *, *, #98, .T. ) ;
#439 = AXIS2_PLACEMENT_3D ( 'NONE', #2359, #4068, #1360 ) ;
#440 = CARTESIAN_POINT ( 'NONE',  ( 0.000000000000000000, 16.00000000000000000, -13.06145784142133337 ) ) ;
#441 = EDGE_CURVE ( 'NONE', #1511, #3439, #2928, .T. ) ;
#442 = FACE_BOUND ( 'NONE', #3686, .T. ) ;
#443 = VECTOR ( 'NONE', #3957, 1000.000000000000000 ) ;
#444 = VECTOR ( 'NONE', #1803, 1000.000000000000000 ) ;
#445 = ORIENTED_EDGE ( 'NONE', *, *, #3312, .T. ) ;
#446 = CARTESIAN_POINT ( 'NONE',  ( -102.0000000000000284, 0.000000000000000000, 88.65827857275333201 ) ) ;
#447 = ORIENTED_EDGE ( 'NONE', *, *, #3814, .F. ) ;
#448 = VECTOR ( 'NONE', #3806, 1000.000000000000000 ) ;
#449 = DIRECTION ( 'NONE',  ( 1.000000000000000000, -0.000000000000000000, -0.000000000000000000 ) ) ;
#450 = CARTESIAN_POINT ( 'NONE',  ( -23.02069052251176018, 3.500000000000000000, -4.546124730773126288 ) ) ;
#451 = FACE_OUTER_BOUND ( 'NONE', #2237, .T. ) ;
#452 = ORIENTED_EDGE ( 'NONE', *, *, #3265, .T. ) ;
#453 = CIRCLE ( 'NONE', #171, 2.000000000000001776 ) ;
#454 = AXIS2_PLACEMENT_3D ( 'NONE', #722, #2699, #865 ) ;
#455 = ORIENTED_EDGE ( 'NONE', *, *, #3106, .F. ) ;
#456 = VECTOR ( 'NONE', #3720, 1000.000000000000000 ) ;
#457 = VECTOR ( 'NONE', #3351, 1000.000000000000000 ) ;
#458 = DIRECTION ( 'NONE',  ( 0.000000000000000000, 0.000000000000000000, 1.000000000000000000 ) ) ;
#459 = EDGE_CURVE ( 'NONE', #2065, #2897, #1273, .T. ) ;
#460 = DIRECTION ( 'NONE',  ( 0.000000000000000000, 1.000000000000000000, -0.000000000000000000 ) ) ;
#461 = DIRECTION ( 'NONE',  ( -1.000000000000000000, 0.000000000000000000, -0.000000000000000000 ) ) ;
#462 = VECTOR ( 'NONE', #1875, 1000.000000000000000 ) ;
#463 = DIRECTION ( 'NONE',  ( -1.000000000000000000, 0.000000000000000000, 0.000000000000000000 ) ) ;
#464 = CARTESIAN_POINT ( 'NONE',  ( 10.93286935413617655, 23.50000000000000000, -40.68905158218325369 ) ) ;
#465 = DIRECTION ( 'NONE',  ( 0.000000000000000000, 1.000000000000000000, -0.000000000000000000 ) ) ;
#466 = DIRECTION ( 'NONE',  ( 0.000000000000000000, 0.000000000000000000, 1.000000000000000000 ) ) ;
#467 = EDGE_CURVE ( 'NONE', #891, #2484, #943, .T. ) ;
#468 = DIRECTION ( 'NONE',  ( 0.000000000000000000, -1.000000000000000000, -0.000000000000000000 ) ) ;
#469 = EDGE_LOOP ( 'NONE', ( #565, #1297, #1850, #893 ) ) ;
#470 = DIRECTION ( 'NONE',  ( 0.000000000000000000, 0.000000000000000000, 1.000000000000000000 ) ) ;
#471 = EDGE_LOOP ( 'NONE', ( #1357, #3793, #3136, #1439 ) ) ;
#472 = CARTESIAN_POINT ( 'NONE',  ( 82.93286935413618721, 23.50000000000000000, -32.97554995058955996 ) ) ;
#473 = LINE ( 'NONE', #1791, #1768 ) ;
#474 = EDGE_LOOP ( 'NONE', ( #1160, #3409, #2355, #71, #2490, #99 ) ) ;
#475 = EDGE_LOOP ( 'NONE', ( #674, #1926, #2248, #2074 ) ) ;
#476 = ORIENTED_EDGE ( 'NONE', *, *, #2610, .F. ) ;
#477 = DIRECTION ( 'NONE',  ( -0.000000000000000000, -1.000000000000000000, 0.000000000000000000 ) ) ;
#478 = CARTESIAN_POINT ( 'NONE',  ( 63.60996136188994399, 23.50000000000000000, -57.27554995058955711 ) ) ;
#479 = CARTESIAN_POINT ( 'NONE',  ( -70.16017784508268562, 33.50000000000000000, -65.59939103940321559 ) ) ;
#480 = DIRECTION ( 'NONE',  ( -0.000000000000000000, -1.000000000000000000, -0.000000000000000000 ) ) ;
#481 = EDGE_LOOP ( 'NONE', ( #3517, #2168, #2569, #1418 ) ) ;
#482 = EDGE_CURVE ( 'NONE', #319, #906, #4051, .T. ) ;
#483 = DIRECTION ( 'NONE',  ( -0.000000000000000000, -0.000000000000000000, -1.000000000000000000 ) ) ;
#484 = VERTEX_POINT ( 'NONE', #2425 ) ;
#485 = DIRECTION ( 'NONE',  ( 0.000000000000000000, 0.000000000000000000, 1.000000000000000000 ) ) ;
#486 = CARTESIAN_POINT ( 'NONE',  ( -94.00000000000002842, 3.500000000000000000, 70.65827857275333201 ) ) ;
#487 = EDGE_CURVE ( 'NONE', #578, #1443, #1469, .T. ) ;
#488 = DIRECTION ( 'NONE',  ( -0.000000000000000000, -1.000000000000000000, -0.000000000000000000 ) ) ;
#489 = EDGE_LOOP ( 'NONE', ( #3414, #1164, #2348, #259 ) ) ;
#490 = CARTESIAN_POINT ( 'NONE',  ( 94.00000000000000000, 0.000000000000000000, 74.65827857275344570 ) ) ;
#491 = EDGE_LOOP ( 'NONE', ( #3656, #197, #3429, #330 ) ) ;
#492 = LINE ( 'NONE', #1484, #2786 ) ;
#493 = PRODUCT_DEFINITION_SHAPE ( 'NONE', 'NONE',  #2006 ) ;
#494 = ORIENTED_EDGE ( 'NONE', *, *, #2364, .F. ) ;
#495 = EDGE_CURVE ( 'NONE', #3741, #3900, #2071, .T. ) ;
#496 = EDGE_LOOP ( 'NONE', ( #2912, #3493, #52, #1169 ) ) ;
#497 = DIRECTION ( 'NONE',  ( 0.000000000000000000, 0.000000000000000000, 1.000000000000000000 ) ) ;
#498 = LINE ( 'NONE', #2098, #241 ) ;
#499 = PLANE ( 'NONE',  #3701 ) ;
#500 = CARTESIAN_POINT ( 'NONE',  ( -80.99248113370278190, -16.50000000000000000, 77.47682054909699900 ) ) ;
#501 = VERTEX_POINT ( 'NONE', #3366 ) ;
#502 = CIRCLE ( 'NONE', #3142, 2.000000000000001776 ) ;
#503 = LINE ( 'NONE', #1433, #1421 ) ;
#504 = EDGE_LOOP ( 'NONE', ( #2837, #2453, #1451, #1935 ) ) ;
#505 = DIRECTION ( 'NONE',  ( 0.000000000000000000, 0.000000000000000000, 1.000000000000000000 ) ) ;
#506 = CARTESIAN_POINT ( 'NONE',  ( 0.000000000000000000, 16.00000000000000000, -16.06145784142133337 ) ) ;
#507 = APPROVAL_DATE_TIME ( #3214, #2414 ) ;
#508 = CIRCLE ( 'NONE', #2025, 2.000000000000001776 ) ;
#509 = ADVANCED_FACE ( 'NONE', ( #1375 ), #2379, .F. ) ;
#510 = ORIENTED_EDGE ( 'NONE', *, *, #1789, .F. ) ;
#511 = ORIENTED_EDGE ( 'NONE', *, *, #1037, .F. ) ;
#512 = VECTOR ( 'NONE', #1866, 1000.000000000000000 ) ;
#513 = VECTOR ( 'NONE', #1796, 1000.000000000000000 ) ;
#514 = FACE_OUTER_BOUND ( 'NONE', #1581, .T. ) ;
#515 = DIRECTION ( 'NONE',  ( -0.000000000000000000, -1.000000000000000000, 0.000000000000000000 ) ) ;
#516 = ORIENTED_EDGE ( 'NONE', *, *, #4011, .T. ) ;
#517 = EDGE_LOOP ( 'NONE', ( #2866, #2180, #2797, #2635 ) ) ;
#518 = AXIS2_PLACEMENT_3D ( 'NONE', #1005, #1986, #2660 ) ;
#519 = CIRCLE ( 'NONE', #1064, 1.599999999999990319 ) ;
#520 = VECTOR ( 'NONE', #554, 1000.000000000000000 ) ;
#521 = ORIENTED_EDGE ( 'NONE', *, *, #2027, .T. ) ;
#522 = CARTESIAN_POINT ( 'NONE',  ( 0.000000000000000000, 2.899999999999999911, -16.06145784142133337 ) ) ;
#523 = VECTOR ( 'NONE', #1122, 1000.000000000000000 ) ;
#524 = VECTOR ( 'NONE', #19, 1000.000000000000000 ) ;
#525 = EDGE_CURVE ( 'NONE', #1031, #970, #1194, .T. ) ;
#526 = LINE ( 'NONE', #4179, #2225 ) ;
#527 = CARTESIAN_POINT ( 'NONE',  ( -23.02069052251176018, -1.500000000000000000, 81.45387526922685595 ) ) ;
#528 = VERTEX_POINT ( 'NONE', #734 ) ;
#529 = VECTOR ( 'NONE', #2726, 1000.000000000000000 ) ;
#530 = AXIS2_PLACEMENT_3D ( 'NONE', #3413, #1017, #2761 ) ;
#531 = AXIS2_PLACEMENT_3D ( 'NONE', #3098, #4124, #2434 ) ;
#532 = DIRECTION ( 'NONE',  ( 0.000000000000000000, 0.000000000000000000, -1.000000000000000000 ) ) ;
#533 = ORIENTED_EDGE ( 'NONE', *, *, #4214, .F. ) ;
#534 = FACE_OUTER_BOUND ( 'NONE', #841, .T. ) ;
#535 = LINE ( 'NONE', #4127, #111 ) ;
#536 = ADVANCED_FACE ( 'NONE', ( #3014 ), #1012, .F. ) ;
#537 = DIRECTION ( 'NONE',  ( 0.000000000000000000, 1.000000000000000000, 0.000000000000000000 ) ) ;
#538 = ORIENTED_EDGE ( 'NONE', *, *, #563, .F. ) ;
#539 = EDGE_CURVE ( 'NONE', #356, #1503, #1399, .T. ) ;
#540 = CARTESIAN_POINT ( 'NONE',  ( 54.88746655341842029, -16.50000000000000000, 41.55453552836385711 ) ) ;
#541 = DIRECTION ( 'NONE',  ( 0.000000000000000000, 1.000000000000000000, 0.000000000000000000 ) ) ;
#542 = VERTEX_POINT ( 'NONE', #105 ) ;
#543 = EDGE_LOOP ( 'NONE', ( #3925, #654, #3187, #1006 ) ) ;
#544 = EDGE_CURVE ( 'NONE', #2649, #528, #508, .T. ) ;
#545 = PLANE ( 'NONE',  #2032 ) ;
#546 = EDGE_CURVE ( 'NONE', #2341, #1956, #3679, .T. ) ;
#547 = LINE ( 'NONE', #2885, #3295 ) ;
#548 = FACE_OUTER_BOUND ( 'NONE', #3321, .T. ) ;
#549 = LINE ( 'NONE', #500, #3648 ) ;
#550 = ORIENTED_EDGE ( 'NONE', *, *, #1877, .F. ) ;
#551 = DIRECTION ( 'NONE',  ( 1.000000000000000000, 0.000000000000000000, 0.000000000000000000 ) ) ;
#552 = CARTESIAN_POINT ( 'NONE',  ( 94.00000000000000000, 0.000000000000000000, 72.65827857275347412 ) ) ;
#553 = CARTESIAN_POINT ( 'NONE',  ( 10.93286935413617655, 23.50000000000000000, -34.97554995058954574 ) ) ;
#554 = DIRECTION ( 'NONE',  ( -0.000000000000000000, -1.000000000000000000, -0.000000000000000000 ) ) ;
#555 = VERTEX_POINT ( 'NONE', #4024 ) ;
#556 = LINE ( 'NONE', #4257, #1059 ) ;
#557 = ORIENTED_EDGE ( 'NONE', *, *, #2668, .F. ) ;
#558 = ORIENTED_EDGE ( 'NONE', *, *, #3254, .F. ) ;
#559 = DIRECTION ( 'NONE',  ( -1.000000000000000000, -0.000000000000000000, -0.000000000000000000 ) ) ;
#560 = DIRECTION ( 'NONE',  ( 0.000000000000000000, 1.000000000000000000, -0.000000000000000000 ) ) ;
#561 = DIRECTION ( 'NONE',  ( 0.000000000000000000, 0.000000000000000000, 1.000000000000000000 ) ) ;
#562 = EDGE_CURVE ( 'NONE', #2007, #1325, #981, .T. ) ;
#563 = EDGE_CURVE ( 'NONE', #2573, #1708, #2706, .T. ) ;
#564 = CYLINDRICAL_SURFACE ( 'NONE', #1133, 1.750000000000001554 ) ;
#565 = ORIENTED_EDGE ( 'NONE', *, *, #2364, .T. ) ;
#566 = LINE ( 'NONE', #1625, #1632 ) ;
#567 = PLANE ( 'NONE',  #1007 ) ;
#568 = CARTESIAN_POINT ( 'NONE',  ( -81.02069052251175663, -1.500000000000000000, 83.05387526922687869 ) ) ;
#569 = CARTESIAN_POINT ( 'NONE',  ( -103.1118043018568784, 0.000000000000000000, -135.4984422207197099 ) ) ;
#570 = CARTESIAN_POINT ( 'NONE',  ( -70.81739985512299995, 13.50000000000000000, -88.56225083013769961 ) ) ;
#571 = EDGE_CURVE ( 'NONE', #501, #3755, #3006, .T. ) ;
#572 = CARTESIAN_POINT ( 'NONE',  ( -73.58216855596961636, 3.500000000000000000, -88.56225083013769961 ) ) ;
#573 = ORIENTED_EDGE ( 'NONE', *, *, #1955, .F. ) ;
#574 = CARTESIAN_POINT ( 'NONE',  ( 69.83982215491732859, 13.50000000000000000, -92.36594344762063713 ) ) ;
#575 = DIRECTION ( 'NONE',  ( 0.000000000000000000, 0.000000000000000000, 1.000000000000000000 ) ) ;
#576 = ORIENTED_EDGE ( 'NONE', *, *, #3102, .T. ) ;
#577 = ORIENTED_EDGE ( 'NONE', *, *, #833, .F. ) ;
#578 = VERTEX_POINT ( 'NONE', #1682 ) ;
#579 = AXIS2_PLACEMENT_3D ( 'NONE', #299, #3250, #2578 ) ;
#580 = LINE ( 'NONE', #918, #1271 ) ;
#581 = CARTESIAN_POINT ( 'NONE',  ( -103.1118043018568784, 0.000000000000000000, -133.4984422207197099 ) ) ;
#582 = CARTESIAN_POINT ( 'NONE',  ( 34.59899631325689739, 3.499999999999999556, -57.27554995058955711 ) ) ;
#583 = VECTOR ( 'NONE', #2068, 1000.000000000000000 ) ;
#584 = DIRECTION ( 'NONE',  ( 0.000000000000000000, 0.000000000000000000, 1.000000000000000000 ) ) ;
#585 = VERTEX_POINT ( 'NONE', #2030 ) ;
#586 = CIRCLE ( 'NONE', #4065, 1.999999999999994893 ) ;
#587 = EDGE_CURVE ( 'NONE', #3769, #2970, #393, .T. ) ;
#588 = AXIS2_PLACEMENT_3D ( 'NONE', #249, #3535, #3624 ) ;
#589 = LINE ( 'NONE', #1904, #3101 ) ;
#590 = FACE_OUTER_BOUND ( 'NONE', #1310, .T. ) ;
#591 = VECTOR ( 'NONE', #209, 1000.000000000000000 ) ;
#592 = ORIENTED_EDGE ( 'NONE', *, *, #2833, .T. ) ;
#593 = VECTOR ( 'NONE', #2683, 1000.000000000000000 ) ;
#594 = CARTESIAN_POINT ( 'NONE',  ( -70.16017784508268562, 33.50000000000000000, 0.000000000000000000 ) ) ;
#595 = ORIENTED_EDGE ( 'NONE', *, *, #2464, .F. ) ;
#596 = CIRCLE ( 'NONE', #2600, 2.000000000000001776 ) ;
#597 = EDGE_LOOP ( 'NONE', ( #127, #4239, #2403, #1162 ) ) ;
#598 = CARTESIAN_POINT ( 'NONE',  ( 82.93286935413618721, 3.500000000000000000, -32.97554995058955996 ) ) ;
#599 = DIRECTION ( 'NONE',  ( -0.000000000000000000, 1.000000000000000000, -0.000000000000000000 ) ) ;
#600 = ORIENTED_EDGE ( 'NONE', *, *, #4219, .F. ) ;
#601 = CARTESIAN_POINT ( 'NONE',  ( 103.1118043018568500, 0.000000000000000000, -137.4984422207206194 ) ) ;
#602 = ORIENTED_EDGE ( 'NONE', *, *, #1860, .T. ) ;
#603 = VERTEX_POINT ( 'NONE', #3037 ) ;
#604 = EDGE_CURVE ( 'NONE', #1284, #1413, #56, .T. ) ;
#605 = CARTESIAN_POINT ( 'NONE',  ( 8.932869354136176554, 23.50000000000000000, -50.43083063114010400 ) ) ;
#606 = CARTESIAN_POINT ( 'NONE',  ( -102.0000000000000284, 0.000000000000000000, 86.65827857275333201 ) ) ;
#607 = ORIENTED_EDGE ( 'NONE', *, *, #1877, .T. ) ;
#608 = DIRECTION ( 'NONE',  ( -0.000000000000000000, -1.000000000000000000, 0.000000000000000000 ) ) ;
#609 = EDGE_LOOP ( 'NONE', ( #1437, #309, #3770, #4026 ) ) ;
#610 = LINE ( 'NONE', #3211, #3376 ) ;
#611 = FACE_OUTER_BOUND ( 'NONE', #1943, .T. ) ;
#612 = EDGE_CURVE ( 'NONE', #3521, #1366, #2727, .T. ) ;
#613 = ORIENTED_EDGE ( 'NONE', *, *, #148, .T. ) ;
#614 = CARTESIAN_POINT ( 'NONE',  ( 94.00000000000005684, 3.500000000000000000, 40.65827857275348123 ) ) ;
#615 = ORIENTED_EDGE ( 'NONE', *, *, #2524, .F. ) ;
#616 = CARTESIAN_POINT ( 'NONE',  ( -23.02069052251176018, 3.500000000000000000, -2.946124730773123979 ) ) ;
#617 = DIRECTION ( 'NONE',  ( 1.261617073437677999E-16, -0.000000000000000000, 1.000000000000000000 ) ) ;
#618 = DIRECTION ( 'NONE',  ( 0.000000000000000000, 0.000000000000000000, 1.000000000000000000 ) ) ;
#619 = ADVANCED_FACE ( 'NONE', ( #1423 ), #430, .T. ) ;
#620 = ADVANCED_FACE ( 'NONE', ( #451 ), #2992, .F. ) ;
#621 = LINE ( 'NONE', #601, #167 ) ;
#622 = ORIENTED_EDGE ( 'NONE', *, *, #2465, .F. ) ;
#623 = EDGE_CURVE ( 'NONE', #1740, #1701, #2232, .T. ) ;
#624 = ORIENTED_EDGE ( 'NONE', *, *, #1722, .F. ) ;
#625 = LINE ( 'NONE', #1938, #2943 ) ;
#626 = FACE_BOUND ( 'NONE', #1703, .T. ) ;
#627 = FACE_OUTER_BOUND ( 'NONE', #2193, .T. ) ;
#628 = EDGE_CURVE ( 'NONE', #182, #2548, #2818, .T. ) ;
#629 = ORIENTED_EDGE ( 'NONE', *, *, #1116, .T. ) ;
#630 = EDGE_CURVE ( 'NONE', #3755, #501, #1538, .T. ) ;
#631 = LINE ( 'NONE', #1942, #1965 ) ;
#632 = ORIENTED_EDGE ( 'NONE', *, *, #2501, .F. ) ;
#633 = LINE ( 'NONE', #2564, #1477 ) ;
#634 = DIRECTION ( 'NONE',  ( 0.000000000000000000, 0.000000000000000000, 1.000000000000000000 ) ) ;
#635 = EDGE_CURVE ( 'NONE', #985, #3852, #2855, .T. ) ;
#636 = VERTEX_POINT ( 'NONE', #3788 ) ;
#637 = LINE ( 'NONE', #1978, #658 ) ;
#638 = FACE_OUTER_BOUND ( 'NONE', #3574, .T. ) ;
#639 = CARTESIAN_POINT ( 'NONE',  ( -10.60989732364136984, -6.500000000000000888, -56.35089711319648842 ) ) ;
#640 = AXIS2_PLACEMENT_3D ( 'NONE', #4135, #1141, #1808 ) ;
#641 = CARTESIAN_POINT ( 'NONE',  ( 42.25764484556228950, -6.500000000000000888, -110.3889526560728171 ) ) ;
#642 = CARTESIAN_POINT ( 'NONE',  ( 42.25764484556228950, 3.500000000000000000, -139.0889526560728200 ) ) ;
#643 = VECTOR ( 'NONE', #2141, 1000.000000000000000 ) ;
#644 = ADVANCED_FACE ( 'NONE', ( #1442 ), #1115, .F. ) ;
#645 = ORIENTED_EDGE ( 'NONE', *, *, #1657, .F. ) ;
#646 = EDGE_LOOP ( 'NONE', ( #1098, #1792, #1008, #1539 ) ) ;
#647 = VECTOR ( 'NONE', #3939, 1000.000000000000000 ) ;
#648 = VECTOR ( 'NONE', #1706, 1000.000000000000000 ) ;
#649 = CARTESIAN_POINT ( 'NONE',  ( -23.02069052251176018, -1.500000000000000000, 84.65387526922687300 ) ) ;
#650 = DIRECTION ( 'NONE',  ( 0.000000000000000000, 0.000000000000000000, 1.000000000000000000 ) ) ;
#651 = DIRECTION ( 'NONE',  ( 0.000000000000000000, 1.000000000000000000, 0.000000000000000000 ) ) ;
#652 = ORIENTED_EDGE ( 'NONE', *, *, #1905, .F. ) ;
#653 = CARTESIAN_POINT ( 'NONE',  ( 94.00000000000000000, 3.500000000000000000, 72.65827857275347412 ) ) ;
#654 = ORIENTED_EDGE ( 'NONE', *, *, #214, .F. ) ;
#656 = ADVANCED_FACE ( 'NONE', ( #3186 ), #1178, .F. ) ;
#655 = LINE ( 'NONE', #4315, #2865 ) ;
#657 = CIRCLE ( 'NONE', #3713, 2.000000000000001776 ) ;
#658 = VECTOR ( 'NONE', #1564, 1000.000000000000000 ) ;
#659 = EDGE_LOOP ( 'NONE', ( #1799, #727, #3851, #2588, #3009, #2005, #1446, #4167 ) ) ;
#660 = CARTESIAN_POINT ( 'NONE',  ( -54.88746655341842029, -16.50000000000000000, 77.47682054909699900 ) ) ;
#661 = VECTOR ( 'NONE', #3726, 1000.000000000000000 ) ;
#662 = VERTEX_POINT ( 'NONE', #830 ) ;
#663 = CIRCLE ( 'NONE', #855, 1.749999999999997113 ) ;
#664 = FACE_OUTER_BOUND ( 'NONE', #481, .T. ) ;
#665 = VECTOR ( 'NONE', #505, 1000.000000000000000 ) ;
#666 = DIRECTION ( 'NONE',  ( -7.726561826345202234E-16, 0.000000000000000000, 1.000000000000000000 ) ) ;
#667 = CIRCLE ( 'NONE', #1417, 1.599999999999990319 ) ;
#668 = EDGE_LOOP ( 'NONE', ( #4064, #2648 ) ) ;
#669 = ADVANCED_FACE ( 'NONE', ( #3780 ), #788, .F. ) ;
#670 = EDGE_LOOP ( 'NONE', ( #1733, #190, #3820, #1068 ) ) ;
#671 = CARTESIAN_POINT ( 'NONE',  ( 82.02773986518441518, 16.00000000000000000, 92.33854215857867587 ) ) ;
#672 = FACE_BOUND ( 'NONE', #831, .T. ) ;
#673 = DIRECTION ( 'NONE',  ( 0.000000000000000000, 1.000000000000000000, 0.000000000000000000 ) ) ;
#674 = ORIENTED_EDGE ( 'NONE', *, *, #2833, .F. ) ;
#675 = LINE ( 'NONE', #2013, #661 ) ;
#676 = VERTEX_POINT ( 'NONE', #1134 ) ;
#677 = EDGE_CURVE ( 'NONE', #2438, #205, #3466, .T. ) ;
#678 = CARTESIAN_POINT ( 'NONE',  ( -70.81739985512299995, 13.50000000000000000, -76.91072559085550608 ) ) ;
#679 = EDGE_LOOP ( 'NONE', ( #3277, #143, #1362, #859 ) ) ;
#680 = DIRECTION ( 'NONE',  ( 0.000000000000000000, 0.000000000000000000, -1.000000000000000000 ) ) ;
#681 = ORIENTED_EDGE ( 'NONE', *, *, #165, .F. ) ;
#682 = DIRECTION ( 'NONE',  ( 5.782411586589357392E-17, 0.000000000000000000, 1.000000000000000000 ) ) ;
#683 = CARTESIAN_POINT ( 'NONE',  ( -73.58216855596961636, 13.50000000000000000, -88.56225083013769961 ) ) ;
#684 = EDGE_CURVE ( 'NONE', #3966, #2957, #159, .T. ) ;
#685 = DATE_TIME_ROLE ( 'creation_date' ) ;
#686 = VERTEX_POINT ( 'NONE', #1864 ) ;
#687 = EDGE_CURVE ( 'NONE', #3799, #3173, #288, .T. ) ;
#688 = DESIGN_CONTEXT ( 'detailed design', #3884, 'design' ) ;
#689 = VERTEX_POINT ( 'NONE', #3552 ) ;
#690 = CARTESIAN_POINT ( 'NONE',  ( 8.932869354136174778, 3.499999999999999556, -40.68905158218325369 ) ) ;
#691 = CARTESIAN_POINT ( 'NONE',  ( -70.81739985512299995, 13.50000000000000000, -88.56225083013769961 ) ) ;
#692 = ORIENTED_EDGE ( 'NONE', *, *, #3915, .F. ) ;
#693 = ORIENTED_EDGE ( 'NONE', *, *, #2765, .F. ) ;
#694 = LINE ( 'NONE', #2343, #2106 ) ;
#695 = DIRECTION ( 'NONE',  ( 0.000000000000000000, 0.000000000000000000, -1.000000000000000000 ) ) ;
#696 = EDGE_CURVE ( 'NONE', #395, #3559, #955, .T. ) ;
#697 = DIRECTION ( 'NONE',  ( 0.000000000000000000, 1.000000000000000000, -0.000000000000000000 ) ) ;
#698 = ORIENTED_EDGE ( 'NONE', *, *, #413, .F. ) ;
#699 = LINE ( 'NONE', #2019, #1835 ) ;
#700 = LINE ( 'NONE', #4304, #3297 ) ;
#701 = PLANE ( 'NONE',  #797 ) ;
#702 = PERSON_AND_ORGANIZATION ( #1039, #2381 ) ;
#703 = EDGE_CURVE ( 'NONE', #1636, #2478, #1912, .T. ) ;
#704 = ORIENTED_EDGE ( 'NONE', *, *, #904, .T. ) ;
#705 = ORIENTED_EDGE ( 'NONE', *, *, #3877, .F. ) ;
#706 = ORIENTED_EDGE ( 'NONE', *, *, #2442, .T. ) ;
#707 = DIRECTION ( 'NONE',  ( -0.000000000000000000, 1.000000000000000000, -0.000000000000000000 ) ) ;
#708 = FACE_BOUND ( 'NONE', #1719, .T. ) ;
#709 = DIRECTION ( 'NONE',  ( 0.000000000000000000, 0.000000000000000000, -1.000000000000000000 ) ) ;
#710 = ORIENTED_EDGE ( 'NONE', *, *, #3597, .T. ) ;
#711 = ORIENTED_EDGE ( 'NONE', *, *, #1432, .T. ) ;
#712 = CARTESIAN_POINT ( 'NONE',  ( -102.0000000000000284, 0.000000000000000000, 26.65827857275334622 ) ) ;
#713 = AXIS2_PLACEMENT_3D ( 'NONE', #4043, #3721, #2093 ) ;
#714 = PLANE ( 'NONE',  #1751 ) ;
#715 = CARTESIAN_POINT ( 'NONE',  ( -94.00000000000002842, 0.000000000000000000, 74.65827857275334622 ) ) ;
#716 = CARTESIAN_POINT ( 'NONE',  ( 5.262523113483087656, 9.500000000000000000, 92.33854215857867587 ) ) ;
#717 = ORIENTED_EDGE ( 'NONE', *, *, #218, .F. ) ;
#718 = EDGE_CURVE ( 'NONE', #2138, #136, #1827, .T. ) ;
#719 = VECTOR ( 'NONE', #417, 1000.000000000000000 ) ;
#720 = FACE_OUTER_BOUND ( 'NONE', #1111, .T. ) ;
#721 = FACE_OUTER_BOUND ( 'NONE', #3397, .T. ) ;
#722 = CARTESIAN_POINT ( 'NONE',  ( -41.74235515443771760, 0.000000000000000000, -110.3889526560728171 ) ) ;
#723 = AXIS2_PLACEMENT_3D ( 'NONE', #253, #2684, #3052 ) ;
#724 = VECTOR ( 'NONE', #3857, 1000.000000000000000 ) ;
#725 = DIRECTION ( 'NONE',  ( -1.000000000000000000, 0.000000000000000000, -0.000000000000000000 ) ) ;
#726 = EDGE_CURVE ( 'NONE', #4250, #3057, #2236, .T. ) ;
#727 = ORIENTED_EDGE ( 'NONE', *, *, #1483, .F. ) ;
#728 = VECTOR ( 'NONE', #1603, 1000.000000000000000 ) ;
#729 = VECTOR ( 'NONE', #2062, 1000.000000000000000 ) ;
#730 = EDGE_LOOP ( 'NONE', ( #3105, #735, #3592, #1389 ) ) ;
#731 = DIRECTION ( 'NONE',  ( -0.000000000000000000, 1.000000000000000000, -0.000000000000000000 ) ) ;
#732 = VECTOR ( 'NONE', #1279, 1000.000000000000000 ) ;
#733 = CARTESIAN_POINT ( 'NONE',  ( 34.59899631325689739, 3.499999999999999556, -32.97554995058955996 ) ) ;
#734 = CARTESIAN_POINT ( 'NONE',  ( -94.00000000000002842, 0.000000000000000000, 74.65827857275334622 ) ) ;
#735 = ORIENTED_EDGE ( 'NONE', *, *, #2399, .T. ) ;
#736 = EDGE_LOOP ( 'NONE', ( #2500, #1828 ) ) ;
#737 = DIRECTION ( 'NONE',  ( 0.000000000000000000, 0.000000000000000000, 1.000000000000000000 ) ) ;
#738 = LINE ( 'NONE', #3393, #719 ) ;
#739 = DIRECTION ( 'NONE',  ( -0.000000000000000000, 1.000000000000000000, -0.000000000000000000 ) ) ;
#740 = CARTESIAN_POINT ( 'NONE',  ( -70.81739985512299995, 3.500000000000000000, -76.91072559085550608 ) ) ;
#741 = ORIENTED_EDGE ( 'NONE', *, *, #1576, .F. ) ;
#742 = CARTESIAN_POINT ( 'NONE',  ( 80.93286935413618721, 23.50000000000000000, -34.97554995058955996 ) ) ;
#743 = ADVANCED_FACE ( 'NONE', ( #3870 ), #2286, .F. ) ;
#744 = CARTESIAN_POINT ( 'NONE',  ( 8.932869354136174778, 3.499999999999999556, -40.68905158218325369 ) ) ;
#745 = FACE_BOUND ( 'NONE', #3907, .T. ) ;
#746 = ORIENTED_EDGE ( 'NONE', *, *, #2524, .T. ) ;
#747 = DIRECTION ( 'NONE',  ( -1.000000000000000000, 0.000000000000000000, 0.000000000000000000 ) ) ;
#748 = ORIENTED_EDGE ( 'NONE', *, *, #354, .F. ) ;
#749 = LINE ( 'NONE', #1393, #4137 ) ;
#750 = CARTESIAN_POINT ( 'NONE',  ( -73.58216855596961636, 13.50000000000000000, -76.91072559085550608 ) ) ;
#751 = CARTESIAN_POINT ( 'NONE',  ( 69.83982215491732859, 13.50000000000000000, -72.06678323137883524 ) ) ;
#752 = ORIENTED_EDGE ( 'NONE', *, *, #487, .F. ) ;
#753 = ORIENTED_EDGE ( 'NONE', *, *, #3169, .F. ) ;
#754 = DIRECTION ( 'NONE',  ( 0.000000000000000000, 0.000000000000000000, 1.000000000000000000 ) ) ;
#755 = DIRECTION ( 'NONE',  ( -1.000000000000000000, 0.000000000000000000, 0.000000000000000000 ) ) ;
#756 = LINE ( 'NONE', #1427, #2947 ) ;
#757 = EDGE_CURVE ( 'NONE', #1018, #4130, #1884, .T. ) ;
#758 = DIRECTION ( 'NONE',  ( 0.000000000000000000, 0.000000000000000000, 1.000000000000000000 ) ) ;
#759 = CARTESIAN_POINT ( 'NONE',  ( 8.932869354136174778, 23.50000000000000000, -32.97554995058955996 ) ) ;
#760 = EDGE_LOOP ( 'NONE', ( #1203, #295, #3956, #808 ) ) ;
#761 = CARTESIAN_POINT ( 'NONE',  ( 82.93286935413618721, 23.50000000000000000, -57.27554995058955711 ) ) ;
#762 = DIRECTION ( 'NONE',  ( 0.000000000000000000, 0.000000000000000000, 1.000000000000000000 ) ) ;
#763 = FACE_BOUND ( 'NONE', #3831, .T. ) ;
#764 = FACE_OUTER_BOUND ( 'NONE', #469, .T. ) ;
#765 = ORIENTED_EDGE ( 'NONE', *, *, #959, .F. ) ;
#766 = DIRECTION ( 'NONE',  ( 0.000000000000000000, -1.000000000000000000, 0.000000000000000000 ) ) ;
#767 = VERTEX_POINT ( 'NONE', #3601 ) ;
#768 = ADVANCED_FACE ( 'NONE', ( #1931 ), #3200, .F. ) ;
#769 = CARTESIAN_POINT ( 'NONE',  ( 82.93286935413618721, 3.499999999999999556, -40.68905158218325369 ) ) ;
#770 = DIRECTION ( 'NONE',  ( 0.000000000000000000, 0.000000000000000000, 1.000000000000000000 ) ) ;
#771 = DIRECTION ( 'NONE',  ( 0.000000000000000000, 0.000000000000000000, 1.000000000000000000 ) ) ;
#772 = ORIENTED_EDGE ( 'NONE', *, *, #2027, .F. ) ;
#773 = EDGE_LOOP ( 'NONE', ( #510, #1147, #250, #853 ) ) ;
#774 = CARTESIAN_POINT ( 'NONE',  ( 42.25764484556228950, 3.500000000000000000, -140.6889526560728143 ) ) ;
#775 = DIRECTION ( 'NONE',  ( -0.000000000000000000, 1.000000000000000000, -0.000000000000000000 ) ) ;
#776 = DIRECTION ( 'NONE',  ( 0.000000000000000000, 0.000000000000000000, 1.000000000000000000 ) ) ;
#777 = DIRECTION ( 'NONE',  ( 1.000000000000000000, -0.000000000000000000, -0.000000000000000000 ) ) ;
#778 = ORIENTED_EDGE ( 'NONE', *, *, #427, .T. ) ;
#779 = EDGE_CURVE ( 'NONE', #1641, #2627, #1586, .T. ) ;
#780 = DIRECTION ( 'NONE',  ( -1.000000000000000000, 0.000000000000000000, 0.000000000000000000 ) ) ;
#781 = CARTESIAN_POINT ( 'NONE',  ( -68.60989732364136273, 3.500000000000000000, -9.100897113196483090 ) ) ;
#782 = FACE_BOUND ( 'NONE', #736, .T. ) ;
#783 = AXIS2_PLACEMENT_3D ( 'NONE', #1996, #12, #42 ) ;
#784 = EDGE_CURVE ( 'NONE', #3197, #3575, #1264, .T. ) ;
#785 = VECTOR ( 'NONE', #223, 1000.000000000000000 ) ;
#786 = CIRCLE ( 'NONE', #1688, 1.599999999999990319 ) ;
#787 = VECTOR ( 'NONE', #2678, 1000.000000000000000 ) ;
#788 = PLANE ( 'NONE',  #1205 ) ;
#789 = ORIENTED_EDGE ( 'NONE', *, *, #2820, .T. ) ;
#790 = CARTESIAN_POINT ( 'NONE',  ( -70.16017784508268562, 3.500000000000000000, 0.000000000000000000 ) ) ;
#791 = ORIENTED_EDGE ( 'NONE', *, *, #2123, .T. ) ;
#792 = DIRECTION ( 'NONE',  ( 1.982541115402065110E-16, -0.000000000000000000, 1.000000000000000000 ) ) ;
#793 = FACE_OUTER_BOUND ( 'NONE', #3782, .T. ) ;
#794 = ORIENTED_EDGE ( 'NONE', *, *, #2211, .F. ) ;
#795 = AXIS2_PLACEMENT_3D ( 'NONE', #1739, #1069, #121 ) ;
#796 = ADVANCED_FACE ( 'NONE', ( #1289 ), #3930, .T. ) ;
#797 = AXIS2_PLACEMENT_3D ( 'NONE', #68, #2700, #725 ) ;
#798 = ORIENTED_EDGE ( 'NONE', *, *, #3460, .T. ) ;
#799 = EDGE_LOOP ( 'NONE', ( #2366, #1605, #692, #748 ) ) ;
#800 = CARTESIAN_POINT ( 'NONE',  ( 94.00000000000000000, 3.500000000000000000, 72.65827857275347412 ) ) ;
#801 = DIRECTION ( 'NONE',  ( -0.000000000000000000, -1.000000000000000000, -0.000000000000000000 ) ) ;
#802 = DIRECTION ( 'NONE',  ( 0.000000000000000000, 1.000000000000000000, -0.000000000000000000 ) ) ;
#803 = AXIS2_PLACEMENT_3D ( 'NONE', #1579, #3944, #3257 ) ;
#804 = CARTESIAN_POINT ( 'NONE',  ( -49.56049133996039302, -96.42354657426406561, -140.0000000000000000 ) ) ;
#805 = EDGE_CURVE ( 'NONE', #1270, #2685, #4280, .T. ) ;
#806 = ORIENTED_EDGE ( 'NONE', *, *, #2501, .T. ) ;
#807 = CARTESIAN_POINT ( 'NONE',  ( -41.74235515443771760, -6.500000000000000888, -140.6889526560728143 ) ) ;
#808 = ORIENTED_EDGE ( 'NONE', *, *, #635, .F. ) ;
#809 = CARTESIAN_POINT ( 'NONE',  ( -110.0000000000000142, 3.500000000000000000, 99.99999999999997158 ) ) ;
#810 = DIRECTION ( 'NONE',  ( 0.000000000000000000, 1.000000000000000000, 0.000000000000000000 ) ) ;
#811 = EDGE_CURVE ( 'NONE', #1146, #3825, #3906, .T. ) ;
#812 = VERTEX_POINT ( 'NONE', #1635 ) ;
#813 = FACE_OUTER_BOUND ( 'NONE', #4156, .T. ) ;
#814 = ORIENTED_EDGE ( 'NONE', *, *, #3254, .T. ) ;
#815 = FACE_OUTER_BOUND ( 'NONE', #496, .T. ) ;
#816 = VERTEX_POINT ( 'NONE', #936 ) ;
#817 = EDGE_LOOP ( 'NONE', ( #600, #753 ) ) ;
#818 = LINE ( 'NONE', #4141, #96 ) ;
#819 = LINE ( 'NONE', #1100, #1277 ) ;
#820 = PLANE ( 'NONE',  #1743 ) ;
#821 = PLANE ( 'NONE',  #4200 ) ;
#822 = EDGE_LOOP ( 'NONE', ( #778, #1078, #1046, #2901 ) ) ;
#823 = EDGE_CURVE ( 'NONE', #397, #2605, #1197, .T. ) ;
#824 = FACE_OUTER_BOUND ( 'NONE', #4146, .T. ) ;
#825 = ORIENTED_EDGE ( 'NONE', *, *, #1288, .F. ) ;
#826 = CARTESIAN_POINT ( 'NONE',  ( -68.60989732364136273, 0.000000000000000000, -58.10089711319648842 ) ) ;
#827 = CYLINDRICAL_SURFACE ( 'NONE', #1553, 2.000000000000005329 ) ;
#828 = LINE ( 'NONE', #4153, #1958 ) ;
#829 = EDGE_CURVE ( 'NONE', #4130, #101, #221, .T. ) ;
#830 = CARTESIAN_POINT ( 'NONE',  ( 100.5625231134830670, 16.00000000000000000, 14.30447696208897490 ) ) ;
#831 = EDGE_LOOP ( 'NONE', ( #3275, #1038 ) ) ;
#832 = VERTEX_POINT ( 'NONE', #1541 ) ;
#833 = EDGE_CURVE ( 'NONE', #1495, #2652, #2178, .T. ) ;
#834 = CARTESIAN_POINT ( 'NONE',  ( -41.74235515443771760, 0.000000000000000000, -110.3889526560728171 ) ) ;
#835 = ORIENTED_EDGE ( 'NONE', *, *, #1097, .F. ) ;
#836 = ORIENTED_EDGE ( 'NONE', *, *, #4035, .T. ) ;
#837 = DIRECTION ( 'NONE',  ( 0.000000000000000000, 1.000000000000000000, 0.000000000000000000 ) ) ;
#838 = DIRECTION ( 'NONE',  ( -0.000000000000000000, -1.000000000000000000, -0.000000000000000000 ) ) ;
#839 = DIRECTION ( 'NONE',  ( -0.000000000000000000, -0.000000000000000000, -1.000000000000000000 ) ) ;
#840 = ORIENTED_EDGE ( 'NONE', *, *, #214, .T. ) ;
#841 = EDGE_LOOP ( 'NONE', ( #2212, #3608, #4267, #1323 ) ) ;
#842 = LINE ( 'NONE', #809, #1282 ) ;
#843 = EDGE_CURVE ( 'NONE', #4151, #603, #1223, .T. ) ;
#844 = LINE ( 'NONE', #506, #3500 ) ;
#845 = AXIS2_PLACEMENT_3D ( 'NONE', #1644, #3082, #3407 ) ;
#846 = DIRECTION ( 'NONE',  ( -0.000000000000000000, 1.000000000000000000, -0.000000000000000000 ) ) ;
#847 = ORIENTED_EDGE ( 'NONE', *, *, #4030, .T. ) ;
#848 = ADVANCED_FACE ( 'NONE', ( #1368 ), #3969, .F. ) ;
#849 = AXIS2_PLACEMENT_3D ( 'NONE', #310, #2911, #2650 ) ;
#850 = PLANE ( 'NONE',  #976 ) ;
#851 = ORIENTED_EDGE ( 'NONE', *, *, #3143, .F. ) ;
#852 = AXIS2_PLACEMENT_3D ( 'NONE', #3565, #945, #2276 ) ;
#853 = ORIENTED_EDGE ( 'NONE', *, *, #3056, .F. ) ;
#854 = CARTESIAN_POINT ( 'NONE',  ( 80.99248113370275348, -16.50000000000000000, 77.47682054909707006 ) ) ;
#855 = AXIS2_PLACEMENT_3D ( 'NONE', #172, #2823, #4178 ) ;
#856 = DIRECTION ( 'NONE',  ( 0.000000000000000000, 0.000000000000000000, 1.000000000000000000 ) ) ;
#857 = LINE ( 'NONE', #2205, #643 ) ;
#858 = LINE ( 'NONE', #1152, #724 ) ;
#859 = ORIENTED_EDGE ( 'NONE', *, *, #677, .T. ) ;
#860 = VECTOR ( 'NONE', #2042, 1000.000000000000000 ) ;
#861 = AXIS2_PLACEMENT_3D ( 'NONE', #3282, #1630, #2587 ) ;
#862 = VECTOR ( 'NONE', #2585, 1000.000000000000000 ) ;
#863 = CARTESIAN_POINT ( 'NONE',  ( -94.00000000000002842, 0.000000000000000000, 40.65827857275334622 ) ) ;
#864 = VERTEX_POINT ( 'NONE', #2656 ) ;
#865 = DIRECTION ( 'NONE',  ( 0.000000000000000000, 0.000000000000000000, 1.000000000000000000 ) ) ;
#866 = EDGE_LOOP ( 'NONE', ( #2772, #2843, #3323, #2090 ) ) ;
#867 = DIRECTION ( 'NONE',  ( -0.000000000000000000, 1.000000000000000000, -0.000000000000000000 ) ) ;
#868 = CALENDAR_DATE ( 2026, 2, 9 ) ;
#869 = ADVANCED_FACE ( 'NONE', ( #721 ), #3990, .F. ) ;
#870 = DIRECTION ( 'NONE',  ( -0.000000000000000000, 1.000000000000000000, -0.000000000000000000 ) ) ;
#871 = LINE ( 'NONE', #1114, #3372 ) ;
#872 = CARTESIAN_POINT ( 'NONE',  ( 82.93286935413618721, 23.50000000000000000, -57.27554995058955711 ) ) ;
#873 = ORIENTED_EDGE ( 'NONE', *, *, #3707, .T. ) ;
#874 = LINE ( 'NONE', #1915, #1755 ) ;
#875 = ORIENTED_EDGE ( 'NONE', *, *, #2718, .F. ) ;
#877 = EDGE_CURVE ( 'NONE', #1325, #1701, #700, .T. ) ;
#876 = CARTESIAN_POINT ( 'NONE',  ( 102.0000000000000142, 3.500000000000000000, 86.65827857275348833 ) ) ;
#878 = CARTESIAN_POINT ( 'NONE',  ( 80.93286935413618721, 3.500000000000000000, -34.97554995058955996 ) ) ;
#879 = CARTESIAN_POINT ( 'NONE',  ( -94.00000000000002842, 3.500000000000000000, 72.65827857275333201 ) ) ;
#880 = LINE ( 'NONE', #1577, #168 ) ;
#881 = ORIENTED_EDGE ( 'NONE', *, *, #1260, .T. ) ;
#883 = EDGE_CURVE ( 'NONE', #2259, #269, #1972, .T. ) ;
#882 = DIRECTION ( 'NONE',  ( 1.000000000000000000, -0.000000000000000000, -1.982541115402065110E-16 ) ) ;
#884 = CARTESIAN_POINT ( 'NONE',  ( 2.262523113483074333, 3.500000000000000000, 95.33854215857867587 ) ) ;
#885 = VERTEX_POINT ( 'NONE', #2334 ) ;
#886 = EDGE_CURVE ( 'NONE', #3217, #2438, #340, .T. ) ;
#887 = CARTESIAN_POINT ( 'NONE',  ( -10.60989732364136451, 0.000000000000000000, -7.350897113196491084 ) ) ;
#888 = CYLINDRICAL_SURFACE ( 'NONE', #3273, 1.599999999999990319 ) ;
#889 = DIRECTION ( 'NONE',  ( -1.000000000000000000, -0.000000000000000000, -0.000000000000000000 ) ) ;
#890 = CARTESIAN_POINT ( 'NONE',  ( 80.93286935413618721, 3.500000000000000000, -55.27554995058955711 ) ) ;
#891 = VERTEX_POINT ( 'NONE', #4014 ) ;
#892 = CARTESIAN_POINT ( 'NONE',  ( 82.93286935413618721, 23.50000000000000000, -40.68905158218325369 ) ) ;
#893 = ORIENTED_EDGE ( 'NONE', *, *, #202, .T. ) ;
#894 = EDGE_CURVE ( 'NONE', #977, #2715, #4056, .T. ) ;
#895 = ORIENTED_EDGE ( 'NONE', *, *, #2018, .T. ) ;
#896 = FACE_OUTER_BOUND ( 'NONE', #408, .T. ) ;
#897 = DIRECTION ( 'NONE',  ( 0.000000000000000000, -1.000000000000000000, -0.000000000000000000 ) ) ;
#898 = CARTESIAN_POINT ( 'NONE',  ( 94.00000000000005684, 0.000000000000000000, 44.65827857275347412 ) ) ;
#899 = EDGE_LOOP ( 'NONE', ( #254, #1669, #1650, #4110 ) ) ;
#900 = DIRECTION ( 'NONE',  ( 0.000000000000000000, 0.000000000000000000, 1.000000000000000000 ) ) ;
#901 = CARTESIAN_POINT ( 'NONE',  ( -70.81739985512299995, 13.50000000000000000, -88.56225083013769961 ) ) ;
#902 = EDGE_LOOP ( 'NONE', ( #45, #2184, #3520, #1314 ) ) ;
#903 = AXIS2_PLACEMENT_3D ( 'NONE', #3134, #1123, #2481 ) ;
#904 = EDGE_CURVE ( 'NONE', #3903, #1270, #3399, .T. ) ;
#905 = CARTESIAN_POINT ( 'NONE',  ( 100.5625231134830670, 9.500000000000000000, -13.06145784142133337 ) ) ;
#906 = VERTEX_POINT ( 'NONE', #1329 ) ;
#907 = AXIS2_PLACEMENT_3D ( 'NONE', #1616, #1663, #3252 ) ;
#908 = EDGE_LOOP ( 'NONE', ( #3628, #2275, #1923, #1171 ) ) ;
#909 = FACE_OUTER_BOUND ( 'NONE', #424, .T. ) ;
#910 = DIRECTION ( 'NONE',  ( -0.000000000000000000, -1.000000000000000000, -0.000000000000000000 ) ) ;
#911 = VERTEX_POINT ( 'NONE', #1021 ) ;
#912 = ADVANCED_FACE ( 'NONE', ( #3316 ), #2021, .F. ) ;
#913 = DIRECTION ( 'NONE',  ( 0.000000000000000000, 0.000000000000000000, -1.000000000000000000 ) ) ;
#914 = ORIENTED_EDGE ( 'NONE', *, *, #1431, .F. ) ;
#915 = EDGE_CURVE ( 'NONE', #2900, #3057, #1002, .T. ) ;
#916 = ORIENTED_EDGE ( 'NONE', *, *, #2136, .F. ) ;
#917 = VECTOR ( 'NONE', #1149, 1000.000000000000000 ) ;
#918 = CARTESIAN_POINT ( 'NONE',  ( 82.93286935413618721, 23.50000000000000000, -32.97554995058955996 ) ) ;
#919 = EDGE_CURVE ( 'NONE', #1159, #2138, #1736, .T. ) ;
#920 = CARTESIAN_POINT ( 'NONE',  ( -10.60989732364136451, 0.000000000000000000, -9.100897113196490196 ) ) ;
#921 = DIRECTION ( 'NONE',  ( 0.000000000000000000, 0.000000000000000000, -1.000000000000000000 ) ) ;
#922 = VECTOR ( 'NONE', #2977, 1000.000000000000000 ) ;
#923 = CARTESIAN_POINT ( 'NONE',  ( -41.74235515443771760, 3.500000000000000000, -140.6889526560728143 ) ) ;
#924 = ORIENTED_EDGE ( 'NONE', *, *, #2955, .T. ) ;
#925 = CIRCLE ( 'NONE', #1830, 1.749999999999997113 ) ;
#926 = DIRECTION ( 'NONE',  ( -1.000000000000000000, 0.000000000000000000, 1.261617073437677999E-16 ) ) ;
#927 = CARTESIAN_POINT ( 'NONE',  ( -80.99248113370278190, 3.500000000000000000, 77.47682054909699900 ) ) ;
#928 = ADVANCED_FACE ( 'NONE', ( #1350 ), #1309, .T. ) ;
#929 = AXIS2_PLACEMENT_3D ( 'NONE', #1196, #3109, #1422 ) ;
#930 = ORIENTED_EDGE ( 'NONE', *, *, #1420, .T. ) ;
#931 = AXIS2_PLACEMENT_3D ( 'NONE', #2306, #359, #2682 ) ;
#932 = DIRECTION ( 'NONE',  ( 1.000000000000000000, -0.000000000000000000, 0.000000000000000000 ) ) ;
#933 = AXIS2_PLACEMENT_3D ( 'NONE', #240, #1597, #634 ) ;
#934 = PLANE ( 'NONE',  #287 ) ;
#935 = DIRECTION ( 'NONE',  ( 1.000000000000000000, 0.000000000000000000, -1.261617073437677999E-16 ) ) ;
#936 = CARTESIAN_POINT ( 'NONE',  ( -70.16017784508268562, 33.50000000000000000, -68.59939103940322980 ) ) ;
#937 = CARTESIAN_POINT ( 'NONE',  ( -102.0000000000000284, 0.000000000000000000, 28.65827857275333912 ) ) ;
#938 = ADVANCED_FACE ( 'NONE', ( #1983 ), #3336, .F. ) ;
#939 = ORIENTED_EDGE ( 'NONE', *, *, #2510, .F. ) ;
#940 = ORIENTED_EDGE ( 'NONE', *, *, #4155, .F. ) ;
#941 = DIRECTION ( 'NONE',  ( -1.000000000000000000, 0.000000000000000000, 9.912705577010326782E-17 ) ) ;
#942 = FACE_BOUND ( 'NONE', #3281, .T. ) ;
#943 = LINE ( 'NONE', #2274, #1601 ) ;
#944 = ORIENTED_EDGE ( 'NONE', *, *, #3670, .T. ) ;
#945 = DIRECTION ( 'NONE',  ( -0.000000000000000000, 1.000000000000000000, -0.000000000000000000 ) ) ;
#946 = ORIENTED_EDGE ( 'NONE', *, *, #4011, .F. ) ;
#947 = CARTESIAN_POINT ( 'NONE',  ( 80.93286935413618721, 23.50000000000000000, -55.27554995058955711 ) ) ;
#948 = DIRECTION ( 'NONE',  ( 0.000000000000000000, 0.000000000000000000, 1.000000000000000000 ) ) ;
#949 = ORIENTED_EDGE ( 'NONE', *, *, #1181, .F. ) ;
#950 = LINE ( 'NONE', #2892, #3099 ) ;
#951 = EDGE_CURVE ( 'NONE', #3197, #1117, #2984, .T. ) ;
#952 = EDGE_CURVE ( 'NONE', #1701, #1740, #2110, .T. ) ;
#953 = FACE_OUTER_BOUND ( 'NONE', #1227, .T. ) ;
#954 = DIRECTION ( 'NONE',  ( 0.000000000000000000, 0.000000000000000000, 1.000000000000000000 ) ) ;
#955 = LINE ( 'NONE', #1242, #2531 ) ;
#956 = ADVANCED_FACE ( 'NONE', ( #3688 ), #3709, .F. ) ;
#957 = COORDINATED_UNIVERSAL_TIME_OFFSET ( 8, 0, .AHEAD. ) ;
#958 = ORIENTED_EDGE ( 'NONE', *, *, #2045, .F. ) ;
#959 = EDGE_CURVE ( 'NONE', #289, #3743, #2369, .T. ) ;
#960 = CARTESIAN_POINT ( 'NONE',  ( 0.000000000000000000, 33.50000000000000000, -98.66117392250656337 ) ) ;
#961 = FACE_BOUND ( 'NONE', #1504, .T. ) ;
#962 = CARTESIAN_POINT ( 'NONE',  ( 8.932869354136176554, 23.50000000000000000, -50.43083063114010400 ) ) ;
#963 = ORIENTED_EDGE ( 'NONE', *, *, #487, .T. ) ;
#964 = DIRECTION ( 'NONE',  ( 0.000000000000000000, 0.000000000000000000, 1.000000000000000000 ) ) ;
#965 = EDGE_CURVE ( 'NONE', #2438, #1146, #842, .T. ) ;
#966 = EDGE_LOOP ( 'NONE', ( #160, #2724, #1372, #2166 ) ) ;
#967 = DIRECTION ( 'NONE',  ( 0.000000000000000000, 0.000000000000000000, 1.000000000000000000 ) ) ;
#968 = EDGE_LOOP ( 'NONE', ( #476, #2121, #2622, #705 ) ) ;
#969 = CARTESIAN_POINT ( 'NONE',  ( 63.60996136188994399, 23.50000000000000000, -55.27554995058955711 ) ) ;
#970 = VERTEX_POINT ( 'NONE', #2764 ) ;
#971 = CARTESIAN_POINT ( 'NONE',  ( 0.000000000000000000, 9.500000000000000000, 0.000000000000000000 ) ) ;
#972 = DIRECTION ( 'NONE',  ( 0.000000000000000000, 1.000000000000000000, 0.000000000000000000 ) ) ;
#973 = EDGE_CURVE ( 'NONE', #3946, #2024, #1086, .T. ) ;
#974 = CARTESIAN_POINT ( 'NONE',  ( -110.0000000000000284, 3.500000000000000000, -140.0000000000000000 ) ) ;
#975 = CARTESIAN_POINT ( 'NONE',  ( 6.800055661358044059E-15, 3.500000000000000000, -68.59939103940321559 ) ) ;
#976 = AXIS2_PLACEMENT_3D ( 'NONE', #472, #3126, #3405 ) ;
#977 = VERTEX_POINT ( 'NONE', #4169 ) ;
#978 = CARTESIAN_POINT ( 'NONE',  ( 103.5625231134830670, 16.00000000000000000, 14.30447696208897490 ) ) ;
#979 = EDGE_CURVE ( 'NONE', #1708, #1509, #2829, .T. ) ;
#980 = ORIENTED_EDGE ( 'NONE', *, *, #3122, .T. ) ;
#981 = CIRCLE ( 'NONE', #1472, 1.749999999999994671 ) ;
#982 = CARTESIAN_POINT ( 'NONE',  ( -54.88746655341842029, 3.500000000000000000, 77.47682054909699900 ) ) ;
#983 = FACE_BOUND ( 'NONE', #1868, .T. ) ;
#984 = LINE ( 'NONE', #582, #3638 ) ;
#985 = VERTEX_POINT ( 'NONE', #3139 ) ;
#986 = AXIS2_PLACEMENT_3D ( 'NONE', #3751, #755, #3983 ) ;
#987 = DIRECTION ( 'NONE',  ( -0.000000000000000000, 1.000000000000000000, -0.000000000000000000 ) ) ;
#988 = ORIENTED_EDGE ( 'NONE', *, *, #1955, .T. ) ;
#989 = LINE ( 'NONE', #678, #513 ) ;
#990 = AXIS2_PLACEMENT_3D ( 'NONE', #203, #1546, #3909 ) ;
#991 = VECTOR ( 'NONE', #1869, 1000.000000000000000 ) ;
#992 = VECTOR ( 'NONE', #1283, 1000.000000000000000 ) ;
#993 = EDGE_CURVE ( 'NONE', #603, #4181, #2504, .T. ) ;
#994 = ORIENTED_EDGE ( 'NONE', *, *, #2752, .T. ) ;
#995 = CARTESIAN_POINT ( 'NONE',  ( -70.16017784508268562, 3.500000000000000000, -68.59939103940322980 ) ) ;
#996 = VECTOR ( 'NONE', #1637, 1000.000000000000000 ) ;
#997 = ORIENTED_EDGE ( 'NONE', *, *, #164, .F. ) ;
#998 = CC_DESIGN_PERSON_AND_ORGANIZATION_ASSIGNMENT ( #342, #2986, ( #2006 ) ) ;
#999 = AXIS2_PLACEMENT_3D ( 'NONE', #3013, #367, #4310 ) ;
#1000 = CARTESIAN_POINT ( 'NONE',  ( 0.000000000000000000, 33.50000000000000000, -65.59939103940321559 ) ) ;
#1001 = VECTOR ( 'NONE', #2435, 1000.000000000000000 ) ;
#1002 = LINE ( 'NONE', #683, #2324 ) ;
#1003 = CARTESIAN_POINT ( 'NONE',  ( 42.25764484556228950, 0.000000000000000000, -139.0889526560728200 ) ) ;
#1004 = VECTOR ( 'NONE', #3951, 1000.000000000000000 ) ;
#1005 = CARTESIAN_POINT ( 'NONE',  ( 0.000000000000000000, 0.000000000000000000, 0.000000000000000000 ) ) ;
#1006 = ORIENTED_EDGE ( 'NONE', *, *, #495, .T. ) ;
#1007 = AXIS2_PLACEMENT_3D ( 'NONE', #901, #3212, #2566 ) ;
#1008 = ORIENTED_EDGE ( 'NONE', *, *, #3106, .T. ) ;
#1009 = ORIENTED_EDGE ( 'NONE', *, *, #4048, .F. ) ;
#1010 = DIRECTION ( 'NONE',  ( 0.000000000000000000, 1.000000000000000000, 0.000000000000000000 ) ) ;
#1011 = PLANE ( 'NONE',  #2598 ) ;
#1012 = PLANE ( 'NONE',  #439 ) ;
#1013 = VERTEX_POINT ( 'NONE', #2130 ) ;
#1014 = ORIENTED_EDGE ( 'NONE', *, *, #2733, .T. ) ;
#1015 = CARTESIAN_POINT ( 'NONE',  ( 94.00000000000000000, 0.000000000000000000, 72.65827857275347412 ) ) ;
#1016 = DIRECTION ( 'NONE',  ( -0.000000000000000000, 1.000000000000000000, -0.000000000000000000 ) ) ;
#1017 = DIRECTION ( 'NONE',  ( 0.000000000000000000, 1.000000000000000000, -0.000000000000000000 ) ) ;
#1018 = VERTEX_POINT ( 'NONE', #3757 ) ;
#1019 = EDGE_CURVE ( 'NONE', #3015, #2431, #1764, .T. ) ;
#1020 = PLANE ( 'NONE',  #1148 ) ;
#1021 = CARTESIAN_POINT ( 'NONE',  ( 69.83982215491732859, 3.500000000000000000, -98.66117392250656337 ) ) ;
#1022 = DIRECTION ( 'NONE',  ( -1.000000000000000000, 0.000000000000000000, -0.000000000000000000 ) ) ;
#1023 = DIRECTION ( 'NONE',  ( 0.000000000000000000, 1.000000000000000000, 0.000000000000000000 ) ) ;
#1024 = ORIENTED_EDGE ( 'NONE', *, *, #3670, .F. ) ;
#1025 = ORIENTED_EDGE ( 'NONE', *, *, #1113, .T. ) ;
#1026 = FACE_OUTER_BOUND ( 'NONE', #2762, .T. ) ;
#1027 = DIRECTION ( 'NONE',  ( -0.000000000000000000, 1.000000000000000000, -0.000000000000000000 ) ) ;
#1028 = DIRECTION ( 'NONE',  ( 0.000000000000000000, 1.000000000000000000, -0.000000000000000000 ) ) ;
#1029 = ORIENTED_EDGE ( 'NONE', *, *, #53, .F. ) ;
#1030 = EDGE_CURVE ( 'NONE', #1916, #319, #2105, .T. ) ;
#1031 = VERTEX_POINT ( 'NONE', #2417 ) ;
#1032 = CARTESIAN_POINT ( 'NONE',  ( 102.0000000000000853, 0.000000000000000000, 26.65827857275350254 ) ) ;
#1033 = EDGE_CURVE ( 'NONE', #4187, #1237, #4148, .T. ) ;
#1034 = LINE ( 'NONE', #1343, #1131 ) ;
#1035 = APPLICATION_CONTEXT ( 'configuration controlled 3d designs of mechanical parts and assemblies' ) ;
#1036 = DIRECTION ( 'NONE',  ( 1.000000000000000000, 0.000000000000000000, 0.000000000000000000 ) ) ;
#1037 = EDGE_CURVE ( 'NONE', #1916, #4114, #2537, .T. ) ;
#1038 = ORIENTED_EDGE ( 'NONE', *, *, #2668, .T. ) ;
#1039 = PERSON ( 'æœª', 'æœª', 'æœª', ('æœª'), ('æœª'), ('æœª') ) ;
#1040 = CARTESIAN_POINT ( 'NONE',  ( -81.02069052251175663, 3.500000000000000000, 81.45387526922687016 ) ) ;
#1041 = EDGE_CURVE ( 'NONE', #1325, #2007, #388, .T. ) ;
#1042 = DIRECTION ( 'NONE',  ( 0.000000000000000000, 0.000000000000000000, 1.000000000000000000 ) ) ;
#1043 = FACE_BOUND ( 'NONE', #3735, .T. ) ;
#1044 =( NAMED_UNIT ( * ) SI_UNIT ( $, .STERADIAN. ) SOLID_ANGLE_UNIT ( ) );
#1045 = ORIENTED_EDGE ( 'NONE', *, *, #2454, .F. ) ;
#1046 = ORIENTED_EDGE ( 'NONE', *, *, #612, .T. ) ;
#1047 = DIRECTION ( 'NONE',  ( -0.000000000000000000, 1.000000000000000000, -0.000000000000000000 ) ) ;
#1048 = DIRECTION ( 'NONE',  ( -0.000000000000000000, 1.000000000000000000, -0.000000000000000000 ) ) ;
#1049 = DIRECTION ( 'NONE',  ( -1.000000000000000000, -0.000000000000000000, -0.000000000000000000 ) ) ;
#1050 = ORIENTED_EDGE ( 'NONE', *, *, #2413, .F. ) ;
#1051 = ORIENTED_EDGE ( 'NONE', *, *, #979, .T. ) ;
#1052 = CARTESIAN_POINT ( 'NONE',  ( -103.1118043018568784, 0.000000000000000000, -97.19844222071972695 ) ) ;
#1053 = AXIS2_PLACEMENT_3D ( 'NONE', #1485, #541, #1526 ) ;
#1054 = EDGE_CURVE ( 'NONE', #3391, #345, #2674, .T. ) ;
#1055 = CARTESIAN_POINT ( 'NONE',  ( 6.800055661358044059E-15, 33.50000000000000000, -68.59939103940321559 ) ) ;
#1056 = DIRECTION ( 'NONE',  ( -0.000000000000000000, 1.000000000000000000, -0.000000000000000000 ) ) ;
#1057 = CARTESIAN_POINT ( 'NONE',  ( -68.60989732364136273, 0.000000000000000000, -10.85089711319648131 ) ) ;
#1058 = ORIENTED_EDGE ( 'NONE', *, *, #1870, .F. ) ;
#1059 = VECTOR ( 'NONE', #2920, 1000.000000000000000 ) ;
#1060 = AXIS2_PLACEMENT_3D ( 'NONE', #2057, #2711, #695 ) ;
#1061 = AXIS2_PLACEMENT_3D ( 'NONE', #4101, #2347, #3477 ) ;
#1062 = CARTESIAN_POINT ( 'NONE',  ( 103.5625231134830670, 16.00000000000000000, -16.06145784142133337 ) ) ;
#1063 = DIRECTION ( 'NONE',  ( 0.000000000000000000, -1.000000000000000000, 0.000000000000000000 ) ) ;
#1064 = AXIS2_PLACEMENT_3D ( 'NONE', #923, #2887, #3543 ) ;
#1065 = FACE_BOUND ( 'NONE', #1174, .T. ) ;
#1066 = VECTOR ( 'NONE', #2516, 1000.000000000000000 ) ;
#1067 = VECTOR ( 'NONE', #1063, 1000.000000000000000 ) ;
#1068 = ORIENTED_EDGE ( 'NONE', *, *, #684, .T. ) ;
#1069 = DIRECTION ( 'NONE',  ( 0.000000000000000000, 0.000000000000000000, -1.000000000000000000 ) ) ;
#1070 = CIRCLE ( 'NONE', #2041, 1.999999999999988010 ) ;
#1071 = VECTOR ( 'NONE', #3922, 1000.000000000000000 ) ;
#1072 = ORIENTED_EDGE ( 'NONE', *, *, #2806, .T. ) ;
#1073 = EDGE_CURVE ( 'NONE', #4045, #689, #3072, .T. ) ;
#1074 = CARTESIAN_POINT ( 'NONE',  ( 103.5625231134830670, 3.500000000000000000, 14.30447696208897490 ) ) ;
#1075 = AXIS2_PLACEMENT_3D ( 'NONE', #2470, #2749, #2311 ) ;
#1076 = CARTESIAN_POINT ( 'NONE',  ( 103.1118043018571768, 0.000000000000000000, -95.19844222072063644 ) ) ;
#1077 = DIRECTION ( 'NONE',  ( 0.000000000000000000, 1.000000000000000000, -0.000000000000000000 ) ) ;
#1078 = ORIENTED_EDGE ( 'NONE', *, *, #3629, .F. ) ;
#1079 = VERTEX_POINT ( 'NONE', #3161 ) ;
#1080 = DIRECTION ( 'NONE',  ( -0.000000000000000000, 1.000000000000000000, -0.000000000000000000 ) ) ;
#1081 = PLANE ( 'NONE',  #783 ) ;
#1082 = DIRECTION ( 'NONE',  ( 0.000000000000000000, 0.000000000000000000, -1.000000000000000000 ) ) ;
#1083 = DIRECTION ( 'NONE',  ( -0.000000000000000000, -1.000000000000000000, -0.000000000000000000 ) ) ;
#1084 = ORIENTED_EDGE ( 'NONE', *, *, #1037, .T. ) ;
#1085 = DIRECTION ( 'NONE',  ( 0.000000000000000000, 0.000000000000000000, 1.000000000000000000 ) ) ;
#1086 = LINE ( 'NONE', #1822, #4206 ) ;
#1087 = ADVANCED_FACE ( 'NONE', ( #3840 ), #2486, .F. ) ;
#1088 = FACE_OUTER_BOUND ( 'NONE', #3045, .T. ) ;
#1089 = PLANE ( 'NONE',  #2742 ) ;
#1090 = ORIENTED_EDGE ( 'NONE', *, *, #4195, .F. ) ;
#1091 = DIRECTION ( 'NONE',  ( 0.000000000000000000, -0.000000000000000000, -1.000000000000000000 ) ) ;
#1092 = ORIENTED_EDGE ( 'NONE', *, *, #877, .T. ) ;
#1093 = DIRECTION ( 'NONE',  ( -1.000000000000000000, 0.000000000000000000, -0.000000000000000000 ) ) ;
#1094 = FACE_OUTER_BOUND ( 'NONE', #2446, .T. ) ;
#1095 = DIRECTION ( 'NONE',  ( 0.000000000000000000, 1.000000000000000000, -0.000000000000000000 ) ) ;
#1096 = ORIENTED_EDGE ( 'NONE', *, *, #2064, .F. ) ;
#1097 = EDGE_CURVE ( 'NONE', #2183, #2134, #4152, .T. ) ;
#1098 = ORIENTED_EDGE ( 'NONE', *, *, #211, .F. ) ;
#1099 = LINE ( 'NONE', #2448, #917 ) ;
#1100 = CARTESIAN_POINT ( 'NONE',  ( 0.000000000000000000, 16.00000000000000000, 92.33854215857867587 ) ) ;
#1101 = LINE ( 'NONE', #4049, #1948 ) ;
#1102 = ADVANCED_FACE ( 'NONE', ( #534 ), #1498, .F. ) ;
#1103 = DIRECTION ( 'NONE',  ( -0.000000000000000000, -1.000000000000000000, 0.000000000000000000 ) ) ;
#1104 = ORIENTED_EDGE ( 'NONE', *, *, #3707, .F. ) ;
#1105 = PLANE ( 'NONE',  #2047 ) ;
#1106 = DIRECTION ( 'NONE',  ( -0.000000000000000000, -1.000000000000000000, -0.000000000000000000 ) ) ;
#1107 = FACE_OUTER_BOUND ( 'NONE', #3314, .T. ) ;
#1108 = ADVANCED_FACE ( 'NONE', ( #1088 ), #3465, .F. ) ;
#1109 = ORIENTED_EDGE ( 'NONE', *, *, #149, .T. ) ;
#1110 = DIRECTION ( 'NONE',  ( -0.000000000000000000, 1.000000000000000000, -0.000000000000000000 ) ) ;
#1111 = EDGE_LOOP ( 'NONE', ( #2686, #3635, #1142, #840 ) ) ;
#1113 = EDGE_CURVE ( 'NONE', #3131, #2389, #3029, .T. ) ;
#1112 = CARTESIAN_POINT ( 'NONE',  ( 69.83982215491732859, 3.500000000000000000, -0.000000000000000000 ) ) ;
#1114 = CARTESIAN_POINT ( 'NONE',  ( 100.5625231134830670, 16.00000000000000000, 0.000000000000000000 ) ) ;
#1115 = CYLINDRICAL_SURFACE ( 'NONE', #238, 1.749999999999994671 ) ;
#1116 = EDGE_CURVE ( 'NONE', #1284, #484, #2043, .T. ) ;
#1117 = VERTEX_POINT ( 'NONE', #1499 ) ;
#1118 = ORIENTED_EDGE ( 'NONE', *, *, #1711, .F. ) ;
#1119 = CARTESIAN_POINT ( 'NONE',  ( 94.00000000000005684, 0.000000000000000000, 40.65827857275348123 ) ) ;
#1120 = AXIS2_PLACEMENT_3D ( 'NONE', #2712, #739, #2636 ) ;
#1121 = DIRECTION ( 'NONE',  ( 0.000000000000000000, -0.000000000000000000, -1.000000000000000000 ) ) ;
#1122 = DIRECTION ( 'NONE',  ( -7.138779736530069592E-17, -0.000000000000000000, 1.000000000000000000 ) ) ;
#1123 = DIRECTION ( 'NONE',  ( 1.261617073437677999E-16, -0.000000000000000000, 1.000000000000000000 ) ) ;
#1124 = LINE ( 'NONE', #3458, #3795 ) ;
#1125 = VERTEX_POINT ( 'NONE', #2460 ) ;
#1126 = ADVANCED_FACE ( 'NONE', ( #3530 ), #827, .F. ) ;
#1127 = VECTOR ( 'NONE', #1395, 1000.000000000000000 ) ;
#1128 = DIRECTION ( 'NONE',  ( 0.000000000000000000, 0.000000000000000000, -1.000000000000000000 ) ) ;
#1129 = DIRECTION ( 'NONE',  ( 0.000000000000000000, 1.000000000000000000, 0.000000000000000000 ) ) ;
#1130 = CARTESIAN_POINT ( 'NONE',  ( -68.60989732364136273, 3.500000000000000000, -7.350897113196486643 ) ) ;
#1131 = VECTOR ( 'NONE', #2076, 1000.000000000000000 ) ;
#1132 = VECTOR ( 'NONE', #1209, 1000.000000000000000 ) ;
#1133 = AXIS2_PLACEMENT_3D ( 'NONE', #332, #3916, #2547 ) ;
#1134 = CARTESIAN_POINT ( 'NONE',  ( -41.74235515443771760, 3.500000000000000000, -111.9889526560728257 ) ) ;
#1135 = EDGE_LOOP ( 'NONE', ( #1072, #2559 ) ) ;
#1136 = FACE_OUTER_BOUND ( 'NONE', #2269, .T. ) ;
#1137 = LINE ( 'NONE', #1720, #2390 ) ;
#1138 = VERTEX_POINT ( 'NONE', #642 ) ;
#1139 = AXIS2_PLACEMENT_3D ( 'NONE', #2667, #1027, #3695 ) ;
#1140 = VECTOR ( 'NONE', #910, 1000.000000000000000 ) ;
#1141 = DIRECTION ( 'NONE',  ( -0.000000000000000000, -1.000000000000000000, 0.000000000000000000 ) ) ;
#1142 = ORIENTED_EDGE ( 'NONE', *, *, #298, .F. ) ;
#1143 = CIRCLE ( 'NONE', #2040, 1.749999999999999778 ) ;
#1144 = VECTOR ( 'NONE', #93, 1000.000000000000000 ) ;
#1145 = ADVANCED_FACE ( 'NONE', ( #3291 ), #1639, .F. ) ;
#1146 = VERTEX_POINT ( 'NONE', #2063 ) ;
#1147 = ORIENTED_EDGE ( 'NONE', *, *, #696, .T. ) ;
#1148 = AXIS2_PLACEMENT_3D ( 'NONE', #3335, #3002, #3708 ) ;
#1149 = DIRECTION ( 'NONE',  ( -1.000000000000000000, 0.000000000000000000, 1.261617073437677999E-16 ) ) ;
#1150 = LINE ( 'NONE', #2480, #3577 ) ;
#1151 = DIRECTION ( 'NONE',  ( -0.000000000000000000, -1.000000000000000000, -0.000000000000000000 ) ) ;
#1152 = CARTESIAN_POINT ( 'NONE',  ( 102.0000000000000853, 0.000000000000000000, 30.65827857275351320 ) ) ;
#1153 = ORIENTED_EDGE ( 'NONE', *, *, #2676, .T. ) ;
#1154 = CARTESIAN_POINT ( 'NONE',  ( 82.02773986518441518, 9.500000000000000000, 92.33854215857867587 ) ) ;
#1155 = EDGE_LOOP ( 'NONE', ( #1728, #4087, #1542, #1598 ) ) ;
#1156 = DIRECTION ( 'NONE',  ( 0.000000000000000000, 0.000000000000000000, -1.000000000000000000 ) ) ;
#1157 = ADVANCED_FACE ( 'NONE', ( #1107 ), #701, .F. ) ;
#1158 = DIRECTION ( 'NONE',  ( -1.000000000000000000, 0.000000000000000000, 0.000000000000000000 ) ) ;
#1159 = VERTEX_POINT ( 'NONE', #4085 ) ;
#1160 = ORIENTED_EDGE ( 'NONE', *, *, #2839, .F. ) ;
#1161 = CARTESIAN_POINT ( 'NONE',  ( 82.93286935413618721, 3.500000000000000000, -57.27554995058955711 ) ) ;
#1162 = ORIENTED_EDGE ( 'NONE', *, *, #2507, .T. ) ;
#1163 = ORIENTED_EDGE ( 'NONE', *, *, #1695, .T. ) ;
#1164 = ORIENTED_EDGE ( 'NONE', *, *, #3718, .T. ) ;
#1165 = CARTESIAN_POINT ( 'NONE',  ( -70.16017784508268562, 3.500000000000000000, -0.000000000000000000 ) ) ;
#1166 = EDGE_CURVE ( 'NONE', #2767, #1617, #1387, .T. ) ;
#1167 = DIRECTION ( 'NONE',  ( 0.000000000000000000, 0.000000000000000000, 1.000000000000000000 ) ) ;
#1168 = CYLINDRICAL_SURFACE ( 'NONE', #311, 1.600000000000004086 ) ;
#1169 = ORIENTED_EDGE ( 'NONE', *, *, #2175, .T. ) ;
#1170 = DIRECTION ( 'NONE',  ( 0.000000000000000000, 0.000000000000000000, 1.000000000000000000 ) ) ;
#1171 = ORIENTED_EDGE ( 'NONE', *, *, #915, .T. ) ;
#1172 = DIRECTION ( 'NONE',  ( -0.000000000000000000, -0.000000000000000000, -1.000000000000000000 ) ) ;
#1173 = ADVANCED_FACE ( 'NONE', ( #3418, #1065, #442, #49, #3400, #763, #423, #2418, #3710, #2720, #4057, #2397, #25, #4036, #95, #3689, #1434, #2436, #2766, #3739, #745, #4106, #3758, #3076, #1737, #2022, #2084, #2046, #1762, #2352, #1410, #3778, #782, #1043, #3382, #2746 ), #1089, .T. ) ;
#1174 = EDGE_LOOP ( 'NONE', ( #20, #33, #3606, #3327 ) ) ;
#1175 = CARTESIAN_POINT ( 'NONE',  ( 103.1118043018571768, 0.000000000000000000, -95.19844222072063644 ) ) ;
#1176 = EDGE_CURVE ( 'NONE', #1647, #3303, #3030, .T. ) ;
#1177 = EDGE_CURVE ( 'NONE', #3846, #3110, #3583, .T. ) ;
#1178 = CYLINDRICAL_SURFACE ( 'NONE', #1966, 1.749999999999999778 ) ;
#1179 = ORIENTED_EDGE ( 'NONE', *, *, #2507, .F. ) ;
#1180 = CARTESIAN_POINT ( 'NONE',  ( 63.60996136188994399, 23.50000000000000000, -32.97554995058955996 ) ) ;
#1181 = EDGE_CURVE ( 'NONE', #2652, #1495, #3932, .T. ) ;
#1182 = VERTEX_POINT ( 'NONE', #1698 ) ;
#1183 = ORIENTED_EDGE ( 'NONE', *, *, #2421, .F. ) ;
#1184 = CARTESIAN_POINT ( 'NONE',  ( -23.02069052251176018, -1.500000000000000000, -4.546124730773125400 ) ) ;
#1185 = DIRECTION ( 'NONE',  ( 1.000000000000000000, -0.000000000000000000, -0.000000000000000000 ) ) ;
#1186 = LINE ( 'NONE', #479, #1334 ) ;
#1187 = FACE_OUTER_BOUND ( 'NONE', #278, .T. ) ;
#1188 = ORIENTED_EDGE ( 'NONE', *, *, #158, .T. ) ;
#1189 = VECTOR ( 'NONE', #1950, 1000.000000000000000 ) ;
#1190 = CARTESIAN_POINT ( 'NONE',  ( -94.00000000000002842, 3.500000000000000000, 40.65827857275334622 ) ) ;
#1191 = ORIENTED_EDGE ( 'NONE', *, *, #2601, .F. ) ;
#1192 = LINE ( 'NONE', #2487, #2541 ) ;
#1193 = VECTOR ( 'NONE', #1851, 1000.000000000000000 ) ;
#1194 = CIRCLE ( 'NONE', #713, 2.000000000000001776 ) ;
#1195 = FACE_OUTER_BOUND ( 'NONE', #175, .T. ) ;
#1196 = CARTESIAN_POINT ( 'NONE',  ( 102.0000000000000853, 0.000000000000000000, 28.65827857275350610 ) ) ;
#1197 = LINE ( 'NONE', #4233, #3863 ) ;
#1198 = ORIENTED_EDGE ( 'NONE', *, *, #2895, .F. ) ;
#1199 = LINE ( 'NONE', #2534, #996 ) ;
#1200 = AXIS2_PLACEMENT_3D ( 'NONE', #937, #1525, #1933 ) ;
#1201 = VECTOR ( 'NONE', #3193, 1000.000000000000000 ) ;
#1202 = LINE ( 'NONE', #3266, #4198 ) ;
#1203 = ORIENTED_EDGE ( 'NONE', *, *, #4090, .T. ) ;
#1204 = AXIS2_PLACEMENT_3D ( 'NONE', #1052, #2647, #2994 ) ;
#1205 = AXIS2_PLACEMENT_3D ( 'NONE', #4129, #468, #1785 ) ;
#1206 = ADVANCED_FACE ( 'NONE', ( #1784 ), #3804, .F. ) ;
#1207 = ORIENTED_EDGE ( 'NONE', *, *, #2982, .F. ) ;
#1208 = ORIENTED_EDGE ( 'NONE', *, *, #1562, .T. ) ;
#1209 = DIRECTION ( 'NONE',  ( -0.000000000000000000, 1.000000000000000000, -0.000000000000000000 ) ) ;
#1210 = VECTOR ( 'NONE', #1110, 1000.000000000000000 ) ;
#1211 = AXIS2_PLACEMENT_3D ( 'NONE', #47, #4034, #1042 ) ;
#1212 = DIRECTION ( 'NONE',  ( 0.000000000000000000, 1.000000000000000000, 0.000000000000000000 ) ) ;
#1213 = DIRECTION ( 'NONE',  ( -0.000000000000000000, -0.000000000000000000, -1.000000000000000000 ) ) ;
#1214 = PLANE ( 'NONE',  #4075 ) ;
#1215 = ORIENTED_EDGE ( 'NONE', *, *, #149, .F. ) ;
#1216 = VECTOR ( 'NONE', #3886, 1000.000000000000000 ) ;
#1217 = VECTOR ( 'NONE', #3596, 1000.000000000000000 ) ;
#1218 = CARTESIAN_POINT ( 'NONE',  ( -110.0000000000000284, 3.500000000000000000, -140.0000000000000000 ) ) ;
#1219 = DIRECTION ( 'NONE',  ( -0.000000000000000000, 0.000000000000000000, 1.000000000000000000 ) ) ;
#1220 = DIRECTION ( 'NONE',  ( -1.000000000000000000, -0.000000000000000000, -0.000000000000000000 ) ) ;
#1221 = DIRECTION ( 'NONE',  ( -0.000000000000000000, 1.000000000000000000, -0.000000000000000000 ) ) ;
#1222 = EDGE_CURVE ( 'NONE', #1516, #4244, #2831, .T. ) ;
#1223 = LINE ( 'NONE', #2554, #3655 ) ;
#1224 = ORIENTED_EDGE ( 'NONE', *, *, #4190, .T. ) ;
#1225 = DIRECTION ( 'NONE',  ( 1.000000000000000000, -0.000000000000000000, 0.000000000000000000 ) ) ;
#1226 = ORIENTED_EDGE ( 'NONE', *, *, #2188, .T. ) ;
#1227 = EDGE_LOOP ( 'NONE', ( #1997, #2845, #4062, #1852 ) ) ;
#1228 = ORIENTED_EDGE ( 'NONE', *, *, #630, .F. ) ;
#1229 = DIRECTION ( 'NONE',  ( 0.000000000000000000, 0.000000000000000000, -1.000000000000000000 ) ) ;
#1230 = CARTESIAN_POINT ( 'NONE',  ( 82.02773986518441518, 3.500000000000000000, 87.67493557501117607 ) ) ;
#1231 = EDGE_CURVE ( 'NONE', #3047, #2183, #844, .T. ) ;
#1232 = DIRECTION ( 'NONE',  ( 1.000000000000000000, 0.000000000000000000, 0.000000000000000000 ) ) ;
#1233 = DIRECTION ( 'NONE',  ( 0.000000000000000000, 0.000000000000000000, -1.000000000000000000 ) ) ;
#1234 = ORIENTED_EDGE ( 'NONE', *, *, #2787, .T. ) ;
#1235 = CYLINDRICAL_SURFACE ( 'NONE', #2526, 1.999999999999994893 ) ;
#1236 = CARTESIAN_POINT ( 'NONE',  ( -103.1118043018568784, 0.000000000000000000, -135.4984422207197099 ) ) ;
#1237 = VERTEX_POINT ( 'NONE', #1130 ) ;
#1238 = CARTESIAN_POINT ( 'NONE',  ( -23.02069052251176018, 0.000000000000000000, 83.05387526922686448 ) ) ;
#1239 = EDGE_LOOP ( 'NONE', ( #2832, #3390 ) ) ;
#1240 = EDGE_LOOP ( 'NONE', ( #652, #2804 ) ) ;
#1241 = DIRECTION ( 'NONE',  ( 0.000000000000000000, 0.000000000000000000, -1.000000000000000000 ) ) ;
#1242 = CARTESIAN_POINT ( 'NONE',  ( -81.02069052251175663, -1.500000000000000000, -4.546124730773122735 ) ) ;
#1243 = ORIENTED_EDGE ( 'NONE', *, *, #3748, .F. ) ;
#1244 = CYLINDRICAL_SURFACE ( 'NONE', #4142, 1.750000000000001554 ) ;
#1245 = EDGE_CURVE ( 'NONE', #484, #676, #2170, .T. ) ;
#1246 = CARTESIAN_POINT ( 'NONE',  ( 69.83982215491732859, 33.50000000000000000, 0.000000000000000000 ) ) ;
#1247 = VERTEX_POINT ( 'NONE', #2194 ) ;
#1248 = ORIENTED_EDGE ( 'NONE', *, *, #3005, .F. ) ;
#1249 = FACE_OUTER_BOUND ( 'NONE', #2836, .T. ) ;
#1250 = EDGE_CURVE ( 'NONE', #2290, #832, #2867, .T. ) ;
#1251 = LINE ( 'NONE', #3894, #1482 ) ;
#1252 = CARTESIAN_POINT ( 'NONE',  ( 42.25764484556228950, 3.500000000000000000, -110.3889526560728171 ) ) ;
#1253 = CARTESIAN_POINT ( 'NONE',  ( 94.00000000000005684, 0.000000000000000000, 42.65827857275347412 ) ) ;
#1254 = ORIENTED_EDGE ( 'NONE', *, *, #2955, .F. ) ;
#1255 = PLANE ( 'NONE',  #3919 ) ;
#1256 = CARTESIAN_POINT ( 'NONE',  ( 96.31225393141707514, 9.500000000000000000, -7.122294137259994606 ) ) ;
#1257 = ORIENTED_EDGE ( 'NONE', *, *, #2966, .F. ) ;
#1258 = VECTOR ( 'NONE', #2824, 1000.000000000000000 ) ;
#1259 = DIRECTION ( 'NONE',  ( -0.000000000000000000, 0.000000000000000000, 1.000000000000000000 ) ) ;
#1260 = EDGE_CURVE ( 'NONE', #1617, #3131, #828, .T. ) ;
#1261 = ORIENTED_EDGE ( 'NONE', *, *, #3460, .F. ) ;
#1262 = CARTESIAN_POINT ( 'NONE',  ( 5.262523113483076109, 16.00000000000000000, -6.495983672554305803E-16 ) ) ;
#1263 = DIRECTION ( 'NONE',  ( 0.000000000000000000, 0.000000000000000000, 1.000000000000000000 ) ) ;
#1264 = LINE ( 'NONE', #2967, #3651 ) ;
#1265 = ORIENTED_EDGE ( 'NONE', *, *, #4082, .F. ) ;
#1266 = LINE ( 'NONE', #2592, #1970 ) ;
#1267 = DIRECTION ( 'NONE',  ( -0.000000000000000000, 1.000000000000000000, -0.000000000000000000 ) ) ;
#1268 = VERTEX_POINT ( 'NONE', #4171 ) ;
#1269 = VERTEX_POINT ( 'NONE', #887 ) ;
#1270 = VERTEX_POINT ( 'NONE', #3864 ) ;
#1271 = VECTOR ( 'NONE', #1272, 1000.000000000000000 ) ;
#1272 = DIRECTION ( 'NONE',  ( -0.000000000000000000, -1.000000000000000000, -0.000000000000000000 ) ) ;
#1273 = LINE ( 'NONE', #3302, #4259 ) ;
#1274 = AXIS2_PLACEMENT_3D ( 'NONE', #1620, #2206, #2298 ) ;
#1275 = CARTESIAN_POINT ( 'NONE',  ( 8.932869354136176554, 3.499999999999999556, -50.43083063114010400 ) ) ;
#1276 = ORIENTED_EDGE ( 'NONE', *, *, #823, .T. ) ;
#1277 = VECTOR ( 'NONE', #3475, 1000.000000000000000 ) ;
#1278 = CARTESIAN_POINT ( 'NONE',  ( 80.93286935413618721, 3.500000000000000000, -34.97554995058955996 ) ) ;
#1279 = DIRECTION ( 'NONE',  ( 1.000000000000000000, 0.000000000000000000, 0.000000000000000000 ) ) ;
#1280 = AXIS2_PLACEMENT_3D ( 'NONE', #4232, #3219, #954 ) ;
#1281 = ORIENTED_EDGE ( 'NONE', *, *, #3338, .F. ) ;
#1282 = VECTOR ( 'NONE', #4084, 1000.000000000000000 ) ;
#1283 = DIRECTION ( 'NONE',  ( -0.000000000000000000, 1.000000000000000000, 0.000000000000000000 ) ) ;
#1284 = VERTEX_POINT ( 'NONE', #4207 ) ;
#1285 = CIRCLE ( 'NONE', #3665, 1.999999999999994893 ) ;
#1286 = DIRECTION ( 'NONE',  ( 1.000000000000000000, 0.000000000000000000, -5.782411586589357392E-17 ) ) ;
#1287 = LINE ( 'NONE', #598, #4004 ) ;
#1288 = EDGE_CURVE ( 'NONE', #832, #3921, #1476, .T. ) ;
#1289 = FACE_OUTER_BOUND ( 'NONE', #3247, .T. ) ;
#1290 = DIRECTION ( 'NONE',  ( -1.000000000000000000, 0.000000000000000000, -0.000000000000000000 ) ) ;
#1291 = PLANE ( 'NONE',  #1611 ) ;
#1292 = ORIENTED_EDGE ( 'NONE', *, *, #43, .F. ) ;
#1293 = ORIENTED_EDGE ( 'NONE', *, *, #3818, .F. ) ;
#1294 = CARTESIAN_POINT ( 'NONE',  ( -10.60989732364136451, 0.000000000000000000, -9.100897113196490196 ) ) ;
#1295 = DIRECTION ( 'NONE',  ( 0.000000000000000000, 1.000000000000000000, -0.000000000000000000 ) ) ;
#1296 = CARTESIAN_POINT ( 'NONE',  ( 69.83982215491732859, 13.50000000000000000, -92.36594344762063713 ) ) ;
#1297 = ORIENTED_EDGE ( 'NONE', *, *, #291, .F. ) ;
#1298 = CARTESIAN_POINT ( 'NONE',  ( 0.000000000000000000, 33.50000000000000000, 0.000000000000000000 ) ) ;
#1299 = ORIENTED_EDGE ( 'NONE', *, *, #525, .F. ) ;
#1300 = EDGE_CURVE ( 'NONE', #1182, #3453, #535, .T. ) ;
#1301 = CARTESIAN_POINT ( 'NONE',  ( -10.60989732364136984, 3.500000000000000000, -58.10089711319649552 ) ) ;
#1302 = CARTESIAN_POINT ( 'NONE',  ( 94.00000000000005684, 0.000000000000000000, 40.65827857275348123 ) ) ;
#1303 = EDGE_LOOP ( 'NONE', ( #2328, #1045, #4069, #3086, #1829, #305 ) ) ;
#1304 = LINE ( 'NONE', #2260, #1071 ) ;
#1305 = ORIENTED_EDGE ( 'NONE', *, *, #1722, .T. ) ;
#1306 = ADVANCED_FACE ( 'NONE', ( #157 ), #2147, .F. ) ;
#1307 = DIRECTION ( 'NONE',  ( -0.000000000000000000, -1.000000000000000000, -0.000000000000000000 ) ) ;
#1308 = CARTESIAN_POINT ( 'NONE',  ( 109.9999999999999716, 3.500000000000000000, -140.0000000000000284 ) ) ;
#1309 = PLANE ( 'NONE',  #4001 ) ;
#1310 = EDGE_LOOP ( 'NONE', ( #1316, #1819, #3789, #2060 ) ) ;
#1311 = LINE ( 'NONE', #2307, #26 ) ;
#1312 = EDGE_CURVE ( 'NONE', #2441, #3480, #667, .T. ) ;
#1313 = DIRECTION ( 'NONE',  ( -0.000000000000000000, 1.000000000000000000, -0.000000000000000000 ) ) ;
#1314 = ORIENTED_EDGE ( 'NONE', *, *, #604, .F. ) ;
#1315 = ORIENTED_EDGE ( 'NONE', *, *, #3334, .T. ) ;
#1316 = ORIENTED_EDGE ( 'NONE', *, *, #1030, .F. ) ;
#1317 = CARTESIAN_POINT ( 'NONE',  ( 103.5625231134830670, 2.899999999999999911, 14.30447696208897490 ) ) ;
#1318 = DIRECTION ( 'NONE',  ( 0.000000000000000000, 1.000000000000000000, -0.000000000000000000 ) ) ;
#1319 = DIRECTION ( 'NONE',  ( 0.000000000000000000, 0.000000000000000000, 1.000000000000000000 ) ) ;
#1320 = VERTEX_POINT ( 'NONE', #1175 ) ;
#1321 = VERTEX_POINT ( 'NONE', #3483 ) ;
#1322 = CARTESIAN_POINT ( 'NONE',  ( -80.99248113370278190, -16.50000000000000000, 41.55453552836380027 ) ) ;
#1323 = ORIENTED_EDGE ( 'NONE', *, *, #80, .F. ) ;
#1324 = FACE_OUTER_BOUND ( 'NONE', #489, .T. ) ;
#1325 = VERTEX_POINT ( 'NONE', #2131 ) ;
#1326 = CARTESIAN_POINT ( 'NONE',  ( 10.93286935413617655, 23.50000000000000000, -55.27554995058954290 ) ) ;
#1327 = ORIENTED_EDGE ( 'NONE', *, *, #2820, .F. ) ;
#1328 = LINE ( 'NONE', #403, #2114 ) ;
#1329 = CARTESIAN_POINT ( 'NONE',  ( -102.0000000000000284, 3.500000000000000000, 88.65827857275333201 ) ) ;
#1330 = VERTEX_POINT ( 'NONE', #2551 ) ;
#1331 = AXIS2_PLACEMENT_3D ( 'NONE', #552, #247, #3885 ) ;
#1332 = APPROVAL_STATUS ( 'not_yet_approved' ) ;
#1333 = VERTEX_POINT ( 'NONE', #1848 ) ;
#1334 = VECTOR ( 'NONE', #838, 1000.000000000000000 ) ;
#1335 = VERTEX_POINT ( 'NONE', #183 ) ;
#1336 = VECTOR ( 'NONE', #1049, 1000.000000000000000 ) ;
#1337 = CARTESIAN_POINT ( 'NONE',  ( 96.31225393141707514, 9.500000000000000000, -7.122294137259994606 ) ) ;
#1338 = FACE_BOUND ( 'NONE', #2791, .T. ) ;
#1339 = CARTESIAN_POINT ( 'NONE',  ( -102.0000000000000284, 0.000000000000000000, 28.65827857275333912 ) ) ;
#1340 = ORIENTED_EDGE ( 'NONE', *, *, #2100, .T. ) ;
#1341 = EDGE_CURVE ( 'NONE', #1636, #1980, #1192, .T. ) ;
#1342 = CARTESIAN_POINT ( 'NONE',  ( -68.60989732364136273, 0.000000000000000000, -59.85089711319648131 ) ) ;
#1343 = CARTESIAN_POINT ( 'NONE',  ( -9.482610522449854460E-15, 3.500000000000000000, -95.66117392250656337 ) ) ;
#1344 = AXIS2_PLACEMENT_3D ( 'NONE', #2999, #1036, #401 ) ;
#1345 = CARTESIAN_POINT ( 'NONE',  ( 0.000000000000000000, 0.000000000000000000, 41.55453552836380027 ) ) ;
#1346 = CC_DESIGN_APPROVAL ( #1530, ( #2006 ) ) ;
#1347 = VECTOR ( 'NONE', #1748, 1000.000000000000000 ) ;
#1348 = AXIS2_PLACEMENT_3D ( 'NONE', #2644, #1662, #2991 ) ;
#1349 = CARTESIAN_POINT ( 'NONE',  ( 34.59899631325689739, 3.499999999999999556, -57.27554995058955711 ) ) ;
#1350 = FACE_OUTER_BOUND ( 'NONE', #4255, .T. ) ;
#1351 = EDGE_LOOP ( 'NONE', ( #2946, #1457, #1092, #1480 ) ) ;
#1352 = DIRECTION ( 'NONE',  ( 0.000000000000000000, 0.000000000000000000, -1.000000000000000000 ) ) ;
#1353 = CARTESIAN_POINT ( 'NONE',  ( 46.57744732422547429, -96.42354657426406561, -140.0000000000000284 ) ) ;
#1354 = ADVANCED_FACE ( 'NONE', ( #3183 ), #134, .F. ) ;
#1355 = APPROVAL_ROLE ( '' ) ;
#1356 = EDGE_LOOP ( 'NONE', ( #135, #1754, #914, #2244 ) ) ;
#1357 = ORIENTED_EDGE ( 'NONE', *, *, #1466, .F. ) ;
#1358 = DIRECTION ( 'NONE',  ( -0.000000000000000000, -1.000000000000000000, -0.000000000000000000 ) ) ;
#1359 = FACE_BOUND ( 'NONE', #274, .T. ) ;
#1360 = DIRECTION ( 'NONE',  ( -1.000000000000000000, 0.000000000000000000, -0.000000000000000000 ) ) ;
#1361 = ORIENTED_EDGE ( 'NONE', *, *, #1668, .T. ) ;
#1362 = ORIENTED_EDGE ( 'NONE', *, *, #965, .F. ) ;
#1363 = CARTESIAN_POINT ( 'NONE',  ( 82.02773986518441518, 16.00000000000000000, 95.33854215857867587 ) ) ;
#1364 = CARTESIAN_POINT ( 'NONE',  ( 102.0000000000000142, 0.000000000000000000, 86.65827857275348833 ) ) ;
#1365 = CARTESIAN_POINT ( 'NONE',  ( 69.83982215491732859, 33.50000000000000000, -98.66117392250656337 ) ) ;
#1366 = VERTEX_POINT ( 'NONE', #216 ) ;
#1367 = LINE ( 'NONE', #1000, #3227 ) ;
#1368 = FACE_OUTER_BOUND ( 'NONE', #1155, .T. ) ;
#1369 = DIRECTION ( 'NONE',  ( 0.000000000000000000, 0.000000000000000000, 1.000000000000000000 ) ) ;
#1370 = APPLICATION_PROTOCOL_DEFINITION ( 'international standard', 'config_control_design', 1994, #1035 ) ;
#1371 = EDGE_CURVE ( 'NONE', #3303, #3921, #1824, .T. ) ;
#1372 = ORIENTED_EDGE ( 'NONE', *, *, #1823, .F. ) ;
#1373 = DIRECTION ( 'NONE',  ( -0.000000000000000000, 1.000000000000000000, -0.000000000000000000 ) ) ;
#1374 = CARTESIAN_POINT ( 'NONE',  ( -41.74235515443771760, -6.500000000000000888, -139.0889526560728200 ) ) ;
#1375 = FACE_OUTER_BOUND ( 'NONE', #2781, .T. ) ;
#1376 = VERTEX_POINT ( 'NONE', #486 ) ;
#1377 = ORIENTED_EDGE ( 'NONE', *, *, #2001, .T. ) ;
#1378 = CARTESIAN_POINT ( 'NONE',  ( 2.262523113483074333, 2.899999999999999911, -16.06145784142133337 ) ) ;
#1379 = EDGE_CURVE ( 'NONE', #1793, #2360, #2525, .T. ) ;
#1380 = DIRECTION ( 'NONE',  ( 1.000000000000000000, 0.000000000000000000, -0.000000000000000000 ) ) ;
#1381 = CARTESIAN_POINT ( 'NONE',  ( 0.000000000000000000, 33.50000000000000000, -98.66117392250656337 ) ) ;
#1382 = DIRECTION ( 'NONE',  ( -1.000000000000000000, 0.000000000000000000, 0.000000000000000000 ) ) ;
#1383 = ORIENTED_EDGE ( 'NONE', *, *, #3760, .F. ) ;
#1384 = DIRECTION ( 'NONE',  ( 0.000000000000000000, 0.000000000000000000, 1.000000000000000000 ) ) ;
#1385 = CARTESIAN_POINT ( 'NONE',  ( -23.02069052251176018, 3.500000000000000000, 83.05387526922686448 ) ) ;
#1386 = ADVANCED_FACE ( 'NONE', ( #4184 ), #3548, .F. ) ;
#1387 = LINE ( 'NONE', #119, #2467 ) ;
#1388 = CALENDAR_DATE ( 2026, 2, 9 ) ;
#1389 = ORIENTED_EDGE ( 'NONE', *, *, #3620, .F. ) ;
#1390 = LINE ( 'NONE', #1767, #3862 ) ;
#1391 = CIRCLE ( 'NONE', #3633, 2.000000000000001776 ) ;
#1392 = ORIENTED_EDGE ( 'NONE', *, *, #4, .T. ) ;
#1393 = CARTESIAN_POINT ( 'NONE',  ( 8.932869354136176554, 3.499999999999999556, -50.43083063114010400 ) ) ;
#1394 = DIRECTION ( 'NONE',  ( 0.000000000000000000, 0.000000000000000000, 1.000000000000000000 ) ) ;
#1395 = DIRECTION ( 'NONE',  ( -0.000000000000000000, 1.000000000000000000, -0.000000000000000000 ) ) ;
#1396 = ORIENTED_EDGE ( 'NONE', *, *, #65, .T. ) ;
#1397 = ORIENTED_EDGE ( 'NONE', *, *, #3569, .F. ) ;
#1398 = DIRECTION ( 'NONE',  ( 0.000000000000000000, 1.000000000000000000, -0.000000000000000000 ) ) ;
#1399 = CIRCLE ( 'NONE', #91, 1.600000000000001865 ) ;
#1400 = FACE_OUTER_BOUND ( 'NONE', #597, .T. ) ;
#1401 = ADVANCED_FACE ( 'NONE', ( #2633 ), #1927, .F. ) ;
#1402 = CARTESIAN_POINT ( 'NONE',  ( 80.99248113370278190, 3.500000000000000000, 41.55453552836387132 ) ) ;
#1403 = CARTESIAN_POINT ( 'NONE',  ( -10.60989732364136984, 3.500000000000000000, -58.10089711319649552 ) ) ;
#1404 = LINE ( 'NONE', #3685, #2527 ) ;
#1405 = EDGE_LOOP ( 'NONE', ( #3472, #1276, #188, #4025 ) ) ;
#1406 = AXIS2_PLACEMENT_3D ( 'NONE', #522, #2799, #3794 ) ;
#1407 = CIRCLE ( 'NONE', #3216, 1.600000000000004086 ) ;
#1408 = CARTESIAN_POINT ( 'NONE',  ( 82.02773986518441518, 3.500000000000000000, 95.33854215857867587 ) ) ;
#1409 = CIRCLE ( 'NONE', #2594, 1.600000000000005418 ) ;
#1410 = FACE_BOUND ( 'NONE', #4091, .T. ) ;
#1411 = PLANE ( 'NONE',  #3733 ) ;
#1412 = EDGE_CURVE ( 'NONE', #101, #122, #1907, .T. ) ;
#1413 = VERTEX_POINT ( 'NONE', #336 ) ;
#1414 = CYLINDRICAL_SURFACE ( 'NONE', #1075, 2.000000000000001776 ) ;
#1415 = CARTESIAN_POINT ( 'NONE',  ( 80.93286935413618721, 23.50000000000000000, -40.68905158218325369 ) ) ;
#1416 = AXIS2_PLACEMENT_3D ( 'NONE', #4290, #1295, #3958 ) ;
#1417 = AXIS2_PLACEMENT_3D ( 'NONE', #3464, #810, #2811 ) ;
#1418 = ORIENTED_EDGE ( 'NONE', *, *, #525, .T. ) ;
#1419 = DIRECTION ( 'NONE',  ( -0.000000000000000000, -1.000000000000000000, 0.000000000000000000 ) ) ;
#1420 = EDGE_CURVE ( 'NONE', #3846, #2431, #637, .T. ) ;
#1421 = VECTOR ( 'NONE', #2485, 1000.000000000000000 ) ;
#1422 = DIRECTION ( 'NONE',  ( 0.000000000000000000, 0.000000000000000000, -1.000000000000000000 ) ) ;
#1423 = FACE_OUTER_BOUND ( 'NONE', #1932, .T. ) ;
#1424 = VERTEX_POINT ( 'NONE', #284 ) ;
#1425 = EDGE_LOOP ( 'NONE', ( #789, #4205, #3000, #363 ) ) ;
#1426 = CARTESIAN_POINT ( 'NONE',  ( 80.99248113370278190, 3.500000000000000000, 41.55453552836387132 ) ) ;
#1427 = CARTESIAN_POINT ( 'NONE',  ( 100.5625231134830670, 3.500000000000000000, 14.30447696208897490 ) ) ;
#1428 = DIRECTION ( 'NONE',  ( 0.000000000000000000, 1.000000000000000000, 0.000000000000000000 ) ) ;
#1429 = CARTESIAN_POINT ( 'NONE',  ( 18.61315469236374298, 9.500000000000000000, -7.122294137259994606 ) ) ;
#1430 = ORIENTED_EDGE ( 'NONE', *, *, #843, .T. ) ;
#1431 = EDGE_CURVE ( 'NONE', #3960, #4181, #950, .T. ) ;
#1432 = EDGE_CURVE ( 'NONE', #686, #136, #263, .T. ) ;
#1433 = CARTESIAN_POINT ( 'NONE',  ( -80.99248113370278190, 3.500000000000000000, 41.55453552836380027 ) ) ;
#1434 = FACE_BOUND ( 'NONE', #668, .T. ) ;
#1435 = EDGE_CURVE ( 'NONE', #1268, #3166, #322, .T. ) ;
#1436 = CARTESIAN_POINT ( 'NONE',  ( 0.000000000000000000, 33.50000000000000000, -65.59939103940321559 ) ) ;
#1437 = ORIENTED_EDGE ( 'NONE', *, *, #1724, .T. ) ;
#1438 = CARTESIAN_POINT ( 'NONE',  ( 80.93286935413618721, 3.500000000000000000, -34.97554995058955996 ) ) ;
#1439 = ORIENTED_EDGE ( 'NONE', *, *, #3849, .F. ) ;
#1440 = CARTESIAN_POINT ( 'NONE',  ( -102.0000000000000284, 0.000000000000000000, 30.65827857275333557 ) ) ;
#1441 = DIRECTION ( 'NONE',  ( 0.000000000000000000, 1.000000000000000000, 0.000000000000000000 ) ) ;
#1442 = FACE_OUTER_BOUND ( 'NONE', #1351, .T. ) ;
#1443 = VERTEX_POINT ( 'NONE', #3618 ) ;
#1444 = EDGE_CURVE ( 'NONE', #1594, #911, #1304, .T. ) ;
#1445 = ORIENTED_EDGE ( 'NONE', *, *, #208, .T. ) ;
#1446 = ORIENTED_EDGE ( 'NONE', *, *, #1250, .T. ) ;
#1447 = DIRECTION ( 'NONE',  ( 1.000000000000000000, 0.000000000000000000, 1.063227738497075353E-15 ) ) ;
#1448 = LINE ( 'NONE', #1402, #2741 ) ;
#1449 = DIRECTION ( 'NONE',  ( 0.000000000000000000, 0.000000000000000000, 1.000000000000000000 ) ) ;
#1450 = CARTESIAN_POINT ( 'NONE',  ( 10.93286935413617655, 23.50000000000000000, -34.97554995058954574 ) ) ;
#1451 = ORIENTED_EDGE ( 'NONE', *, *, #2159, .F. ) ;
#1452 = CARTESIAN_POINT ( 'NONE',  ( -10.60989732364136984, 3.500000000000000000, -59.85089711319649552 ) ) ;
#1453 = DIRECTION ( 'NONE',  ( -0.000000000000000000, 1.000000000000000000, -0.000000000000000000 ) ) ;
#1454 = DIRECTION ( 'NONE',  ( 1.000000000000000000, 0.000000000000000000, 0.000000000000000000 ) ) ;
#1455 = ORIENTED_EDGE ( 'NONE', *, *, #123, .F. ) ;
#1456 = CARTESIAN_POINT ( 'NONE',  ( 82.93286935413618721, 3.500000000000000000, -57.27554995058955711 ) ) ;
#1457 = ORIENTED_EDGE ( 'NONE', *, *, #1041, .F. ) ;
#1458 = DIRECTION ( 'NONE',  ( 0.000000000000000000, 0.000000000000000000, 1.000000000000000000 ) ) ;
#1459 = ORIENTED_EDGE ( 'NONE', *, *, #364, .T. ) ;
#1460 = AXIS2_PLACEMENT_3D ( 'NONE', #3719, #731, #2051 ) ;
#1461 = AXIS2_PLACEMENT_3D ( 'NONE', #4144, #1514, #561 ) ;
#1462 = ORIENTED_EDGE ( 'NONE', *, *, #1412, .T. ) ;
#1463 = CIRCLE ( 'NONE', #2445, 1.600000000000004086 ) ;
#1464 = CARTESIAN_POINT ( 'NONE',  ( 34.59899631325689739, 3.499999999999999556, -57.27554995058955711 ) ) ;
#1465 = DIRECTION ( 'NONE',  ( 0.000000000000000000, 0.000000000000000000, 1.000000000000000000 ) ) ;
#1466 = EDGE_CURVE ( 'NONE', #2872, #2012, #3290, .T. ) ;
#1467 = CYLINDRICAL_SURFACE ( 'NONE', #1461, 1.600000000000004086 ) ;
#1468 = VECTOR ( 'NONE', #449, 1000.000000000000000 ) ;
#1469 = CIRCLE ( 'NONE', #3357, 1.999999999999994893 ) ;
#1470 = DIRECTION ( 'NONE',  ( -0.000000000000000000, 1.000000000000000000, -0.000000000000000000 ) ) ;
#1471 = ORIENTED_EDGE ( 'NONE', *, *, #1492, .T. ) ;
#1472 = AXIS2_PLACEMENT_3D ( 'NONE', #2010, #1028, #3343 ) ;
#1473 = DIRECTION ( 'NONE',  ( 0.000000000000000000, 0.000000000000000000, 1.000000000000000000 ) ) ;
#1474 = VERTEX_POINT ( 'NONE', #995 ) ;
#1475 = DIRECTION ( 'NONE',  ( -1.000000000000000000, -0.000000000000000000, -0.000000000000000000 ) ) ;
#1476 = LINE ( 'NONE', #1500, #2730 ) ;
#1477 = VECTOR ( 'NONE', #4245, 1000.000000000000000 ) ;
#1478 = CIRCLE ( 'NONE', #1200, 1.999999999999994893 ) ;
#1479 = VECTOR ( 'NONE', #290, 1000.000000000000000 ) ;
#1480 = ORIENTED_EDGE ( 'NONE', *, *, #952, .T. ) ;
#1481 = VERTEX_POINT ( 'NONE', #2568 ) ;
#1482 = VECTOR ( 'NONE', #2220, 1000.000000000000000 ) ;
#1483 = EDGE_CURVE ( 'NONE', #1330, #1937, #2330, .T. ) ;
#1484 = CARTESIAN_POINT ( 'NONE',  ( 109.9999999999999716, 0.000000000000000000, -140.0000000000000284 ) ) ;
#1485 = CARTESIAN_POINT ( 'NONE',  ( -68.60989732364136273, 3.500000000000000000, -58.10089711319648842 ) ) ;
#1486 = VERTEX_POINT ( 'NONE', #4299 ) ;
#1487 = AXIS2_PLACEMENT_3D ( 'NONE', #1911, #1883, #1263 ) ;
#1488 = VECTOR ( 'NONE', #1106, 1000.000000000000000 ) ;
#1489 = ORIENTED_EDGE ( 'NONE', *, *, #3822, .F. ) ;
#1490 = AXIS2_PLACEMENT_3D ( 'NONE', #807, #4182, #1170 ) ;
#1491 = DIRECTION ( 'NONE',  ( 0.000000000000000000, 1.000000000000000000, 0.000000000000000000 ) ) ;
#1492 = EDGE_CURVE ( 'NONE', #2670, #2207, #3901, .T. ) ;
#1493 = FACE_OUTER_BOUND ( 'NONE', #2748, .T. ) ;
#1494 = DIRECTION ( 'NONE',  ( 0.000000000000000000, 0.000000000000000000, 1.000000000000000000 ) ) ;
#1495 = VERTEX_POINT ( 'NONE', #3213 ) ;
#1496 = CARTESIAN_POINT ( 'NONE',  ( 80.93286935413618721, 3.500000000000000000, -40.68905158218325369 ) ) ;
#1497 = VERTEX_POINT ( 'NONE', #614 ) ;
#1498 = CYLINDRICAL_SURFACE ( 'NONE', #1624, 2.000000000000001776 ) ;
#1499 = CARTESIAN_POINT ( 'NONE',  ( 54.88746655341842029, 0.000000000000000000, 41.55453552836385711 ) ) ;
#1500 = CARTESIAN_POINT ( 'NONE',  ( 46.57744732422547429, -96.42354657426406561, -147.4160018446942502 ) ) ;
#1501 = COORDINATED_UNIVERSAL_TIME_OFFSET ( 8, 0, .AHEAD. ) ;
#1502 = EDGE_CURVE ( 'NONE', #1495, #2356, #2230, .T. ) ;
#1503 = VERTEX_POINT ( 'NONE', #244 ) ;
#1504 = EDGE_LOOP ( 'NONE', ( #371, #2852 ) ) ;
#1505 = DIRECTION ( 'NONE',  ( 0.000000000000000000, 0.000000000000000000, -1.000000000000000000 ) ) ;
#1506 = ORIENTED_EDGE ( 'NONE', *, *, #886, .F. ) ;
#1507 = EDGE_CURVE ( 'NONE', #122, #2478, #1600, .T. ) ;
#1508 = UNCERTAINTY_MEASURE_WITH_UNIT (LENGTH_MEASURE( 1.000000000000000082E-05 ), #50, 'distance_accuracy_value', 'NONE');
#1509 = VERTEX_POINT ( 'NONE', #2935 ) ;
#1510 = LINE ( 'NONE', #1794, #3650 ) ;
#1511 = VERTEX_POINT ( 'NONE', #905 ) ;
#1512 = LINE ( 'NONE', #1184, #3988 ) ;
#1513 = CARTESIAN_POINT ( 'NONE',  ( 8.932869354136174778, 3.500000000000000000, -32.97554995058955996 ) ) ;
#1514 = DIRECTION ( 'NONE',  ( -0.000000000000000000, 1.000000000000000000, -0.000000000000000000 ) ) ;
#1515 = FACE_OUTER_BOUND ( 'NONE', #491, .T. ) ;
#1516 = VERTEX_POINT ( 'NONE', #1326 ) ;
#1517 = CARTESIAN_POINT ( 'NONE',  ( 102.0000000000000142, 0.000000000000000000, 84.65827857275348833 ) ) ;
#1518 = ORIENTED_EDGE ( 'NONE', *, *, #1222, .F. ) ;
#1519 = ADVANCED_FACE ( 'NONE', ( #4274 ), #3571, .F. ) ;
#1520 = CARTESIAN_POINT ( 'NONE',  ( 46.57744732422547429, 3.500000000000000000, -147.4160018446942502 ) ) ;
#1521 = DIRECTION ( 'NONE',  ( 0.000000000000000000, 0.000000000000000000, 1.000000000000000000 ) ) ;
#1522 = DIRECTION ( 'NONE',  ( 0.000000000000000000, 0.000000000000000000, -1.000000000000000000 ) ) ;
#1523 = EDGE_CURVE ( 'NONE', #832, #1647, #3965, .T. ) ;
#1524 = EDGE_LOOP ( 'NONE', ( #2489, #185 ) ) ;
#1525 = DIRECTION ( 'NONE',  ( 0.000000000000000000, 1.000000000000000000, 0.000000000000000000 ) ) ;
#1526 = DIRECTION ( 'NONE',  ( 0.000000000000000000, 0.000000000000000000, 1.000000000000000000 ) ) ;
#1527 = ORIENTED_EDGE ( 'NONE', *, *, #1969, .F. ) ;
#1528 = ORIENTED_EDGE ( 'NONE', *, *, #1379, .F. ) ;
#1529 = DIRECTION ( 'NONE',  ( 0.000000000000000000, 1.000000000000000000, -0.000000000000000000 ) ) ;
#1530 = APPROVAL ( #3358, 'æœª' ) ;
#1531 = CARTESIAN_POINT ( 'NONE',  ( 69.83982215491732859, 33.50000000000000000, -65.59939103940321559 ) ) ;
#1532 = CARTESIAN_POINT ( 'NONE',  ( 42.25764484556228950, 0.000000000000000000, -140.6889526560728143 ) ) ;
#1533 = EDGE_CURVE ( 'NONE', #289, #2493, #1879, .T. ) ;
#1534 = DIRECTION ( 'NONE',  ( 0.000000000000000000, 0.000000000000000000, 1.000000000000000000 ) ) ;
#1535 = EDGE_LOOP ( 'NONE', ( #3304, #3811, #1009, #2264, #3033, #2233 ) ) ;
#1536 = CIRCLE ( 'NONE', #4125, 1.600000000000005418 ) ;
#1537 = DIRECTION ( 'NONE',  ( -0.000000000000000000, -1.000000000000000000, -0.000000000000000000 ) ) ;
#1538 = CIRCLE ( 'NONE', #3984, 2.000000000000001776 ) ;
#1539 = ORIENTED_EDGE ( 'NONE', *, *, #2309, .F. ) ;
#1540 = DIRECTION ( 'NONE',  ( 0.000000000000000000, 0.000000000000000000, -1.000000000000000000 ) ) ;
#1541 = CARTESIAN_POINT ( 'NONE',  ( 46.57744732422547429, 0.000000000000000000, -147.4160018446942502 ) ) ;
#1542 = ORIENTED_EDGE ( 'NONE', *, *, #2982, .T. ) ;
#1543 = AXIS2_PLACEMENT_3D ( 'NONE', #2036, #1730, #3064 ) ;
#1544 = ADVANCED_FACE ( 'NONE', ( #4249 ), #3754, .F. ) ;
#1545 = VECTOR ( 'NONE', #1382, 1000.000000000000000 ) ;
#1546 = DIRECTION ( 'NONE',  ( 0.000000000000000000, 1.000000000000000000, 0.000000000000000000 ) ) ;
#1547 = EDGE_LOOP ( 'NONE', ( #3602, #3203, #15, #3586 ) ) ;
#1548 = APPROVAL_PERSON_ORGANIZATION ( #702, #1530, #28 ) ;
#1549 = VECTOR ( 'NONE', #4027, 1000.000000000000000 ) ;
#1550 = EDGE_CURVE ( 'NONE', #269, #2259, #233, .T. ) ;
#1551 = CARTESIAN_POINT ( 'NONE',  ( -49.56049133996039302, 3.500000000000000000, -140.0000000000000000 ) ) ;
#1552 = VECTOR ( 'NONE', #2066, 1000.000000000000000 ) ;
#1553 = AXIS2_PLACEMENT_3D ( 'NONE', #3195, #1, #2288 ) ;
#1554 = DIRECTION ( 'NONE',  ( 0.000000000000000000, 0.000000000000000000, 1.000000000000000000 ) ) ;
#1555 = CARTESIAN_POINT ( 'NONE',  ( 8.932869354136176554, 3.500000000000000000, -57.27554995058955711 ) ) ;
#1556 = LINE ( 'NONE', #898, #3505 ) ;
#1557 = VERTEX_POINT ( 'NONE', #740 ) ;
#1558 = VECTOR ( 'NONE', #3081, 1000.000000000000000 ) ;
#1559 = CARTESIAN_POINT ( 'NONE',  ( 94.00000000000000000, 3.500000000000000000, 70.65827857275350254 ) ) ;
#1560 = AXIS2_PLACEMENT_3D ( 'NONE', #1782, #3119, #1473 ) ;
#1561 = LINE ( 'NONE', #927, #325 ) ;
#1562 = EDGE_CURVE ( 'NONE', #1660, #2819, #3377, .T. ) ;
#1563 = ORIENTED_EDGE ( 'NONE', *, *, #354, .T. ) ;
#1564 = DIRECTION ( 'NONE',  ( -0.000000000000000000, 1.000000000000000000, -0.000000000000000000 ) ) ;
#1565 = CARTESIAN_POINT ( 'NONE',  ( 102.0000000000000853, 3.500000000000000000, 30.65827857275351320 ) ) ;
#1566 = CARTESIAN_POINT ( 'NONE',  ( 42.25764484556228950, 0.000000000000000000, -110.3889526560728171 ) ) ;
#1567 = DIRECTION ( 'NONE',  ( 0.000000000000000000, 0.000000000000000000, -1.000000000000000000 ) ) ;
#1568 = ORIENTED_EDGE ( 'NONE', *, *, #2882, .F. ) ;
#1569 = FACE_OUTER_BOUND ( 'NONE', #1846, .T. ) ;
#1570 = EDGE_CURVE ( 'NONE', #2897, #70, #1629, .T. ) ;
#1571 = CARTESIAN_POINT ( 'NONE',  ( 8.932869354136176554, 23.50000000000000000, -57.27554995058955711 ) ) ;
#1572 = ORIENTED_EDGE ( 'NONE', *, *, #3384, .T. ) ;
#1573 = CARTESIAN_POINT ( 'NONE',  ( 42.25764484556228950, 0.000000000000000000, -140.6889526560728143 ) ) ;
#1574 = CARTESIAN_POINT ( 'NONE',  ( 100.5625231134830670, 2.899999999999999911, -13.06145784142132626 ) ) ;
#1575 = EDGE_CURVE ( 'NONE', #2649, #1376, #2059, .T. ) ;
#1576 = EDGE_CURVE ( 'NONE', #1117, #1793, #1998, .T. ) ;
#1577 = CARTESIAN_POINT ( 'NONE',  ( 2.262523113483074333, 3.500000000000000000, 0.000000000000000000 ) ) ;
#1578 = ORIENTED_EDGE ( 'NONE', *, *, #718, .F. ) ;
#1579 = CARTESIAN_POINT ( 'NONE',  ( 10.93286935413617655, 23.50000000000000000, -34.97554995058954574 ) ) ;
#1580 = DIRECTION ( 'NONE',  ( -0.000000000000000000, 1.000000000000000000, -0.000000000000000000 ) ) ;
#1581 = EDGE_LOOP ( 'NONE', ( #576, #2335, #836, #2473 ) ) ;
#1582 = DIRECTION ( 'NONE',  ( -0.000000000000000000, 1.000000000000000000, -0.000000000000000000 ) ) ;
#1583 = VERTEX_POINT ( 'NONE', #1057 ) ;
#1584 = DIRECTION ( 'NONE',  ( -0.000000000000000000, 1.000000000000000000, -0.000000000000000000 ) ) ;
#1585 = LINE ( 'NONE', #2914, #728 ) ;
#1586 = LINE ( 'NONE', #3579, #3017 ) ;
#1587 = CARTESIAN_POINT ( 'NONE',  ( 42.25764484556228950, -6.500000000000000888, -139.0889526560728200 ) ) ;
#1588 = VERTEX_POINT ( 'NONE', #4012 ) ;
#1589 = VERTEX_POINT ( 'NONE', #2739 ) ;
#1590 = PLANE ( 'NONE',  #579 ) ;
#1591 = LINE ( 'NONE', #1531, #3223 ) ;
#1592 = CARTESIAN_POINT ( 'NONE',  ( 34.59899631325689739, 23.50000000000000000, -55.27554995058955001 ) ) ;
#1593 = LINE ( 'NONE', #3961, #3435 ) ;
#1594 = VERTEX_POINT ( 'NONE', #1365 ) ;
#1596 = EDGE_CURVE ( 'NONE', #3110, #3846, #1407, .T. ) ;
#1595 = CARTESIAN_POINT ( 'NONE',  ( 0.000000000000000000, 23.50000000000000000, 0.000000000000000000 ) ) ;
#1597 = DIRECTION ( 'NONE',  ( 0.000000000000000000, 1.000000000000000000, -0.000000000000000000 ) ) ;
#1598 = ORIENTED_EDGE ( 'NONE', *, *, #380, .F. ) ;
#1599 = VECTOR ( 'NONE', #4100, 1000.000000000000000 ) ;
#1600 = LINE ( 'NONE', #4317, #3432 ) ;
#1601 = VECTOR ( 'NONE', #329, 1000.000000000000000 ) ;
#1602 = LINE ( 'NONE', #2938, #2927 ) ;
#1603 = DIRECTION ( 'NONE',  ( 0.000000000000000000, 0.000000000000000000, 1.000000000000000000 ) ) ;
#1604 = CARTESIAN_POINT ( 'NONE',  ( 96.31225393141707514, 9.500000000000000000, -7.122294137259994606 ) ) ;
#1605 = ORIENTED_EDGE ( 'NONE', *, *, #3569, .T. ) ;
#1606 = DIRECTION ( 'NONE',  ( 0.000000000000000000, 0.000000000000000000, -1.000000000000000000 ) ) ;
#1607 = CARTESIAN_POINT ( 'NONE',  ( 82.93286935413618721, 3.499999999999999556, -40.68905158218325369 ) ) ;
#1608 = VERTEX_POINT ( 'NONE', #2694 ) ;
#1609 = ADVANCED_FACE ( 'NONE', ( #374 ), #1690, .T. ) ;
#1610 = ORIENTED_EDGE ( 'NONE', *, *, #1936, .F. ) ;
#1611 = AXIS2_PLACEMENT_3D ( 'NONE', #3519, #1225, #4217 ) ;
#1612 = AXIS2_PLACEMENT_3D ( 'NONE', #854, #128, #1447 ) ;
#1613 = AXIS2_PLACEMENT_3D ( 'NONE', #1238, #3986, #2981 ) ;
#1614 = DIRECTION ( 'NONE',  ( 0.000000000000000000, 0.000000000000000000, 1.000000000000000000 ) ) ;
#1615 = FACE_BOUND ( 'NONE', #1240, .T. ) ;
#1616 = CARTESIAN_POINT ( 'NONE',  ( 42.25764484556228950, -6.500000000000000888, -110.3889526560728171 ) ) ;
#1617 = VERTEX_POINT ( 'NONE', #716 ) ;
#1618 = APPROVAL_PERSON_ORGANIZATION ( #2048, #4102, #1355 ) ;
#1619 = AXIS2_PLACEMENT_3D ( 'NONE', #1253, #4224, #3941 ) ;
#1620 = CARTESIAN_POINT ( 'NONE',  ( 0.000000000000000000, 2.899999999999999911, 92.33854215857867587 ) ) ;
#1621 = ORIENTED_EDGE ( 'NONE', *, *, #2054, .T. ) ;
#1622 = EDGE_CURVE ( 'NONE', #1588, #2290, #3025, .T. ) ;
#1623 = CIRCLE ( 'NONE', #1763, 1.600000000000004086 ) ;
#1624 = AXIS2_PLACEMENT_3D ( 'NONE', #2659, #3074, #94 ) ;
#1625 = CARTESIAN_POINT ( 'NONE',  ( 8.932869354136174778, 3.500000000000000000, -32.97554995058955996 ) ) ;
#1626 = CARTESIAN_POINT ( 'NONE',  ( -10.60989732364136984, 0.000000000000000000, -59.85089711319649552 ) ) ;
#1627 = CIRCLE ( 'NONE', #1416, 1.749999999999997113 ) ;
#1628 = ORIENTED_EDGE ( 'NONE', *, *, #2391, .T. ) ;
#1629 = CIRCLE ( 'NONE', #2103, 2.000000000000005329 ) ;
#1630 = DIRECTION ( 'NONE',  ( -0.000000000000000000, -1.000000000000000000, 0.000000000000000000 ) ) ;
#1631 = VERTEX_POINT ( 'NONE', #355 ) ;
#1632 = VECTOR ( 'NONE', #281, 1000.000000000000000 ) ;
#1633 = CARTESIAN_POINT ( 'NONE',  ( 102.0000000000000142, 3.500000000000000000, 86.65827857275348833 ) ) ;
#1634 = PLANE ( 'NONE',  #1693 ) ;
#1635 = CARTESIAN_POINT ( 'NONE',  ( 94.00000000000005684, 0.000000000000000000, 44.65827857275347412 ) ) ;
#1636 = VERTEX_POINT ( 'NONE', #14 ) ;
#1637 = DIRECTION ( 'NONE',  ( 0.000000000000000000, 0.000000000000000000, 1.000000000000000000 ) ) ;
#1638 = ADVANCED_FACE ( 'NONE', ( #437 ), #2365, .T. ) ;
#1639 = PLANE ( 'NONE',  #4071 ) ;
#1640 = COORDINATED_UNIVERSAL_TIME_OFFSET ( 8, 0, .AHEAD. ) ;
#1641 = VERTEX_POINT ( 'NONE', #3396 ) ;
#1642 = DIRECTION ( 'NONE',  ( -1.000000000000000000, 0.000000000000000000, 0.000000000000000000 ) ) ;
#1643 = FACE_BOUND ( 'NONE', #4287, .T. ) ;
#1644 = CARTESIAN_POINT ( 'NONE',  ( -102.0000000000000284, 3.500000000000000000, 86.65827857275333201 ) ) ;
#1645 = ORIENTED_EDGE ( 'NONE', *, *, #3482, .T. ) ;
#1646 = FACE_OUTER_BOUND ( 'NONE', #1999, .T. ) ;
#1647 = VERTEX_POINT ( 'NONE', #2038 ) ;
#1648 = LINE ( 'NONE', #1278, #462 ) ;
#1649 = EDGE_CURVE ( 'NONE', #3575, #3769, #3046, .T. ) ;
#1650 = ORIENTED_EDGE ( 'NONE', *, *, #726, .F. ) ;
#1651 = DIRECTION ( 'NONE',  ( 0.000000000000000000, 0.000000000000000000, 1.000000000000000000 ) ) ;
#1652 = ORIENTED_EDGE ( 'NONE', *, *, #1444, .F. ) ;
#1653 = DIRECTION ( 'NONE',  ( 0.000000000000000000, 0.000000000000000000, 1.000000000000000000 ) ) ;
#1654 = CARTESIAN_POINT ( 'NONE',  ( -10.60989732364136451, -6.500000000000000888, -9.100897113196490196 ) ) ;
#1655 = CARTESIAN_POINT ( 'NONE',  ( -68.60989732364136273, -6.500000000000000888, -7.350897113196486643 ) ) ;
#1656 = COORDINATED_UNIVERSAL_TIME_OFFSET ( 8, 0, .AHEAD. ) ;
#1657 = EDGE_CURVE ( 'NONE', #4231, #3966, #63, .T. ) ;
#1658 = EDGE_LOOP ( 'NONE', ( #3630, #4098 ) ) ;
#1659 = DIRECTION ( 'NONE',  ( -0.000000000000000000, -1.000000000000000000, -0.000000000000000000 ) ) ;
#1660 = VERTEX_POINT ( 'NONE', #1732 ) ;
#1661 = CARTESIAN_POINT ( 'NONE',  ( 82.93286935413618721, 3.499999999999999556, -40.68905158218325369 ) ) ;
#1662 = DIRECTION ( 'NONE',  ( -0.000000000000000000, -1.000000000000000000, 0.000000000000000000 ) ) ;
#1663 = DIRECTION ( 'NONE',  ( -0.000000000000000000, 1.000000000000000000, -0.000000000000000000 ) ) ;
#1664 = ORIENTED_EDGE ( 'NONE', *, *, #3514, .F. ) ;
#1665 = CARTESIAN_POINT ( 'NONE',  ( 2.262523113483074333, 3.500000000000000000, -16.06145784142133337 ) ) ;
#1666 = CARTESIAN_POINT ( 'NONE',  ( 34.59899631325689739, 3.499999999999999556, -57.27554995058955711 ) ) ;
#1667 = DIRECTION ( 'NONE',  ( 0.000000000000000000, 1.000000000000000000, 0.000000000000000000 ) ) ;
#1668 = EDGE_CURVE ( 'NONE', #2756, #1589, #1404, .T. ) ;
#1669 = ORIENTED_EDGE ( 'NONE', *, *, #2565, .F. ) ;
#1670 = FACE_OUTER_BOUND ( 'NONE', #1547, .T. ) ;
#1671 = VECTOR ( 'NONE', #124, 1000.000000000000000 ) ;
#1672 = DIRECTION ( 'NONE',  ( 0.000000000000000000, 0.000000000000000000, 1.000000000000000000 ) ) ;
#1673 = ORIENTED_EDGE ( 'NONE', *, *, #1959, .T. ) ;
#1674 = VECTOR ( 'NONE', #2778, 1000.000000000000000 ) ;
#1675 =( NAMED_UNIT ( * ) PLANE_ANGLE_UNIT ( ) SI_UNIT ( $, .RADIAN. ) );
#1676 = ORIENTED_EDGE ( 'NONE', *, *, #275, .T. ) ;
#1677 = AXIS2_PLACEMENT_3D ( 'NONE', #4291, #3590, #921 ) ;
#1678 = EDGE_CURVE ( 'NONE', #4300, #280, #2412, .T. ) ;
#1679 = EDGE_LOOP ( 'NONE', ( #2503, #1292 ) ) ;
#1680 = CARTESIAN_POINT ( 'NONE',  ( 0.000000000000000000, 16.00000000000000000, 14.30447696208897490 ) ) ;
#1681 = FACE_BOUND ( 'NONE', #3682, .T. ) ;
#1682 = CARTESIAN_POINT ( 'NONE',  ( -102.0000000000000284, 3.500000000000000000, 30.65827857275333557 ) ) ;
#1683 = ORIENTED_EDGE ( 'NONE', *, *, #3792, .F. ) ;
#1684 = ORIENTED_EDGE ( 'NONE', *, *, #3768, .T. ) ;
#1685 = LINE ( 'NONE', #2692, #1347 ) ;
#1686 = CARTESIAN_POINT ( 'NONE',  ( -23.02069052251176018, -1.500000000000000000, -2.946124730773123979 ) ) ;
#1687 = VECTOR ( 'NONE', #1889, 1000.000000000000000 ) ;
#1688 = AXIS2_PLACEMENT_3D ( 'NONE', #1573, #1529, #2902 ) ;
#1689 = AXIS2_PLACEMENT_3D ( 'NONE', #1015, #1080, #3041 ) ;
#1690 = PLANE ( 'NONE',  #1344 ) ;
#1691 = ORIENTED_EDGE ( 'NONE', *, *, #1817, .F. ) ;
#1692 = AXIS2_PLACEMENT_3D ( 'NONE', #1787, #1806, #425 ) ;
#1693 = AXIS2_PLACEMENT_3D ( 'NONE', #2965, #1540, #316 ) ;
#1694 = CARTESIAN_POINT ( 'NONE',  ( 54.88746655341839187, 3.500000000000000000, 77.47682054909704163 ) ) ;
#1695 = EDGE_CURVE ( 'NONE', #3974, #2477, #2456, .T. ) ;
#1696 = AXIS2_PLACEMENT_3D ( 'NONE', #381, #2108, #4016 ) ;
#1697 = CARTESIAN_POINT ( 'NONE',  ( 103.1118043018568500, 0.000000000000000000, -135.4984422207206194 ) ) ;
#1698 = CARTESIAN_POINT ( 'NONE',  ( 94.00000000000000000, 0.000000000000000000, 70.65827857275350254 ) ) ;
#1699 = CALENDAR_DATE ( 2026, 2, 9 ) ;
#1700 = EDGE_CURVE ( 'NONE', #70, #2897, #2951, .T. ) ;
#1701 = VERTEX_POINT ( 'NONE', #4180 ) ;
#1702 = ADVANCED_FACE ( 'NONE', ( #174 ), #1214, .T. ) ;
#1703 = EDGE_LOOP ( 'NONE', ( #4002, #3209 ) ) ;
#1704 = LINE ( 'NONE', #2643, #3215 ) ;
#1705 = FACE_OUTER_BOUND ( 'NONE', #3805, .T. ) ;
#1706 = DIRECTION ( 'NONE',  ( -7.726561826345202234E-16, -0.000000000000000000, 1.000000000000000000 ) ) ;
#1707 = ORIENTED_EDGE ( 'NONE', *, *, #3430, .F. ) ;
#1708 = VERTEX_POINT ( 'NONE', #3135 ) ;
#1709 = CYLINDRICAL_SURFACE ( 'NONE', #3363, 2.000000000000005329 ) ;
#1710 = CARTESIAN_POINT ( 'NONE',  ( -41.74235515443771760, 3.500000000000000000, -142.2889526560728086 ) ) ;
#1711 = EDGE_CURVE ( 'NONE', #2872, #2259, #2862, .T. ) ;
#1712 = DIRECTION ( 'NONE',  ( 0.000000000000000000, 0.000000000000000000, 1.000000000000000000 ) ) ;
#1713 = DIRECTION ( 'NONE',  ( -1.000000000000000000, 0.000000000000000000, 0.000000000000000000 ) ) ;
#1714 = ORIENTED_EDGE ( 'NONE', *, *, #4133, .T. ) ;
#1715 = DIRECTION ( 'NONE',  ( -0.000000000000000000, 1.000000000000000000, -0.000000000000000000 ) ) ;
#1716 = DIRECTION ( 'NONE',  ( 0.000000000000000000, 1.000000000000000000, 0.000000000000000000 ) ) ;
#1717 = DIRECTION ( 'NONE',  ( 1.234385775125811480E-16, 0.000000000000000000, 1.000000000000000000 ) ) ;
#1718 = SECURITY_CLASSIFICATION_LEVEL ( 'unclassified' ) ;
#1719 = EDGE_LOOP ( 'NONE', ( #452, #2614 ) ) ;
#1720 = CARTESIAN_POINT ( 'NONE',  ( 5.262523113483074333, 2.899999999999999911, -13.06145784142133337 ) ) ;
#1721 = ORIENTED_EDGE ( 'NONE', *, *, #1379, .T. ) ;
#1722 = EDGE_CURVE ( 'NONE', #1013, #2191, #2826, .T. ) ;
#1723 = DIRECTION ( 'NONE',  ( 1.000000000000000000, -0.000000000000000000, -0.000000000000000000 ) ) ;
#1724 = EDGE_CURVE ( 'NONE', #3053, #2065, #4060, .T. ) ;
#1725 = DIRECTION ( 'NONE',  ( -0.000000000000000000, 1.000000000000000000, -0.000000000000000000 ) ) ;
#1726 = DIRECTION ( 'NONE',  ( -0.000000000000000000, -1.000000000000000000, -0.000000000000000000 ) ) ;
#1727 = ORIENTED_EDGE ( 'NONE', *, *, #3564, .F. ) ;
#1728 = ORIENTED_EDGE ( 'NONE', *, *, #4260, .F. ) ;
#1729 = CYLINDRICAL_SURFACE ( 'NONE', #2385, 1.999999999999988010 ) ;
#1730 = DIRECTION ( 'NONE',  ( 0.000000000000000000, 1.000000000000000000, -0.000000000000000000 ) ) ;
#1731 = DIRECTION ( 'NONE',  ( 0.000000000000000000, 1.000000000000000000, -0.000000000000000000 ) ) ;
#1732 = CARTESIAN_POINT ( 'NONE',  ( -54.88746655341842029, 0.000000000000000000, 41.55453552836380027 ) ) ;
#1733 = ORIENTED_EDGE ( 'NONE', *, *, #3748, .T. ) ;
#1734 = EDGE_CURVE ( 'NONE', #3147, #2815, #3774, .T. ) ;
#1735 = LINE ( 'NONE', #2333, #3097 ) ;
#1736 = LINE ( 'NONE', #3673, #317 ) ;
#1737 = FACE_BOUND ( 'NONE', #2863, .T. ) ;
#1738 = ORIENTED_EDGE ( 'NONE', *, *, #2793, .T. ) ;
#1739 = CARTESIAN_POINT ( 'NONE',  ( 8.932869354136176554, 3.499999999999999556, -50.43083063114010400 ) ) ;
#1740 = VERTEX_POINT ( 'NONE', #2803 ) ;
#1741 = DIRECTION ( 'NONE',  ( 0.000000000000000000, 0.000000000000000000, 1.000000000000000000 ) ) ;
#1742 = DIRECTION ( 'NONE',  ( 0.000000000000000000, 0.000000000000000000, 1.000000000000000000 ) ) ;
#1743 = AXIS2_PLACEMENT_3D ( 'NONE', #2163, #2841, #193 ) ;
#1744 = CARTESIAN_POINT ( 'NONE',  ( 0.000000000000000000, 16.00000000000000000, 0.000000000000000000 ) ) ;
#1745 = ORIENTED_EDGE ( 'NONE', *, *, #2235, .F. ) ;
#1746 = ADVANCED_FACE ( 'NONE', ( #1187 ), #2780, .T. ) ;
#1747 = EDGE_LOOP ( 'NONE', ( #145, #1084 ) ) ;
#1748 = DIRECTION ( 'NONE',  ( -0.000000000000000000, -0.000000000000000000, 1.000000000000000000 ) ) ;
#1749 = LINE ( 'NONE', #399, #1756 ) ;
#1750 = CARTESIAN_POINT ( 'NONE',  ( -70.16017784508268562, 33.50000000000000000, 0.000000000000000000 ) ) ;
#1751 = AXIS2_PLACEMENT_3D ( 'NONE', #1055, #3088, #3349 ) ;
#1752 = DIRECTION ( 'NONE',  ( 0.000000000000000000, 0.000000000000000000, 1.000000000000000000 ) ) ;
#1753 = EDGE_CURVE ( 'NONE', #1918, #1486, #549, .T. ) ;
#1754 = ORIENTED_EDGE ( 'NONE', *, *, #3640, .T. ) ;
#1755 = VECTOR ( 'NONE', #3537, 1000.000000000000000 ) ;
#1756 = VECTOR ( 'NONE', #2325, 1000.000000000000000 ) ;
#1757 = AXIS2_PLACEMENT_3D ( 'NONE', #4031, #1667, #3093 ) ;
#1758 = CARTESIAN_POINT ( 'NONE',  ( -81.02069052251175663, 0.000000000000000000, 81.45387526922687016 ) ) ;
#1759 = CARTESIAN_POINT ( 'NONE',  ( -81.02069052251175663, 3.500000000000000000, 83.05387526922687869 ) ) ;
#1760 = VECTOR ( 'NONE', #2056, 1000.000000000000000 ) ;
#1761 = AXIS2_PLACEMENT_3D ( 'NONE', #3286, #318, #2618 ) ;
#1762 = FACE_BOUND ( 'NONE', #4140, .T. ) ;
#1763 = AXIS2_PLACEMENT_3D ( 'NONE', #2204, #560, #1554 ) ;
#1764 = CIRCLE ( 'NONE', #32, 1.600000000000004086 ) ;
#1765 = ADVANCED_FACE ( 'NONE', ( #212 ), #821, .F. ) ;
#1766 = ORIENTED_EDGE ( 'NONE', *, *, #1054, .F. ) ;
#1767 = CARTESIAN_POINT ( 'NONE',  ( -49.56049133996039302, 3.500000000000000000, -140.0000000000000000 ) ) ;
#1768 = VECTOR ( 'NONE', #429, 1000.000000000000000 ) ;
#1769 = VECTOR ( 'NONE', #3238, 1000.000000000000000 ) ;
#1770 = EDGE_LOOP ( 'NONE', ( #4305, #1714, #4139, #3904 ) ) ;
#1771 = DIRECTION ( 'NONE',  ( -1.000000000000000000, 0.000000000000000000, 1.261617073437677999E-16 ) ) ;
#1772 = AXIS2_PLACEMENT_3D ( 'NONE', #2209, #2909, #3546 ) ;
#1773 = DIRECTION ( 'NONE',  ( -0.000000000000000000, 1.000000000000000000, -0.000000000000000000 ) ) ;
#1774 = ORIENTED_EDGE ( 'NONE', *, *, #1596, .T. ) ;
#1775 = ORIENTED_EDGE ( 'NONE', *, *, #1250, .F. ) ;
#1776 = DIRECTION ( 'NONE',  ( 0.000000000000000000, -0.000000000000000000, -1.000000000000000000 ) ) ;
#1777 = CARTESIAN_POINT ( 'NONE',  ( -70.16017784508268562, 3.500000000000000000, -95.66117392250654916 ) ) ;
#1778 = CYLINDRICAL_SURFACE ( 'NONE', #3977, 1.749999999999997113 ) ;
#1779 = DIRECTION ( 'NONE',  ( 0.000000000000000000, 0.000000000000000000, 1.000000000000000000 ) ) ;
#1780 = ORIENTED_EDGE ( 'NONE', *, *, #1097, .T. ) ;
#1781 = EDGE_CURVE ( 'NONE', #906, #319, #3515, .T. ) ;
#1782 = CARTESIAN_POINT ( 'NONE',  ( -94.00000000000002842, 3.500000000000000000, 42.65827857275333912 ) ) ;
#1783 = CARTESIAN_POINT ( 'NONE',  ( -70.16017784508268562, 33.50000000000000000, -95.66117392250654916 ) ) ;
#1784 = FACE_OUTER_BOUND ( 'NONE', #2129, .T. ) ;
#1785 = DIRECTION ( 'NONE',  ( 0.000000000000000000, 0.000000000000000000, -1.000000000000000000 ) ) ;
#1786 = ORIENTED_EDGE ( 'NONE', *, *, #4260, .T. ) ;
#1787 = CARTESIAN_POINT ( 'NONE',  ( 15.79953828537855642, 9.500000000000000000, 87.67493557501117607 ) ) ;
#1788 = ORIENTED_EDGE ( 'NONE', *, *, #3169, .T. ) ;
#1789 = EDGE_CURVE ( 'NONE', #395, #1608, #1409, .T. ) ;
#1790 = DIRECTION ( 'NONE',  ( 0.000000000000000000, 0.000000000000000000, -1.000000000000000000 ) ) ;
#1791 = CARTESIAN_POINT ( 'NONE',  ( 80.93286935413618721, 3.500000000000000000, -34.97554995058955996 ) ) ;
#1792 = ORIENTED_EDGE ( 'NONE', *, *, #441, .T. ) ;
#1793 = VERTEX_POINT ( 'NONE', #3155 ) ;
#1794 = CARTESIAN_POINT ( 'NONE',  ( -54.88746655341842029, 0.000000000000000000, -0.000000000000000000 ) ) ;
#1795 = ORIENTED_EDGE ( 'NONE', *, *, #4166, .T. ) ;
#1796 = DIRECTION ( 'NONE',  ( -0.000000000000000000, -1.000000000000000000, -0.000000000000000000 ) ) ;
#1797 = DIRECTION ( 'NONE',  ( -1.000000000000000000, 0.000000000000000000, -0.000000000000000000 ) ) ;
#1798 = CARTESIAN_POINT ( 'NONE',  ( 15.79953828537855642, 9.500000000000000000, -7.122294137259994606 ) ) ;
#1799 = ORIENTED_EDGE ( 'NONE', *, *, #4054, .F. ) ;
#1800 = DIRECTION ( 'NONE',  ( -0.000000000000000000, 1.000000000000000000, -0.000000000000000000 ) ) ;
#1801 = CARTESIAN_POINT ( 'NONE',  ( -102.0000000000000284, 0.000000000000000000, 86.65827857275333201 ) ) ;
#1802 = EDGE_CURVE ( 'NONE', #3053, #70, #858, .T. ) ;
#1803 = DIRECTION ( 'NONE',  ( 1.000000000000000000, 0.000000000000000000, 0.000000000000000000 ) ) ;
#1804 = PRODUCT ( '\X2\8f66677f\X0\', '\X2\8f66677f\X0\', '', ( #3032 ) ) ;
#1805 = ORIENTED_EDGE ( 'NONE', *, *, #4172, .F. ) ;
#1806 = DIRECTION ( 'NONE',  ( 0.000000000000000000, 0.000000000000000000, 1.000000000000000000 ) ) ;
#1807 = ORIENTED_EDGE ( 'NONE', *, *, #546, .T. ) ;
#1808 = DIRECTION ( 'NONE',  ( 0.000000000000000000, 0.000000000000000000, -1.000000000000000000 ) ) ;
#1809 = ADVANCED_FACE ( 'NONE', ( #4121 ), #1168, .F. ) ;
#1810 = VERTEX_POINT ( 'NONE', #3116 ) ;
#1811 = ORIENTED_EDGE ( 'NONE', *, *, #2309, .T. ) ;
#1812 = CARTESIAN_POINT ( 'NONE',  ( 2.262523113483074333, 16.00000000000000000, 95.33854215857867587 ) ) ;
#1813 = AXIS2_PLACEMENT_3D ( 'NONE', #1921, #1900, #4222 ) ;
#1814 = PLANE ( 'NONE',  #2172 ) ;
#1815 = CARTESIAN_POINT ( 'NONE',  ( -68.60989732364136273, 0.000000000000000000, -9.100897113196483090 ) ) ;
#1816 = CARTESIAN_POINT ( 'NONE',  ( -23.02069052251176018, 3.500000000000000000, 84.65387526922687300 ) ) ;
#1817 = EDGE_CURVE ( 'NONE', #101, #542, #1124, .T. ) ;
#1818 = DIRECTION ( 'NONE',  ( 0.000000000000000000, 0.000000000000000000, 1.000000000000000000 ) ) ;
#1819 = ORIENTED_EDGE ( 'NONE', *, *, #382, .F. ) ;
#1820 = DIRECTION ( 'NONE',  ( -1.982541115402065110E-16, 0.000000000000000000, -1.000000000000000000 ) ) ;
#1821 = ORIENTED_EDGE ( 'NONE', *, *, #3270, .T. ) ;
#1822 = CARTESIAN_POINT ( 'NONE',  ( 82.02773986518441518, 16.00000000000000000, 0.000000000000000000 ) ) ;
#1823 = EDGE_CURVE ( 'NONE', #3217, #386, #3798, .T. ) ;
#1824 = LINE ( 'NONE', #1520, #3659 ) ;
#1825 = EDGE_CURVE ( 'NONE', #3294, #4231, #1857, .T. ) ;
#1826 = AXIS2_PLACEMENT_3D ( 'NONE', #2929, #1967, #584 ) ;
#1827 = CIRCLE ( 'NONE', #2462, 1.600000000000004086 ) ;
#1828 = ORIENTED_EDGE ( 'NONE', *, *, #623, .F. ) ;
#1829 = ORIENTED_EDGE ( 'NONE', *, *, #973, .T. ) ;
#1830 = AXIS2_PLACEMENT_3D ( 'NONE', #1815, #460, #2124 ) ;
#1831 = VECTOR ( 'NONE', #1475, 1000.000000000000000 ) ;
#1833 = EDGE_CURVE ( 'NONE', #1588, #3781, #2164, .T. ) ;
#1832 = PLANE ( 'NONE',  #2721 ) ;
#1834 = ORIENTED_EDGE ( 'NONE', *, *, #3279, .T. ) ;
#1835 = VECTOR ( 'NONE', #3672, 1000.000000000000000 ) ;
#1836 = ORIENTED_EDGE ( 'NONE', *, *, #1908, .F. ) ;
#1837 = VERTEX_POINT ( 'NONE', #194 ) ;
#1838 = AXIS2_PLACEMENT_3D ( 'NONE', #947, #334, #2907 ) ;
#1839 = CARTESIAN_POINT ( 'NONE',  ( 82.93286935413618721, 3.499999999999999556, -40.68905158218325369 ) ) ;
#1840 = CARTESIAN_POINT ( 'NONE',  ( 10.93286935413617655, 3.500000000000000000, -34.97554995058954574 ) ) ;
#1841 = DIRECTION ( 'NONE',  ( 0.000000000000000000, 0.000000000000000000, 1.000000000000000000 ) ) ;
#1842 = DIRECTION ( 'NONE',  ( 0.000000000000000000, 1.000000000000000000, 0.000000000000000000 ) ) ;
#1843 = EDGE_LOOP ( 'NONE', ( #558, #577, #3888, #1885 ) ) ;
#1844 = ADVANCED_FACE ( 'NONE', ( #1515 ), #304, .F. ) ;
#1845 = DIRECTION ( 'NONE',  ( 0.000000000000000000, -1.000000000000000000, 0.000000000000000000 ) ) ;
#1846 = EDGE_LOOP ( 'NONE', ( #2520, #1058, #2469, #1109 ) ) ;
#1847 = EDGE_LOOP ( 'NONE', ( #3240, #3824, #2916, #1947 ) ) ;
#1848 = CARTESIAN_POINT ( 'NONE',  ( 103.1118043018571768, 0.000000000000000000, -99.19844222072060802 ) ) ;
#1849 = LINE ( 'NONE', #219, #3973 ) ;
#1850 = ORIENTED_EDGE ( 'NONE', *, *, #189, .F. ) ;
#1851 = DIRECTION ( 'NONE',  ( -0.000000000000000000, 1.000000000000000000, -0.000000000000000000 ) ) ;
#1852 = ORIENTED_EDGE ( 'NONE', *, *, #4223, .F. ) ;
#1853 = ORIENTED_EDGE ( 'NONE', *, *, #1908, .T. ) ;
#1854 = CARTESIAN_POINT ( 'NONE',  ( 69.83982215491732859, 13.50000000000000000, -72.06678323137883524 ) ) ;
#1855 = LINE ( 'NONE', #3496, #591 ) ;
#1856 = CARTESIAN_POINT ( 'NONE',  ( -70.16017784508268562, 33.50000000000000000, -68.59939103940322980 ) ) ;
#1857 = LINE ( 'NONE', #1798, #3011 ) ;
#1858 = ORIENTED_EDGE ( 'NONE', *, *, #1502, .F. ) ;
#1859 = LINE ( 'NONE', #2890, #732 ) ;
#1860 = EDGE_CURVE ( 'NONE', #3480, #2441, #519, .T. ) ;
#1861 = CARTESIAN_POINT ( 'NONE',  ( -8.237550469836013162E-14, 0.000000000000000000, 77.47682054909699900 ) ) ;
#1862 = EDGE_LOOP ( 'NONE', ( #1234, #226, #3144, #1361 ) ) ;
#1863 = CARTESIAN_POINT ( 'NONE',  ( 8.932869354136174778, 23.50000000000000000, -32.97554995058955996 ) ) ;
#1864 = CARTESIAN_POINT ( 'NONE',  ( 42.25764484556228950, 0.000000000000000000, -108.7889526560728086 ) ) ;
#1865 = ORIENTED_EDGE ( 'NONE', *, *, #4050, .F. ) ;
#1866 = DIRECTION ( 'NONE',  ( 0.000000000000000000, 0.000000000000000000, 1.000000000000000000 ) ) ;
#1867 = ORIENTED_EDGE ( 'NONE', *, *, #1177, .F. ) ;
#1868 = EDGE_LOOP ( 'NONE', ( #3004, #1208, #2550, #1188 ) ) ;
#1869 = DIRECTION ( 'NONE',  ( 0.000000000000000000, 1.000000000000000000, -0.000000000000000000 ) ) ;
#1870 = EDGE_CURVE ( 'NONE', #4292, #3287, #3924, .T. ) ;
#1871 = LINE ( 'NONE', #878, #1066 ) ;
#1872 = DIRECTION ( 'NONE',  ( -0.000000000000000000, -1.000000000000000000, 0.000000000000000000 ) ) ;
#1873 = CARTESIAN_POINT ( 'NONE',  ( 82.93286935413618721, 3.500000000000000000, -57.27554995058955711 ) ) ;
#1874 = EDGE_LOOP ( 'NONE', ( #3, #710 ) ) ;
#1875 = DIRECTION ( 'NONE',  ( 0.000000000000000000, 0.000000000000000000, -1.000000000000000000 ) ) ;
#1876 = DIRECTION ( 'NONE',  ( 0.000000000000000000, 1.000000000000000000, 0.000000000000000000 ) ) ;
#1877 = EDGE_CURVE ( 'NONE', #812, #2976, #1556, .T. ) ;
#1878 = ORIENTED_EDGE ( 'NONE', *, *, #2004, .F. ) ;
#1879 = LINE ( 'NONE', #594, #1769 ) ;
#1880 = PERSON_AND_ORGANIZATION ( #1039, #2381 ) ;
#1881 = VECTOR ( 'NONE', #2406, 1000.000000000000000 ) ;
#1882 = CYLINDRICAL_SURFACE ( 'NONE', #2923, 2.000000000000001776 ) ;
#1883 = DIRECTION ( 'NONE',  ( -1.000000000000000000, 0.000000000000000000, 0.000000000000000000 ) ) ;
#1884 = LINE ( 'NONE', #2214, #520 ) ;
#1885 = ORIENTED_EDGE ( 'NONE', *, *, #4219, .T. ) ;
#1886 = LINE ( 'NONE', #975, #1893 ) ;
#1887 = VECTOR ( 'NONE', #497, 1000.000000000000000 ) ;
#1888 = VECTOR ( 'NONE', #419, 1000.000000000000000 ) ;
#1889 = DIRECTION ( 'NONE',  ( 0.000000000000000000, 0.000000000000000000, -1.000000000000000000 ) ) ;
#1890 = EDGE_CURVE ( 'NONE', #555, #911, #1901, .T. ) ;
#1891 = ORIENTED_EDGE ( 'NONE', *, *, #2280, .T. ) ;
#1892 = LOCAL_TIME ( 12, 25, 36.00000000000000000, #1656 ) ;
#1893 = VECTOR ( 'NONE', #2619, 1000.000000000000000 ) ;
#1894 = VECTOR ( 'NONE', #488, 1000.000000000000000 ) ;
#1895 = EDGE_LOOP ( 'NONE', ( #557, #432, #138, #3761 ) ) ;
#1896 = DIRECTION ( 'NONE',  ( -0.000000000000000000, 1.000000000000000000, -0.000000000000000000 ) ) ;
#1897 = VECTOR ( 'NONE', #2759, 1000.000000000000000 ) ;
#1898 = AXIS2_PLACEMENT_3D ( 'NONE', #2874, #4212, #618 ) ;
#1899 = DIRECTION ( 'NONE',  ( -0.000000000000000000, 1.000000000000000000, -0.000000000000000000 ) ) ;
#1900 = DIRECTION ( 'NONE',  ( -1.000000000000000000, 0.000000000000000000, 1.234385775125811480E-16 ) ) ;
#1901 = LINE ( 'NONE', #3636, #2805 ) ;
#1902 = ORIENTED_EDGE ( 'NONE', *, *, #1575, .F. ) ;
#1903 = VECTOR ( 'NONE', #1845, 1000.000000000000000 ) ;
#1904 = CARTESIAN_POINT ( 'NONE',  ( 109.9999999999999716, 3.500000000000000000, -140.0000000000000284 ) ) ;
#1905 = EDGE_CURVE ( 'NONE', #812, #2137, #3995, .T. ) ;
#1906 = ORIENTED_EDGE ( 'NONE', *, *, #2806, .F. ) ;
#1907 = LINE ( 'NONE', #969, #992 ) ;
#1908 = EDGE_CURVE ( 'NONE', #2976, #1497, #586, .T. ) ;
#1909 = ORIENTED_EDGE ( 'NONE', *, *, #779, .F. ) ;
#1910 = CARTESIAN_POINT ( 'NONE',  ( -103.1118043018568784, 0.000000000000000000, -97.19844222071972695 ) ) ;
#1911 = CARTESIAN_POINT ( 'NONE',  ( 15.79953828537855642, 9.500000000000000000, -7.122294137259994606 ) ) ;
#1912 = LINE ( 'NONE', #872, #3090 ) ;
#1913 = ORIENTED_EDGE ( 'NONE', *, *, #3943, .T. ) ;
#1914 = EDGE_CURVE ( 'NONE', #3244, #280, #4266, .T. ) ;
#1915 = CARTESIAN_POINT ( 'NONE',  ( 109.9999999999999716, 0.000000000000000000, -140.0000000000000284 ) ) ;
#1916 = VERTEX_POINT ( 'NONE', #2223 ) ;
#1917 = ADVANCED_FACE ( 'NONE', ( #1646 ), #2582, .F. ) ;
#1918 = VERTEX_POINT ( 'NONE', #279 ) ;
#1919 = CARTESIAN_POINT ( 'NONE',  ( 54.88746655341842029, 3.500000000000000000, 41.55453552836385711 ) ) ;
#1920 = CARTESIAN_POINT ( 'NONE',  ( -70.16017784508268562, 33.50000000000000000, -98.66117392250656337 ) ) ;
#1921 = CARTESIAN_POINT ( 'NONE',  ( 5.262523113483076109, 2.899999999999999911, -6.495983672554305803E-16 ) ) ;
#1922 = CARTESIAN_POINT ( 'NONE',  ( 94.00000000000005684, 3.500000000000000000, 42.65827857275347412 ) ) ;
#1923 = ORIENTED_EDGE ( 'NONE', *, *, #3353, .F. ) ;
#1924 = DIRECTION ( 'NONE',  ( 1.000000000000000000, 0.000000000000000000, 0.000000000000000000 ) ) ;
#1925 = CARTESIAN_POINT ( 'NONE',  ( 82.93286935413618721, 3.500000000000000000, -32.97554995058955996 ) ) ;
#1926 = ORIENTED_EDGE ( 'NONE', *, *, #189, .T. ) ;
#1927 = PLANE ( 'NONE',  #2173 ) ;
#1928 = DIRECTION ( 'NONE',  ( 0.000000000000000000, 0.000000000000000000, 1.000000000000000000 ) ) ;
#1929 = FACE_OUTER_BOUND ( 'NONE', #29, .T. ) ;
#1930 = ADVANCED_FACE ( 'NONE', ( #2905 ), #564, .F. ) ;
#1931 = FACE_OUTER_BOUND ( 'NONE', #2783, .T. ) ;
#1932 = EDGE_LOOP ( 'NONE', ( #402, #1913, #3936, #109, #1780, #516, #2458, #595, #3061, #455 ) ) ;
#1933 = DIRECTION ( 'NONE',  ( 0.000000000000000000, 0.000000000000000000, 1.000000000000000000 ) ) ;
#1934 = EDGE_CURVE ( 'NONE', #1810, #3367, #1593, .T. ) ;
#1935 = ORIENTED_EDGE ( 'NONE', *, *, #805, .F. ) ;
#1936 = EDGE_CURVE ( 'NONE', #3453, #3111, #2174, .T. ) ;
#1937 = VERTEX_POINT ( 'NONE', #3233 ) ;
#1938 = CARTESIAN_POINT ( 'NONE',  ( -103.1118043018568784, 0.000000000000000000, -99.19844222071972695 ) ) ;
#1939 = FACE_BOUND ( 'NONE', #1239, .T. ) ;
#1940 = DIRECTION ( 'NONE',  ( 0.000000000000000000, 0.000000000000000000, 1.000000000000000000 ) ) ;
#1941 = EDGE_LOOP ( 'NONE', ( #438, #2073 ) ) ;
#1942 = CARTESIAN_POINT ( 'NONE',  ( -23.02069052251176018, -1.500000000000000000, -1.346124730773122113 ) ) ;
#1943 = EDGE_LOOP ( 'NONE', ( #1224, #4213, #3320, #2642 ) ) ;
#1944 = CARTESIAN_POINT ( 'NONE',  ( 100.5625231134830670, 16.00000000000000000, -13.06145784142132626 ) ) ;
#1945 = CARTESIAN_POINT ( 'NONE',  ( 80.99248113370278190, 0.000000000000000000, 41.55453552836387132 ) ) ;
#1946 = AXIS2_PLACEMENT_3D ( 'NONE', #2443, #1419, #1505 ) ;
#1947 = ORIENTED_EDGE ( 'NONE', *, *, #2779, .F. ) ;
#1948 = VECTOR ( 'NONE', #1307, 1000.000000000000000 ) ;
#1949 = DIRECTION ( 'NONE',  ( -0.000000000000000000, 1.000000000000000000, -0.000000000000000000 ) ) ;
#1950 = DIRECTION ( 'NONE',  ( -0.000000000000000000, 1.000000000000000000, -0.000000000000000000 ) ) ;
#1951 = CYLINDRICAL_SURFACE ( 'NONE', #1280, 2.000000000000001776 ) ;
#1952 = DIRECTION ( 'NONE',  ( -0.000000000000000000, 1.000000000000000000, -0.000000000000000000 ) ) ;
#1953 = CARTESIAN_POINT ( 'NONE',  ( 100.5625231134830670, 9.500000000000000000, 14.30447696208897490 ) ) ;
#1954 = VECTOR ( 'NONE', #1726, 1000.000000000000000 ) ;
#1955 = EDGE_CURVE ( 'NONE', #3019, #1182, #3293, .T. ) ;
#1956 = VERTEX_POINT ( 'NONE', #258 ) ;
#1957 = CIRCLE ( 'NONE', #2802, 1.999999999999974021 ) ;
#1958 = VECTOR ( 'NONE', #3121, 1000.000000000000000 ) ;
#1959 = EDGE_CURVE ( 'NONE', #1988, #3221, #880, .T. ) ;
#1960 = DIRECTION ( 'NONE',  ( 0.000000000000000000, 0.000000000000000000, 1.000000000000000000 ) ) ;
#1961 = FACE_BOUND ( 'NONE', #4038, .T. ) ;
#1962 = DIRECTION ( 'NONE',  ( 0.000000000000000000, -1.000000000000000000, 0.000000000000000000 ) ) ;
#1963 = ORIENTED_EDGE ( 'NONE', *, *, #1596, .F. ) ;
#1964 = APPROVAL_PERSON_ORGANIZATION ( #1880, #2414, #2148 ) ;
#1965 = VECTOR ( 'NONE', #234, 1000.000000000000000 ) ;
#1966 = AXIS2_PLACEMENT_3D ( 'NONE', #3845, #846, #2468 ) ;
#1967 = DIRECTION ( 'NONE',  ( 0.000000000000000000, 1.000000000000000000, -0.000000000000000000 ) ) ;
#1968 = VERTEX_POINT ( 'NONE', #3591 ) ;
#1969 = EDGE_CURVE ( 'NONE', #356, #2094, #631, .T. ) ;
#1970 = VECTOR ( 'NONE', #3222, 1000.000000000000000 ) ;
#1971 = EDGE_CURVE ( 'NONE', #1617, #3595, #3276, .T. ) ;
#1972 = CIRCLE ( 'NONE', #108, 1.600000000000004086 ) ;
#1973 = DIRECTION ( 'NONE',  ( 0.000000000000000000, 1.000000000000000000, 0.000000000000000000 ) ) ;
#1974 = ADVANCED_BREP_SHAPE_REPRESENTATION ( '\X2\8f66677f\X0\', ( #3759, #518 ), #4275 ) ;
#1975 = VECTOR ( 'NONE', #972, 1000.000000000000000 ) ;
#1976 = ORIENTED_EDGE ( 'NONE', *, *, #1507, .F. ) ;
#1977 = VECTOR ( 'NONE', #867, 1000.000000000000000 ) ;
#1978 = CARTESIAN_POINT ( 'NONE',  ( -81.02069052251175663, -1.500000000000000000, 84.65387526922688721 ) ) ;
#1979 = ADVANCED_FACE ( 'NONE', ( #3208 ), #4313, .T. ) ;
#1980 = VERTEX_POINT ( 'NONE', #1873 ) ;
#1981 = CIRCLE ( 'NONE', #531, 1.749999999999999778 ) ;
#1982 = LINE ( 'NONE', #2213, #1975 ) ;
#1983 = FACE_OUTER_BOUND ( 'NONE', #2067, .T. ) ;
#1984 = ORIENTED_EDGE ( 'NONE', *, *, #3597, .F. ) ;
#1985 = DIRECTION ( 'NONE',  ( 0.000000000000000000, 0.000000000000000000, -1.000000000000000000 ) ) ;
#1986 = DIRECTION ( 'NONE',  ( 0.000000000000000000, 0.000000000000000000, 1.000000000000000000 ) ) ;
#1987 = ORIENTED_EDGE ( 'NONE', *, *, #3740, .T. ) ;
#1988 = VERTEX_POINT ( 'NONE', #1665 ) ;
#1989 = EDGE_LOOP ( 'NONE', ( #1853, #3998 ) ) ;
#1990 = LINE ( 'NONE', #3324, #1671 ) ;
#1991 = DIRECTION ( 'NONE',  ( 0.000000000000000000, 0.000000000000000000, -1.000000000000000000 ) ) ;
#1992 = DIRECTION ( 'NONE',  ( 0.000000000000000000, 0.000000000000000000, 1.000000000000000000 ) ) ;
#1993 = ORIENTED_EDGE ( 'NONE', *, *, #2765, .T. ) ;
#1994 = CARTESIAN_POINT ( 'NONE',  ( -23.02069052251176018, 0.000000000000000000, -2.946124730773123979 ) ) ;
#1995 = VERTEX_POINT ( 'NONE', #3683 ) ;
#1996 = CARTESIAN_POINT ( 'NONE',  ( 8.932869354136174778, 23.50000000000000000, -32.97554995058955996 ) ) ;
#1997 = ORIENTED_EDGE ( 'NONE', *, *, #275, .F. ) ;
#1998 = LINE ( 'NONE', #4052, #787 ) ;
#1999 = EDGE_LOOP ( 'NONE', ( #3808, #1821, #1836, #550 ) ) ;
#2000 = LINE ( 'NONE', #2367, #860 ) ;
#2001 = EDGE_CURVE ( 'NONE', #3921, #1079, #3750, .T. ) ;
#2002 = DIRECTION ( 'NONE',  ( -1.000000000000000000, 0.000000000000000000, 0.000000000000000000 ) ) ;
#2003 = DATE_AND_TIME ( #1388, #3368 ) ;
#2004 = EDGE_CURVE ( 'NONE', #3867, #585, #2034, .T. ) ;
#2005 = ORIENTED_EDGE ( 'NONE', *, *, #1622, .T. ) ;
#2006 = PRODUCT_DEFINITION ( 'æœ', '', #3504, #688 ) ;
#2007 = VERTEX_POINT ( 'NONE', #1342 ) ;
#2008 = LINE ( 'NONE', #2028, #2455 ) ;
#2009 = PLANE ( 'NONE',  #999 ) ;
#2010 = CARTESIAN_POINT ( 'NONE',  ( -68.60989732364136273, 0.000000000000000000, -58.10089711319648842 ) ) ;
#2011 = ORIENTED_EDGE ( 'NONE', *, *, #2491, .F. ) ;
#2012 = VERTEX_POINT ( 'NONE', #41 ) ;
#2013 = CARTESIAN_POINT ( 'NONE',  ( -9.482610522449854460E-15, 33.50000000000000000, -95.66117392250656337 ) ) ;
#2014 = ADVANCED_FACE ( 'NONE', ( #350 ), #3371, .F. ) ;
#2015 = FACE_OUTER_BOUND ( 'NONE', #3676, .T. ) ;
#2016 = DIRECTION ( 'NONE',  ( 1.000000000000000000, 0.000000000000000000, 0.000000000000000000 ) ) ;
#2017 = VERTEX_POINT ( 'NONE', #3981 ) ;
#2018 = EDGE_CURVE ( 'NONE', #3974, #3480, #694, .T. ) ;
#2019 = CARTESIAN_POINT ( 'NONE',  ( 15.79953828537855642, 9.500000000000000000, -7.122294137259994606 ) ) ;
#2020 = AXIS2_PLACEMENT_3D ( 'NONE', #2135, #1790, #1093 ) ;
#2021 = PLANE ( 'NONE',  #2392 ) ;
#2022 = FACE_BOUND ( 'NONE', #1679, .T. ) ;
#2023 = PERSON_AND_ORGANIZATION_ROLE ( 'classification_officer' ) ;
#2024 = VERTEX_POINT ( 'NONE', #1363 ) ;
#2025 = AXIS2_PLACEMENT_3D ( 'NONE', #2053, #2340, #2689 ) ;
#2026 = ORIENTED_EDGE ( 'NONE', *, *, #2651, .T. ) ;
#2027 = EDGE_CURVE ( 'NONE', #289, #182, #675, .T. ) ;
#2028 = CARTESIAN_POINT ( 'NONE',  ( 82.93286935413618721, 23.50000000000000000, -32.97554995058955996 ) ) ;
#2029 = DIRECTION ( 'NONE',  ( 0.000000000000000000, 1.000000000000000000, 0.000000000000000000 ) ) ;
#2030 = CARTESIAN_POINT ( 'NONE',  ( 82.93286935413618721, 3.500000000000000000, -32.97554995058955996 ) ) ;
#2031 = EDGE_LOOP ( 'NONE', ( #3627, #2597, #881, #1025, #4116, #3469, #3403, #3612, #1305, #1315 ) ) ;
#2032 = AXIS2_PLACEMENT_3D ( 'NONE', #2776, #3455, #1121 ) ;
#2033 = ORIENTED_EDGE ( 'NONE', *, *, #1860, .F. ) ;
#2034 = LINE ( 'NONE', #2409, #3573 ) ;
#2035 = CC_DESIGN_PERSON_AND_ORGANIZATION_ASSIGNMENT ( #3997, #2353, ( #3504 ) ) ;
#2036 = CARTESIAN_POINT ( 'NONE',  ( -10.60989732364136984, 0.000000000000000000, -58.10089711319649552 ) ) ;
#2037 = LINE ( 'NONE', #62, #1599 ) ;
#2038 = CARTESIAN_POINT ( 'NONE',  ( 46.57744732422547429, 0.000000000000000000, -140.0000000000000284 ) ) ;
#2039 = ORIENTED_EDGE ( 'NONE', *, *, #919, .T. ) ;
#2040 = AXIS2_PLACEMENT_3D ( 'NONE', #920, #3589, #3325 ) ;
#2041 = AXIS2_PLACEMENT_3D ( 'NONE', #2378, #266, #1241 ) ;
#2042 = DIRECTION ( 'NONE',  ( -0.000000000000000000, 1.000000000000000000, -0.000000000000000000 ) ) ;
#2043 = CIRCLE ( 'NONE', #454, 1.600000000000004086 ) ;
#2044 = CARTESIAN_POINT ( 'NONE',  ( 54.88746655341839187, -16.50000000000000000, 77.47682054909704163 ) ) ;
#2045 = EDGE_CURVE ( 'NONE', #3294, #1708, #433, .T. ) ;
#2046 = FACE_BOUND ( 'NONE', #2555, .T. ) ;
#2047 = AXIS2_PLACEMENT_3D ( 'NONE', #3479, #1820, #2782 ) ;
#2048 = PERSON_AND_ORGANIZATION ( #1039, #2381 ) ;
#2049 = EDGE_LOOP ( 'NONE', ( #4312, #895, #602, #2514 ) ) ;
#2050 = ORIENTED_EDGE ( 'NONE', *, *, #272, .T. ) ;
#2051 = DIRECTION ( 'NONE',  ( 0.000000000000000000, 0.000000000000000000, 1.000000000000000000 ) ) ;
#2052 = CARTESIAN_POINT ( 'NONE',  ( 96.31225393141707514, 9.500000000000000000, 14.30447696208897490 ) ) ;
#2053 = CARTESIAN_POINT ( 'NONE',  ( -94.00000000000002842, 0.000000000000000000, 72.65827857275333201 ) ) ;
#2054 = EDGE_CURVE ( 'NONE', #4244, #1810, #1685, .T. ) ;
#2055 = EDGE_LOOP ( 'NONE', ( #1984, #2050, #3156, #1198 ) ) ;
#2056 = DIRECTION ( 'NONE',  ( -0.000000000000000000, -1.000000000000000000, -0.000000000000000000 ) ) ;
#2057 = CARTESIAN_POINT ( 'NONE',  ( 103.1118043018571768, 0.000000000000000000, -97.19844222072062223 ) ) ;
#2058 = CARTESIAN_POINT ( 'NONE',  ( -10.60989732364136451, -6.500000000000000888, -10.85089711319649020 ) ) ;
#2059 = LINE ( 'NONE', #3066, #457 ) ;
#2060 = ORIENTED_EDGE ( 'NONE', *, *, #1781, .T. ) ;
#2061 = DIRECTION ( 'NONE',  ( -1.982541115402065110E-16, 0.000000000000000000, -1.000000000000000000 ) ) ;
#2062 = DIRECTION ( 'NONE',  ( -1.000000000000000000, 0.000000000000000000, -5.316138692485376765E-16 ) ) ;
#2063 = CARTESIAN_POINT ( 'NONE',  ( 109.9999999999999716, 3.500000000000000000, 99.99999999999997158 ) ) ;
#2064 = EDGE_CURVE ( 'NONE', #1503, #356, #4276, .T. ) ;
#2065 = VERTEX_POINT ( 'NONE', #1032 ) ;
#2066 = DIRECTION ( 'NONE',  ( 1.000000000000000000, -0.000000000000000000, -1.982541115402065110E-16 ) ) ;
#2067 = EDGE_LOOP ( 'NONE', ( #3344, #2229, #2921, #980 ) ) ;
#2069 = EDGE_CURVE ( 'NONE', #1366, #4300, #416, .T. ) ;
#2068 = DIRECTION ( 'NONE',  ( 1.000000000000000000, -0.000000000000000000, 0.000000000000000000 ) ) ;
#2070 = CARTESIAN_POINT ( 'NONE',  ( 5.262523113483074333, 9.500000000000000000, -13.06145784142133337 ) ) ;
#2071 = LINE ( 'NONE', #751, #1954 ) ;
#2072 = EDGE_CURVE ( 'NONE', #1988, #2183, #82, .T. ) ;
#2073 = ORIENTED_EDGE ( 'NONE', *, *, #3792, .T. ) ;
#2074 = ORIENTED_EDGE ( 'NONE', *, *, #4216, .T. ) ;
#2075 = DIRECTION ( 'NONE',  ( -1.000000000000000000, -0.000000000000000000, -0.000000000000000000 ) ) ;
#2077 = ADVANCED_FACE ( 'NONE', ( #3328 ), #1729, .F. ) ;
#2076 = DIRECTION ( 'NONE',  ( 1.000000000000000000, 0.000000000000000000, -9.912705577010325549E-17 ) ) ;
#2078 = CARTESIAN_POINT ( 'NONE',  ( -110.0000000000000142, 3.500000000000000000, 99.99999999999997158 ) ) ;
#2079 = CARTESIAN_POINT ( 'NONE',  ( 69.83982215491732859, 33.50000000000000000, -95.66117392250656337 ) ) ;
#2080 = DIRECTION ( 'NONE',  ( -7.138779736530069592E-17, -0.000000000000000000, 1.000000000000000000 ) ) ;
#2081 = ORIENTED_EDGE ( 'NONE', *, *, #3814, .T. ) ;
#2082 = CARTESIAN_POINT ( 'NONE',  ( 69.83982215491732859, 3.500000000000000000, -68.59939103940321559 ) ) ;
#2083 = CARTESIAN_POINT ( 'NONE',  ( -103.1118043018568784, 3.500000000000000000, -97.19844222071972695 ) ) ;
#2084 = FACE_BOUND ( 'NONE', #335, .T. ) ;
#2085 = VECTOR ( 'NONE', #1358, 1000.000000000000000 ) ;
#2086 = CARTESIAN_POINT ( 'NONE',  ( -70.16017784508268562, 33.50000000000000000, 0.000000000000000000 ) ) ;
#2087 = ORIENTED_EDGE ( 'NONE', *, *, #2107, .F. ) ;
#2088 = CARTESIAN_POINT ( 'NONE',  ( -94.00000000000002842, 3.500000000000000000, 44.65827857275333201 ) ) ;
#2089 = AXIS2_PLACEMENT_3D ( 'NONE', #1381, #3284, #461 ) ;
#2090 = ORIENTED_EDGE ( 'NONE', *, *, #1231, .F. ) ;
#2091 = DIRECTION ( 'NONE',  ( -0.000000000000000000, 1.000000000000000000, -0.000000000000000000 ) ) ;
#2092 = LINE ( 'NONE', #1374, #3164 ) ;
#2093 = DIRECTION ( 'NONE',  ( 0.000000000000000000, 0.000000000000000000, 1.000000000000000000 ) ) ;
#2094 = VERTEX_POINT ( 'NONE', #3346 ) ;
#2095 = EDGE_CURVE ( 'NONE', #4151, #4238, #3020, .T. ) ;
#2096 = ORIENTED_EDGE ( 'NONE', *, *, #3108, .F. ) ;
#2097 = LINE ( 'NONE', #3434, #16 ) ;
#2098 = CARTESIAN_POINT ( 'NONE',  ( 80.93286935413618721, 23.50000000000000000, -34.97554995058955996 ) ) ;
#2099 = PLANE ( 'NONE',  #2089 ) ;
#2100 = EDGE_CURVE ( 'NONE', #1424, #970, #372, .T. ) ;
#2101 = DIRECTION ( 'NONE',  ( -0.000000000000000000, 1.000000000000000000, -0.000000000000000000 ) ) ;
#2102 = VERTEX_POINT ( 'NONE', #712 ) ;
#2103 = AXIS2_PLACEMENT_3D ( 'NONE', #2713, #1103, #680 ) ;
#2104 = FACE_OUTER_BOUND ( 'NONE', #186, .T. ) ;
#2105 = LINE ( 'NONE', #3417, #1001 ) ;
#2106 = VECTOR ( 'NONE', #987, 1000.000000000000000 ) ;
#2107 = EDGE_CURVE ( 'NONE', #3829, #3424, #237, .T. ) ;
#2108 = DIRECTION ( 'NONE',  ( 0.000000000000000000, 1.000000000000000000, -0.000000000000000000 ) ) ;
#2109 = VECTOR ( 'NONE', #1899, 1000.000000000000000 ) ;
#2110 = CIRCLE ( 'NONE', #2948, 1.749999999999994671 ) ;
#2111 = ADVANCED_FACE ( 'NONE', ( #398 ), #1709, .F. ) ;
#2112 = ORIENTED_EDGE ( 'NONE', *, *, #3199, .F. ) ;
#2113 = FACE_OUTER_BOUND ( 'NONE', #3452, .T. ) ;
#2114 = VECTOR ( 'NONE', #1715, 1000.000000000000000 ) ;
#2115 = ORIENTED_EDGE ( 'NONE', *, *, #1431, .T. ) ;
#2116 = CARTESIAN_POINT ( 'NONE',  ( -10.60989732364136984, 3.500000000000000000, -56.35089711319648842 ) ) ;
#2117 = CIRCLE ( 'NONE', #2679, 1.599999999999990319 ) ;
#2118 = CARTESIAN_POINT ( 'NONE',  ( -68.60989732364136273, -6.500000000000000888, -58.10089711319648842 ) ) ;
#2119 = ORIENTED_EDGE ( 'NONE', *, *, #2577, .T. ) ;
#2120 = VERTEX_POINT ( 'NONE', #3410 ) ;
#2121 = ORIENTED_EDGE ( 'NONE', *, *, #79, .T. ) ;
#2122 = FACE_OUTER_BOUND ( 'NONE', #3112, .T. ) ;
#2123 = EDGE_CURVE ( 'NONE', #2819, #2605, #4073, .T. ) ;
#2124 = DIRECTION ( 'NONE',  ( 0.000000000000000000, 0.000000000000000000, 1.000000000000000000 ) ) ;
#2125 = DIRECTION ( 'NONE',  ( -0.000000000000000000, 1.000000000000000000, -0.000000000000000000 ) ) ;
#2126 = CARTESIAN_POINT ( 'NONE',  ( -81.02069052251175663, 0.000000000000000000, -2.946124730773116873 ) ) ;
#2127 = ORIENTED_EDGE ( 'NONE', *, *, #703, .T. ) ;
#2128 = CYLINDRICAL_SURFACE ( 'NONE', #391, 1.600000000000001865 ) ;
#2129 = EDGE_LOOP ( 'NONE', ( #2297, #2703, #3267, #963 ) ) ;
#2130 = CARTESIAN_POINT ( 'NONE',  ( 96.31225393141707514, 9.500000000000000000, 14.30447696208897490 ) ) ;
#2131 = CARTESIAN_POINT ( 'NONE',  ( -68.60989732364136273, 0.000000000000000000, -56.35089711319648842 ) ) ;
#2132 = VERTEX_POINT ( 'NONE', #3771 ) ;
#2133 = PLANE ( 'NONE',  #1692 ) ;
#2134 = VERTEX_POINT ( 'NONE', #1812 ) ;
#2135 = CARTESIAN_POINT ( 'NONE',  ( 82.93286935413618721, 23.50000000000000000, -32.97554995058955996 ) ) ;
#2136 = EDGE_CURVE ( 'NONE', #2670, #1660, #1510, .T. ) ;
#2137 = VERTEX_POINT ( 'NONE', #1119 ) ;
#2138 = VERTEX_POINT ( 'NONE', #3832 ) ;
#2139 = CARTESIAN_POINT ( 'NONE',  ( 80.93286935413618721, 23.50000000000000000, -55.27554995058955711 ) ) ;
#2140 = CARTESIAN_POINT ( 'NONE',  ( -41.74235515443771760, 3.500000000000000000, -139.0889526560728200 ) ) ;
#2141 = DIRECTION ( 'NONE',  ( -0.000000000000000000, -1.000000000000000000, -0.000000000000000000 ) ) ;
#2142 = CARTESIAN_POINT ( 'NONE',  ( -41.74235515443771760, -6.500000000000000888, -110.3889526560728171 ) ) ;
#2143 = ORIENTED_EDGE ( 'NONE', *, *, #18, .T. ) ;
#2144 = EDGE_CURVE ( 'NONE', #2756, #2341, #3494, .T. ) ;
#2145 = CARTESIAN_POINT ( 'NONE',  ( 34.59899631325689739, 23.50000000000000000, -32.97554995058955996 ) ) ;
#2146 = DIRECTION ( 'NONE',  ( -1.000000000000000000, 0.000000000000000000, 0.000000000000000000 ) ) ;
#2147 = PLANE ( 'NONE',  #2745 ) ;
#2148 = APPROVAL_ROLE ( '' ) ;
#2149 = EDGE_CURVE ( 'NONE', #3966, #1013, #1199, .T. ) ;
#2150 = ORIENTED_EDGE ( 'NONE', *, *, #2271, .T. ) ;
#2151 = EDGE_CURVE ( 'NONE', #1474, #3173, #1886, .T. ) ;
#2152 = ORIENTED_EDGE ( 'NONE', *, *, #4096, .T. ) ;
#2153 = CLOSED_SHELL ( 'NONE', ( #1930, #656, #4017, #2846, #60, #768, #224, #3170, #3561, #869, #87, #2655, #10, #956, #2077, #3184, #4318, #1102, #2429, #3501, #245, #1917, #1126, #509, #2222, #3073, #3889, #339, #669, #3331, #3118, #4058, #4154, #2621, #3838, #1746, #229, #2634, #2919, #37, #1519, #3980, #1206, #2111, #3470, #2014, #3949, #3224, #2773, #3038, #2918, #620, #848, #3310, #312, #178, #1386, #3175, #4301, #2283, #2871, #2373, #3210, #2870, #142, #3075, #255, #396, #1844, #3776, #2663, #3700, #4293, #619, #3555, #3318, #1108, #3604, #30, #1609, #89, #928, #3828, #1979, #3487, #406, #2161, #2937, #2346, #1401, #536, #3236, #2680, #3626, #1702, #796, #4246, #2924, #1809, #394, #3881, #644, #133, #938, #2256, #4086, #1087, #3031, #3527, #3404, #3068, #1638, #3415, #1173, #2326, #3649, #1157, #4289, #3438, #1354, #4119, #2936, #3625, #912, #1145, #1765, #267, #1544, #1306, #743 ) ) ;
#2154 = DIRECTION ( 'NONE',  ( 0.000000000000000000, 0.000000000000000000, 1.000000000000000000 ) ) ;
#2155 = CARTESIAN_POINT ( 'NONE',  ( 103.1118043018568500, 0.000000000000000000, -135.4984422207206194 ) ) ;
#2156 = ORIENTED_EDGE ( 'NONE', *, *, #4272, .F. ) ;
#2157 = VECTOR ( 'NONE', #2404, 1000.000000000000000 ) ;
#2158 = VECTOR ( 'NONE', #1449, 1000.000000000000000 ) ;
#2159 = EDGE_CURVE ( 'NONE', #2685, #2508, #1311, .T. ) ;
#2160 = ORIENTED_EDGE ( 'NONE', *, *, #1041, .T. ) ;
#2161 = ADVANCED_FACE ( 'NONE', ( #2639 ), #270, .F. ) ;
#2162 = PLANE ( 'NONE',  #1612 ) ;
#2163 = CARTESIAN_POINT ( 'NONE',  ( -54.88746655341842029, -16.50000000000000000, 41.55453552836380027 ) ) ;
#2164 = LINE ( 'NONE', #3502, #2944 ) ;
#2165 = CC_DESIGN_PERSON_AND_ORGANIZATION_ASSIGNMENT ( #69, #2023, ( #3859 ) ) ;
#2166 = ORIENTED_EDGE ( 'NONE', *, *, #3691, .F. ) ;
#2167 = CARTESIAN_POINT ( 'NONE',  ( 63.60996136188994399, 23.50000000000000000, -34.97554995058955996 ) ) ;
#2168 = ORIENTED_EDGE ( 'NONE', *, *, #4, .F. ) ;
#2169 = DIRECTION ( 'NONE',  ( 0.000000000000000000, 1.000000000000000000, 0.000000000000000000 ) ) ;
#2170 = LINE ( 'NONE', #2785, #1977 ) ;
#2171 = SHAPE_DEFINITION_REPRESENTATION ( #493, #1974 ) ;
#2172 = AXIS2_PLACEMENT_3D ( 'NONE', #1839, #4162, #4099 ) ;
#2173 = AXIS2_PLACEMENT_3D ( 'NONE', #3260, #932, #4229 ) ;
#2174 = CIRCLE ( 'NONE', #3717, 1.999999999999974021 ) ;
#2175 = EDGE_CURVE ( 'NONE', #1018, #122, #3554, .T. ) ;
#2176 = VERTEX_POINT ( 'NONE', #2574 ) ;
#2177 = VECTOR ( 'NONE', #4063, 1000.000000000000000 ) ;
#2178 = CIRCLE ( 'NONE', #1898, 1.999999999999994893 ) ;
#2179 = FACE_OUTER_BOUND ( 'NONE', #154, .T. ) ;
#2180 = ORIENTED_EDGE ( 'NONE', *, *, #2696, .T. ) ;
#2181 = AXIS2_PLACEMENT_3D ( 'NONE', #1349, #3687, #1653 ) ;
#2183 = VERTEX_POINT ( 'NONE', #4235 ) ;
#2182 = AXIS2_PLACEMENT_3D ( 'NONE', #3816, #2519, #1494 ) ;
#2184 = ORIENTED_EDGE ( 'NONE', *, *, #1245, .T. ) ;
#2185 = AXIS2_PLACEMENT_3D ( 'NONE', #1236, #1876, #948 ) ;
#2186 = DIRECTION ( 'NONE',  ( 0.000000000000000000, 0.000000000000000000, 1.000000000000000000 ) ) ;
#2187 = CARTESIAN_POINT ( 'NONE',  ( 103.1118043018571768, 0.000000000000000000, -99.19844222072060802 ) ) ;
#2188 = EDGE_CURVE ( 'NONE', #2132, #1237, #3931, .T. ) ;
#2189 = LINE ( 'NONE', #1856, #2513 ) ;
#2190 = CARTESIAN_POINT ( 'NONE',  ( 102.0000000000000853, 0.000000000000000000, 28.65827857275350610 ) ) ;
#2191 = VERTEX_POINT ( 'NONE', #1953 ) ;
#2192 = DIRECTION ( 'NONE',  ( -0.000000000000000000, 1.000000000000000000, -0.000000000000000000 ) ) ;
#2193 = EDGE_LOOP ( 'NONE', ( #3256, #1430, #3083, #120, #622, #794 ) ) ;
#2194 = CARTESIAN_POINT ( 'NONE',  ( 69.83982215491732859, 33.50000000000000000, -65.59939103940321559 ) ) ;
#2195 = DIRECTION ( 'NONE',  ( 0.000000000000000000, 0.000000000000000000, 1.000000000000000000 ) ) ;
#2196 = CARTESIAN_POINT ( 'NONE',  ( -70.16017784508268562, 33.50000000000000000, -98.66117392250656337 ) ) ;
#2197 = CARTESIAN_POINT ( 'NONE',  ( 42.25764484556228950, 3.500000000000000000, -110.3889526560728171 ) ) ;
#2198 = ORIENTED_EDGE ( 'NONE', *, *, #2830, .F. ) ;
#2199 = EDGE_CURVE ( 'NONE', #636, #3559, #3654, .T. ) ;
#2200 = PLANE ( 'NONE',  #3923 ) ;
#2201 = ORIENTED_EDGE ( 'NONE', *, *, #677, .F. ) ;
#2202 = LINE ( 'NONE', #256, #3010 ) ;
#2203 = EDGE_CURVE ( 'NONE', #3867, #2120, #4322, .T. ) ;
#2204 = CARTESIAN_POINT ( 'NONE',  ( 42.25764484556228950, 0.000000000000000000, -110.3889526560728171 ) ) ;
#2205 = CARTESIAN_POINT ( 'NONE',  ( 73.07221527378173676, 13.50000000000000000, -72.06678323137883524 ) ) ;
#2206 = DIRECTION ( 'NONE',  ( -0.000000000000000000, 0.000000000000000000, 1.000000000000000000 ) ) ;
#2207 = VERTEX_POINT ( 'NONE', #2941 ) ;
#2208 = DIRECTION ( 'NONE',  ( -0.000000000000000000, -0.000000000000000000, 1.000000000000000000 ) ) ;
#2209 = CARTESIAN_POINT ( 'NONE',  ( -102.0000000000000284, 0.000000000000000000, 86.65827857275333201 ) ) ;
#2210 = DIRECTION ( 'NONE',  ( 1.000000000000000000, 0.000000000000000000, 1.063227738497075353E-15 ) ) ;
#2211 = EDGE_CURVE ( 'NONE', #4238, #242, #4256, .T. ) ;
#2212 = ORIENTED_EDGE ( 'NONE', *, *, #544, .F. ) ;
#2213 = CARTESIAN_POINT ( 'NONE',  ( 100.5625231134830670, 2.899999999999999911, 14.30447696208897490 ) ) ;
#2214 = CARTESIAN_POINT ( 'NONE',  ( 80.93286935413618721, 23.50000000000000000, -55.27554995058955711 ) ) ;
#2215 = VERTEX_POINT ( 'NONE', #1003 ) ;
#2216 = FACE_OUTER_BOUND ( 'NONE', #1303, .T. ) ;
#2217 = ORIENTED_EDGE ( 'NONE', *, *, #635, .T. ) ;
#2218 = CARTESIAN_POINT ( 'NONE',  ( 63.60996136188994399, 3.499999999999999556, -32.97554995058955996 ) ) ;
#2219 = VECTOR ( 'NONE', #3471, 1000.000000000000000 ) ;
#2220 = DIRECTION ( 'NONE',  ( 1.000000000000000000, -0.000000000000000000, -0.000000000000000000 ) ) ;
#2221 = LINE ( 'NONE', #1592, #2228 ) ;
#2222 = ADVANCED_FACE ( 'NONE', ( #4281 ), #2287, .F. ) ;
#2223 = CARTESIAN_POINT ( 'NONE',  ( -102.0000000000000284, 0.000000000000000000, 84.65827857275333201 ) ) ;
#2224 = VERTEX_POINT ( 'NONE', #574 ) ;
#2225 = VECTOR ( 'NONE', #1872, 1000.000000000000000 ) ;
#2226 = CARTESIAN_POINT ( 'NONE',  ( 80.93286935413618721, 23.50000000000000000, -34.97554995058955996 ) ) ;
#2227 = DIRECTION ( 'NONE',  ( 1.000000000000000000, 0.000000000000000000, 0.000000000000000000 ) ) ;
#2228 = VECTOR ( 'NONE', #1962, 1000.000000000000000 ) ;
#2229 = ORIENTED_EDGE ( 'NONE', *, *, #3850, .F. ) ;
#2230 = LINE ( 'NONE', #2282, #2314 ) ;
#2231 = EDGE_LOOP ( 'NONE', ( #1834, #2115, #2295, #3190 ) ) ;
#2232 = CIRCLE ( 'NONE', #1053, 1.749999999999994671 ) ;
#2233 = ORIENTED_EDGE ( 'NONE', *, *, #2687, .T. ) ;
#2234 = DIRECTION ( 'NONE',  ( 1.000000000000000000, -0.000000000000000000, -0.000000000000000000 ) ) ;
#2235 = EDGE_CURVE ( 'NONE', #1793, #2970, #1266, .T. ) ;
#2236 = LINE ( 'NONE', #572, #2386 ) ;
#2237 = EDGE_LOOP ( 'NONE', ( #235, #2374, #3370, #2576 ) ) ;
#2238 = CARTESIAN_POINT ( 'NONE',  ( -10.60989732364136984, -6.500000000000000888, -58.10089711319649552 ) ) ;
#2239 = AXIS2_PLACEMENT_3D ( 'NONE', #1364, #2996, #434 ) ;
#2240 = VECTOR ( 'NONE', #1267, 1000.000000000000000 ) ;
#2241 = VECTOR ( 'NONE', #4263, 1000.000000000000000 ) ;
#2242 = VECTOR ( 'NONE', #2917, 1000.000000000000000 ) ;
#2243 = LINE ( 'NONE', #271, #512 ) ;
#2244 = ORIENTED_EDGE ( 'NONE', *, *, #4160, .F. ) ;
#2245 = LOCAL_TIME ( 12, 25, 36.00000000000000000, #1501 ) ;
#2246 = VECTOR ( 'NONE', #1606, 1000.000000000000000 ) ;
#2247 = VECTOR ( 'NONE', #1567, 1000.000000000000000 ) ;
#2248 = ORIENTED_EDGE ( 'NONE', *, *, #3005, .T. ) ;
#2249 = CARTESIAN_POINT ( 'NONE',  ( 69.83982215491732859, 13.50000000000000000, -92.36594344762063713 ) ) ;
#2250 = AXIS2_PLACEMENT_3D ( 'NONE', #3766, #1725, #770 ) ;
#2251 = AXIS2_PLACEMENT_3D ( 'NONE', #781, #2459, #762 ) ;
#2252 = CARTESIAN_POINT ( 'NONE',  ( -103.1118043018568784, 3.500000000000000000, -95.19844222071972695 ) ) ;
#2253 = DIRECTION ( 'NONE',  ( 0.000000000000000000, 0.000000000000000000, 1.000000000000000000 ) ) ;
#2254 = ORIENTED_EDGE ( 'NONE', *, *, #2491, .T. ) ;
#2255 = AXIS2_PLACEMENT_3D ( 'NONE', #1595, #3963, #3567 ) ;
#2256 = ADVANCED_FACE ( 'NONE', ( #1569 ), #1244, .F. ) ;
#2257 = CARTESIAN_POINT ( 'NONE',  ( 10.93286935413617655, 23.50000000000000000, -50.43083063114010400 ) ) ;
#2258 = DIRECTION ( 'NONE',  ( -0.000000000000000000, 1.000000000000000000, -0.000000000000000000 ) ) ;
#2259 = VERTEX_POINT ( 'NONE', #72 ) ;
#2260 = CARTESIAN_POINT ( 'NONE',  ( 69.83982215491732859, 33.50000000000000000, -98.66117392250656337 ) ) ;
#2261 = VERTEX_POINT ( 'NONE', #1415 ) ;
#2262 = EDGE_CURVE ( 'NONE', #2120, #885, #2471, .T. ) ;
#2263 = EDGE_CURVE ( 'NONE', #4114, #906, #3423, .T. ) ;
#2264 = ORIENTED_EDGE ( 'NONE', *, *, #2926, .F. ) ;
#2265 = CARTESIAN_POINT ( 'NONE',  ( -23.02069052251176018, 0.000000000000000000, 81.45387526922685595 ) ) ;
#2266 = DIRECTION ( 'NONE',  ( -1.000000000000000000, 0.000000000000000000, 1.982541115402065110E-16 ) ) ;
#2267 = ORIENTED_EDGE ( 'NONE', *, *, #2054, .F. ) ;
#2268 = CARTESIAN_POINT ( 'NONE',  ( 63.60996136188994399, 23.50000000000000000, -34.97554995058955996 ) ) ;
#2269 = EDGE_LOOP ( 'NONE', ( #2382, #2087, #1993, #161 ) ) ;
#2270 = ORIENTED_EDGE ( 'NONE', *, *, #3265, .F. ) ;
#2271 = EDGE_CURVE ( 'NONE', #1594, #182, #2402, .T. ) ;
#2272 = LINE ( 'NONE', #2860, #991 ) ;
#2273 = FACE_OUTER_BOUND ( 'NONE', #773, .T. ) ;
#2274 = CARTESIAN_POINT ( 'NONE',  ( 10.93286935413617655, 3.500000000000000000, -34.97554995058954574 ) ) ;
#2275 = ORIENTED_EDGE ( 'NONE', *, *, #1668, .F. ) ;
#2276 = DIRECTION ( 'NONE',  ( 0.000000000000000000, 0.000000000000000000, 1.000000000000000000 ) ) ;
#2277 = VERTEX_POINT ( 'NONE', #4131 ) ;
#2278 = DIRECTION ( 'NONE',  ( 0.000000000000000000, 0.000000000000000000, -1.000000000000000000 ) ) ;
#2279 = FACE_OUTER_BOUND ( 'NONE', #670, .T. ) ;
#2280 = EDGE_CURVE ( 'NONE', #1079, #3781, #1390, .T. ) ;
#2281 = ORIENTED_EDGE ( 'NONE', *, *, #1934, .T. ) ;
#2282 = CARTESIAN_POINT ( 'NONE',  ( -94.00000000000002842, 0.000000000000000000, 44.65827857275333201 ) ) ;
#2283 = ADVANCED_FACE ( 'NONE', ( #100 ), #2133, .F. ) ;
#2284 = DIRECTION ( 'NONE',  ( -0.000000000000000000, 1.000000000000000000, -0.000000000000000000 ) ) ;
#2285 = PLANE ( 'NONE',  #1487 ) ;
#2286 = PLANE ( 'NONE',  #588 ) ;
#2287 = PLANE ( 'NONE',  #31 ) ;
#2288 = DIRECTION ( 'NONE',  ( 0.000000000000000000, 0.000000000000000000, 1.000000000000000000 ) ) ;
#2289 = CALENDAR_DATE ( 2026, 2, 9 ) ;
#2290 = VERTEX_POINT ( 'NONE', #3078 ) ;
#2291 = EDGE_LOOP ( 'NONE', ( #791, #2722, #2993, #533 ) ) ;
#2292 = DIRECTION ( 'NONE',  ( 0.000000000000000000, 0.000000000000000000, -1.000000000000000000 ) ) ;
#2293 = DIRECTION ( 'NONE',  ( -0.000000000000000000, -1.000000000000000000, 0.000000000000000000 ) ) ;
#2294 = CARTESIAN_POINT ( 'NONE',  ( 0.000000000000000000, 23.50000000000000000, 0.000000000000000000 ) ) ;
#2295 = ORIENTED_EDGE ( 'NONE', *, *, #993, .F. ) ;
#2296 = EDGE_CURVE ( 'NONE', #3311, #3047, #3104, .T. ) ;
#2297 = ORIENTED_EDGE ( 'NONE', *, *, #2535, .F. ) ;
#2298 = DIRECTION ( 'NONE',  ( 1.000000000000000000, 0.000000000000000000, 0.000000000000000000 ) ) ;
#2299 = ORIENTED_EDGE ( 'NONE', *, *, #3822, .T. ) ;
#2300 = CARTESIAN_POINT ( 'NONE',  ( -41.74235515443771760, 0.000000000000000000, -140.6889526560728143 ) ) ;
#2301 = ORIENTED_EDGE ( 'NONE', *, *, #482, .T. ) ;
#2302 = DIRECTION ( 'NONE',  ( -0.000000000000000000, 1.000000000000000000, -0.000000000000000000 ) ) ;
#2303 = ORIENTED_EDGE ( 'NONE', *, *, #3270, .F. ) ;
#2304 = CARTESIAN_POINT ( 'NONE',  ( 63.60996136188994399, 23.50000000000000000, -55.27554995058955711 ) ) ;
#2305 = DIRECTION ( 'NONE',  ( 1.000000000000000000, 0.000000000000000000, 9.912705577010325549E-17 ) ) ;
#2306 = CARTESIAN_POINT ( 'NONE',  ( -81.02069052251175663, -1.500000000000000000, 83.05387526922687869 ) ) ;
#2307 = CARTESIAN_POINT ( 'NONE',  ( 8.932869354136174778, 23.50000000000000000, -32.97554995058955996 ) ) ;
#2308 = AXIS2_PLACEMENT_3D ( 'NONE', #1339, #38, #3428 ) ;
#2309 = EDGE_CURVE ( 'NONE', #2767, #1995, #1137, .T. ) ;
#2310 = ORIENTED_EDGE ( 'NONE', *, *, #2535, .T. ) ;
#2311 = DIRECTION ( 'NONE',  ( 0.000000000000000000, 0.000000000000000000, 1.000000000000000000 ) ) ;
#2312 = EDGE_LOOP ( 'NONE', ( #4040, #3408, #3531, #1621, #3467, #1050 ) ) ;
#2313 = AXIS2_PLACEMENT_3D ( 'NONE', #3588, #3206, #941 ) ;
#2314 = VECTOR ( 'NONE', #1582, 1000.000000000000000 ) ;
#2315 = DIRECTION ( 'NONE',  ( 0.000000000000000000, 0.000000000000000000, -1.000000000000000000 ) ) ;
#2316 = FACE_BOUND ( 'NONE', #3340, .T. ) ;
#2317 = CARTESIAN_POINT ( 'NONE',  ( -23.02069052251176018, 0.000000000000000000, -1.346124730773122113 ) ) ;
#2318 = EDGE_LOOP ( 'NONE', ( #3459, #939 ) ) ;
#2319 = CC_DESIGN_APPROVAL ( #2414, ( #3859 ) ) ;
#2320 = VECTOR ( 'NONE', #11, 1000.000000000000000 ) ;
#2321 = CARTESIAN_POINT ( 'NONE',  ( 15.79953828537855642, 9.500000000000000000, 87.67493557501117607 ) ) ;
#2322 = ORIENTED_EDGE ( 'NONE', *, *, #298, .T. ) ;
#2323 = VECTOR ( 'NONE', #747, 1000.000000000000000 ) ;
#2324 = VECTOR ( 'NONE', #2350, 1000.000000000000000 ) ;
#2326 = ADVANCED_FACE ( 'NONE', ( #813 ), #3055, .F. ) ;
#2325 = DIRECTION ( 'NONE',  ( 1.000000000000000000, -0.000000000000000000, 1.063227738497075353E-15 ) ) ;
#2327 = CIRCLE ( 'NONE', #929, 2.000000000000005329 ) ;
#2328 = ORIENTED_EDGE ( 'NONE', *, *, #4195, .T. ) ;
#2329 = VECTOR ( 'NONE', #2080, 1000.000000000000000 ) ;
#2330 = LINE ( 'NONE', #3947, #1217 ) ;
#2331 = ORIENTED_EDGE ( 'NONE', *, *, #2641, .T. ) ;
#2332 = AXIS2_PLACEMENT_3D ( 'NONE', #2960, #4297, #2631 ) ;
#2333 = CARTESIAN_POINT ( 'NONE',  ( 82.93286935413618721, 23.50000000000000000, -40.68905158218325369 ) ) ;
#2334 = CARTESIAN_POINT ( 'NONE',  ( 80.93286935413618721, 3.500000000000000000, -34.97554995058955996 ) ) ;
#2335 = ORIENTED_EDGE ( 'NONE', *, *, #2203, .F. ) ;
#2336 = EDGE_CURVE ( 'NONE', #542, #2478, #2750, .T. ) ;
#2337 = ORIENTED_EDGE ( 'NONE', *, *, #3229, .T. ) ;
#2338 = DIRECTION ( 'NONE',  ( 0.000000000000000000, 0.000000000000000000, -1.000000000000000000 ) ) ;
#2339 = CARTESIAN_POINT ( 'NONE',  ( -94.00000000000002842, 3.500000000000000000, 72.65827857275333201 ) ) ;
#2340 = DIRECTION ( 'NONE',  ( 0.000000000000000000, 1.000000000000000000, 0.000000000000000000 ) ) ;
#2341 = VERTEX_POINT ( 'NONE', #3468 ) ;
#2342 = ORIENTED_EDGE ( 'NONE', *, *, #3943, .F. ) ;
#2343 = CARTESIAN_POINT ( 'NONE',  ( -41.74235515443771760, -6.500000000000000888, -142.2889526560728086 ) ) ;
#2344 = EDGE_CURVE ( 'NONE', #3521, #264, #4089, .T. ) ;
#2345 = DIRECTION ( 'NONE',  ( -0.000000000000000000, 1.000000000000000000, -0.000000000000000000 ) ) ;
#2346 = ADVANCED_FACE ( 'NONE', ( #4109 ), #3402, .F. ) ;
#2347 = DIRECTION ( 'NONE',  ( -0.000000000000000000, -1.000000000000000000, 0.000000000000000000 ) ) ;
#2348 = ORIENTED_EDGE ( 'NONE', *, *, #1222, .T. ) ;
#2349 = DIRECTION ( 'NONE',  ( 0.000000000000000000, 0.000000000000000000, 1.000000000000000000 ) ) ;
#2350 = DIRECTION ( 'NONE',  ( -0.000000000000000000, -1.000000000000000000, -0.000000000000000000 ) ) ;
#2351 = EDGE_CURVE ( 'NONE', #3019, #3111, #2420, .T. ) ;
#2352 = FACE_BOUND ( 'NONE', #2318, .T. ) ;
#2353 = PERSON_AND_ORGANIZATION_ROLE ( 'creator' ) ;
#2354 = ORIENTED_EDGE ( 'NONE', *, *, #2825, .T. ) ;
#2355 = ORIENTED_EDGE ( 'NONE', *, *, #1678, .T. ) ;
#2356 = VERTEX_POINT ( 'NONE', #2088 ) ;
#2357 = CARTESIAN_POINT ( 'NONE',  ( 42.25764484556228950, -6.500000000000000888, -140.6889526560728143 ) ) ;
#2358 = FACE_BOUND ( 'NONE', #2419, .T. ) ;
#2359 = CARTESIAN_POINT ( 'NONE',  ( -70.81739985512299995, 13.50000000000000000, -76.91072559085550608 ) ) ;
#2360 = VERTEX_POINT ( 'NONE', #2789 ) ;
#2361 = ORIENTED_EDGE ( 'NONE', *, *, #1936, .T. ) ;
#2362 = CARTESIAN_POINT ( 'NONE',  ( -103.1118043018568784, 0.000000000000000000, -137.4984422207197099 ) ) ;
#2363 = DIRECTION ( 'NONE',  ( 0.000000000000000000, 0.000000000000000000, 1.000000000000000000 ) ) ;
#2364 = EDGE_CURVE ( 'NONE', #1474, #3529, #2439, .T. ) ;
#2365 = PLANE ( 'NONE',  #3856 ) ;
#2366 = ORIENTED_EDGE ( 'NONE', *, *, #3445, .T. ) ;
#2367 = CARTESIAN_POINT ( 'NONE',  ( 80.99248113370275348, -16.50000000000000000, 77.47682054909707006 ) ) ;
#2368 = CIRCLE ( 'NONE', #1331, 1.999999999999974021 ) ;
#2369 = LINE ( 'NONE', #1783, #1488 ) ;
#2370 = CARTESIAN_POINT ( 'NONE',  ( 0.000000000000000000, 3.500000000000000000, 0.000000000000000000 ) ) ;
#2371 = VECTOR ( 'NONE', #277, 1000.000000000000000 ) ;
#2372 = CARTESIAN_POINT ( 'NONE',  ( -94.00000000000002842, 0.000000000000000000, 42.65827857275333912 ) ) ;
#2373 = ADVANCED_FACE ( 'NONE', ( #2113 ), #3731, .F. ) ;
#2374 = ORIENTED_EDGE ( 'NONE', *, *, #3514, .T. ) ;
#2375 = VECTOR ( 'NONE', #3490, 1000.000000000000000 ) ;
#2376 = ORIENTED_EDGE ( 'NONE', *, *, #1176, .F. ) ;
#2377 = FACE_OUTER_BOUND ( 'NONE', #1895, .T. ) ;
#2378 = CARTESIAN_POINT ( 'NONE',  ( 103.1118043018571768, 0.000000000000000000, -97.19844222072062223 ) ) ;
#2379 = CYLINDRICAL_SURFACE ( 'NONE', #2308, 1.999999999999994893 ) ;
#2380 = EDGE_LOOP ( 'NONE', ( #3830, #2400, #77, #9 ) ) ;
#2381 = ORGANIZATION ( 'æœª', 'æœª', '' ) ;
#2382 = ORIENTED_EDGE ( 'NONE', *, *, #3768, .F. ) ;
#2383 = DIRECTION ( 'NONE',  ( -0.000000000000000000, 1.000000000000000000, -0.000000000000000000 ) ) ;
#2384 = FACE_OUTER_BOUND ( 'NONE', #3614, .T. ) ;
#2385 = AXIS2_PLACEMENT_3D ( 'NONE', #3063, #3663, #754 ) ;
#2386 = VECTOR ( 'NONE', #268, 1000.000000000000000 ) ;
#2387 = CARTESIAN_POINT ( 'NONE',  ( 103.5625231134830670, 3.500000000000000000, 0.000000000000000000 ) ) ;
#2388 = DIRECTION ( 'NONE',  ( 0.000000000000000000, 0.000000000000000000, 1.000000000000000000 ) ) ;
#2389 = VERTEX_POINT ( 'NONE', #13 ) ;
#2390 = VECTOR ( 'NONE', #2723, 1000.000000000000000 ) ;
#2391 = EDGE_CURVE ( 'NONE', #1413, #676, #2536, .T. ) ;
#2392 = AXIS2_PLACEMENT_3D ( 'NONE', #2044, #3381, #666 ) ;
#2393 = VECTOR ( 'NONE', #889, 1000.000000000000000 ) ;
#2394 = CARTESIAN_POINT ( 'NONE',  ( -73.58216855596961636, 3.500000000000000000, -88.56225083013769961 ) ) ;
#2395 = VECTOR ( 'NONE', #3313, 1000.000000000000000 ) ;
#2396 = DIRECTION ( 'NONE',  ( 0.000000000000000000, 0.000000000000000000, 1.000000000000000000 ) ) ;
#2397 = FACE_BOUND ( 'NONE', #1989, .T. ) ;
#2398 = CIRCLE ( 'NONE', #1560, 1.999999999999994893 ) ;
#2399 = EDGE_CURVE ( 'NONE', #1481, #3575, #1448, .T. ) ;
#2400 = ORIENTED_EDGE ( 'NONE', *, *, #539, .F. ) ;
#2401 = ORIENTED_EDGE ( 'NONE', *, *, #3738, .F. ) ;
#2402 = LINE ( 'NONE', #2768, #4278 ) ;
#2403 = ORIENTED_EDGE ( 'NONE', *, *, #4216, .F. ) ;
#2404 = DIRECTION ( 'NONE',  ( -1.000000000000000000, 0.000000000000000000, 1.982541115402065110E-16 ) ) ;
#2405 = DIRECTION ( 'NONE',  ( -0.000000000000000000, -1.000000000000000000, 0.000000000000000000 ) ) ;
#2406 = DIRECTION ( 'NONE',  ( -0.000000000000000000, 1.000000000000000000, -0.000000000000000000 ) ) ;
#2407 = ORIENTED_EDGE ( 'NONE', *, *, #4168, .T. ) ;
#2408 = ORIENTED_EDGE ( 'NONE', *, *, #3681, .T. ) ;
#2409 = CARTESIAN_POINT ( 'NONE',  ( 82.93286935413618721, 3.500000000000000000, -32.97554995058955996 ) ) ;
#2410 = PLANE ( 'NONE',  #986 ) ;
#2411 = PLANE ( 'NONE',  #2790 ) ;
#2412 = LINE ( 'NONE', #759, #2329 ) ;
#2413 = EDGE_CURVE ( 'NONE', #264, #3244, #4118, .T. ) ;
#2414 = APPROVAL ( #2848, 'æœª' ) ;
#2415 = ORIENTED_EDGE ( 'NONE', *, *, #1753, .T. ) ;
#2416 = LINE ( 'NONE', #4320, #2880 ) ;
#2417 = CARTESIAN_POINT ( 'NONE',  ( -103.1118043018568784, 3.500000000000000000, -133.4984422207197099 ) ) ;
#2418 = FACE_BOUND ( 'NONE', #3473, .T. ) ;
#2419 = EDGE_LOOP ( 'NONE', ( #1014, #375 ) ) ;
#2420 = LINE ( 'NONE', #490, #1210 ) ;
#2421 = EDGE_CURVE ( 'NONE', #1335, #3982, #756, .T. ) ;
#2422 = ORIENTED_EDGE ( 'NONE', *, *, #3383, .F. ) ;
#2423 = PLANE ( 'NONE',  #3347 ) ;
#2424 = CYLINDRICAL_SURFACE ( 'NONE', #2250, 2.000000000000001776 ) ;
#2425 = CARTESIAN_POINT ( 'NONE',  ( -41.74235515443771760, 0.000000000000000000, -111.9889526560728257 ) ) ;
#2426 = ORIENTED_EDGE ( 'NONE', *, *, #3691, .T. ) ;
#2427 = EDGE_LOOP ( 'NONE', ( #1299, #1265 ) ) ;
#2428 = FACE_OUTER_BOUND ( 'NONE', #4273, .T. ) ;
#2429 = ADVANCED_FACE ( 'NONE', ( #2737 ), #4077, .F. ) ;
#2430 = DIRECTION ( 'NONE',  ( 0.000000000000000000, 0.000000000000000000, 1.000000000000000000 ) ) ;
#2431 = VERTEX_POINT ( 'NONE', #2800 ) ;
#2432 = CARTESIAN_POINT ( 'NONE',  ( -54.88746655341842029, -16.50000000000000000, 77.47682054909699900 ) ) ;
#2433 = EDGE_LOOP ( 'NONE', ( #1215, #3204 ) ) ;
#2434 = DIRECTION ( 'NONE',  ( 0.000000000000000000, 0.000000000000000000, 1.000000000000000000 ) ) ;
#2435 = DIRECTION ( 'NONE',  ( -0.000000000000000000, 1.000000000000000000, -0.000000000000000000 ) ) ;
#2436 = FACE_BOUND ( 'NONE', #3970, .T. ) ;
#2437 = DIRECTION ( 'NONE',  ( 0.000000000000000000, 0.000000000000000000, 1.000000000000000000 ) ) ;
#2438 = VERTEX_POINT ( 'NONE', #2078 ) ;
#2439 = LINE ( 'NONE', #790, #107 ) ;
#2440 = AXIS2_PLACEMENT_3D ( 'NONE', #1403, #3753, #2430 ) ;
#2441 = VERTEX_POINT ( 'NONE', #2140 ) ;
#2442 = EDGE_CURVE ( 'NONE', #1321, #1636, #85, .T. ) ;
#2443 = CARTESIAN_POINT ( 'NONE',  ( 102.0000000000000142, 0.000000000000000000, 86.65827857275348833 ) ) ;
#2444 = CARTESIAN_POINT ( 'NONE',  ( -73.58216855596961636, 13.50000000000000000, -88.56225083013769961 ) ) ;
#2445 = AXIS2_PLACEMENT_3D ( 'NONE', #1252, #3274, #2581 ) ;
#2446 = EDGE_LOOP ( 'NONE', ( #1902, #2709, #166, #3306 ) ) ;
#2447 = EDGE_LOOP ( 'NONE', ( #426, #2361 ) ) ;
#2448 = CARTESIAN_POINT ( 'NONE',  ( 109.9999999999999716, 3.500000000000000000, -140.0000000000000284 ) ) ;
#2449 = DIRECTION ( 'NONE',  ( 1.000000000000000000, -0.000000000000000000, -0.000000000000000000 ) ) ;
#2450 = DIRECTION ( 'NONE',  ( 0.000000000000000000, 0.000000000000000000, 1.000000000000000000 ) ) ;
#2451 = CIRCLE ( 'NONE', #1543, 1.750000000000001554 ) ;
#2452 = DIRECTION ( 'NONE',  ( 0.000000000000000000, 0.000000000000000000, -1.000000000000000000 ) ) ;
#2453 = ORIENTED_EDGE ( 'NONE', *, *, #3361, .T. ) ;
#2454 = EDGE_CURVE ( 'NONE', #2389, #2573, #1150, .T. ) ;
#2455 = VECTOR ( 'NONE', #1723, 1000.000000000000000 ) ;
#2456 = CIRCLE ( 'NONE', #530, 1.599999999999990319 ) ;
#2457 = LINE ( 'NONE', #3180, #4215 ) ;
#2458 = ORIENTED_EDGE ( 'NONE', *, *, #973, .F. ) ;
#2459 = DIRECTION ( 'NONE',  ( 0.000000000000000000, 1.000000000000000000, 0.000000000000000000 ) ) ;
#2460 = CARTESIAN_POINT ( 'NONE',  ( -10.60989732364136451, 3.500000000000000000, -7.350897113196491084 ) ) ;
#2461 = AXIS2_PLACEMENT_3D ( 'NONE', #3437, #1842, #1779 ) ;
#2462 = AXIS2_PLACEMENT_3D ( 'NONE', #2197, #2915, #4254 ) ;
#2463 = CARTESIAN_POINT ( 'NONE',  ( -80.99248113370278190, -16.50000000000000000, 77.47682054909699900 ) ) ;
#2464 = EDGE_CURVE ( 'NONE', #3595, #3946, #819, .T. ) ;
#2465 = EDGE_CURVE ( 'NONE', #242, #2261, #498, .T. ) ;
#2466 = AXIS2_PLACEMENT_3D ( 'NONE', #2625, #2293, #1991 ) ;
#2467 = VECTOR ( 'NONE', #1717, 1000.000000000000000 ) ;
#2468 = DIRECTION ( 'NONE',  ( 0.000000000000000000, 0.000000000000000000, 1.000000000000000000 ) ) ;
#2469 = ORIENTED_EDGE ( 'NONE', *, *, #2895, .T. ) ;
#2470 = CARTESIAN_POINT ( 'NONE',  ( -103.1118043018568784, 0.000000000000000000, -97.19844222071972695 ) ) ;
#2471 = LINE ( 'NONE', #1438, #1552 ) ;
#2472 = VECTOR ( 'NONE', #2234, 1000.000000000000000 ) ;
#2473 = ORIENTED_EDGE ( 'NONE', *, *, #2095, .T. ) ;
#2474 = CARTESIAN_POINT ( 'NONE',  ( 73.07221527378173676, 3.500000000000000000, -92.36594344762063713 ) ) ;
#2475 = ORIENTED_EDGE ( 'NONE', *, *, #441, .F. ) ;
#2476 = EDGE_CURVE ( 'NONE', #2132, #1583, #925, .T. ) ;
#2477 = VERTEX_POINT ( 'NONE', #3456 ) ;
#2478 = VERTEX_POINT ( 'NONE', #478 ) ;
#2479 = LINE ( 'NONE', #2139, #162 ) ;
#2480 = CARTESIAN_POINT ( 'NONE',  ( 82.02773986518441518, 9.500000000000000000, 87.67493557501117607 ) ) ;
#2481 = DIRECTION ( 'NONE',  ( 1.000000000000000000, 0.000000000000000000, -1.261617073437677999E-16 ) ) ;
#2482 = DIRECTION ( 'NONE',  ( 0.000000000000000000, 0.000000000000000000, -1.000000000000000000 ) ) ;
#2483 = EDGE_CURVE ( 'NONE', #1237, #4187, #663, .T. ) ;
#2484 = VERTEX_POINT ( 'NONE', #1840 ) ;
#2485 = DIRECTION ( 'NONE',  ( 0.000000000000000000, 0.000000000000000000, 1.000000000000000000 ) ) ;
#2486 = PLANE ( 'NONE',  #3022 ) ;
#2487 = CARTESIAN_POINT ( 'NONE',  ( 82.93286935413618721, 23.50000000000000000, -57.27554995058955711 ) ) ;
#2488 = EDGE_CURVE ( 'NONE', #2224, #689, #1855, .T. ) ;
#2489 = ORIENTED_EDGE ( 'NONE', *, *, #539, .T. ) ;
#2490 = ORIENTED_EDGE ( 'NONE', *, *, #2752, .F. ) ;
#2491 = EDGE_CURVE ( 'NONE', #2508, #2707, #2903, .T. ) ;
#2492 = DIRECTION ( 'NONE',  ( -1.000000000000000000, 0.000000000000000000, 0.000000000000000000 ) ) ;
#2493 = VERTEX_POINT ( 'NONE', #1920 ) ;
#2494 = ORIENTED_EDGE ( 'NONE', *, *, #2421, .T. ) ;
#2495 = EDGE_LOOP ( 'NONE', ( #4173, #3094 ) ) ;
#2496 = LINE ( 'NONE', #3833, #3154 ) ;
#2497 = DIRECTION ( 'NONE',  ( 0.000000000000000000, 0.000000000000000000, -1.000000000000000000 ) ) ;
#2498 = CARTESIAN_POINT ( 'NONE',  ( -10.60989732364136984, -6.500000000000000888, -59.85089711319649552 ) ) ;
#2499 = CARTESIAN_POINT ( 'NONE',  ( -110.0000000000000284, 3.500000000000000000, -140.0000000000000000 ) ) ;
#2500 = ORIENTED_EDGE ( 'NONE', *, *, #952, .F. ) ;
#2501 = EDGE_CURVE ( 'NONE', #2484, #864, #1871, .T. ) ;
#2502 = FACE_OUTER_BOUND ( 'NONE', #2380, .T. ) ;
#2503 = ORIENTED_EDGE ( 'NONE', *, *, #198, .F. ) ;
#2504 = LINE ( 'NONE', #4105, #3800 ) ;
#2505 = ORIENTED_EDGE ( 'NONE', *, *, #3929, .F. ) ;
#2506 = CARTESIAN_POINT ( 'NONE',  ( -102.0000000000000284, 0.000000000000000000, 28.65827857275333912 ) ) ;
#2507 = EDGE_CURVE ( 'NONE', #1247, #3799, #1591, .T. ) ;
#2508 = VERTEX_POINT ( 'NONE', #1513 ) ;
#2509 = CIRCLE ( 'NONE', #640, 2.000000000000001776 ) ;
#2510 = EDGE_CURVE ( 'NONE', #676, #1413, #2876, .T. ) ;
#2511 = CARTESIAN_POINT ( 'NONE',  ( 80.93286935413618721, 23.50000000000000000, -55.27554995058955711 ) ) ;
#2512 = EDGE_LOOP ( 'NONE', ( #225, #1766 ) ) ;
#2513 = VECTOR ( 'NONE', #1151, 1000.000000000000000 ) ;
#2514 = ORIENTED_EDGE ( 'NONE', *, *, #2676, .F. ) ;
#2515 = FACE_OUTER_BOUND ( 'NONE', #866, .T. ) ;
#2516 = DIRECTION ( 'NONE',  ( 1.000000000000000000, -0.000000000000000000, -1.982541115402065110E-16 ) ) ;
#2517 = CARTESIAN_POINT ( 'NONE',  ( 73.07221527378173676, 13.50000000000000000, -92.36594344762063713 ) ) ;
#2518 = VECTOR ( 'NONE', #3389, 1000.000000000000000 ) ;
#2519 = DIRECTION ( 'NONE',  ( -1.000000000000000000, 0.000000000000000000, 0.000000000000000000 ) ) ;
#2520 = ORIENTED_EDGE ( 'NONE', *, *, #272, .F. ) ;
#2521 = EDGE_CURVE ( 'NONE', #1333, #3166, #2840, .T. ) ;
#2522 = CARTESIAN_POINT ( 'NONE',  ( 103.1118043018571768, 3.500000000000000000, -99.19844222072060802 ) ) ;
#2523 = EDGE_LOOP ( 'NONE', ( #2963, #2695, #1377, #1891, #2426, #5, #4261, #3536 ) ) ;
#2524 = EDGE_CURVE ( 'NONE', #1956, #2900, #2545, .T. ) ;
#2525 = LINE ( 'NONE', #1861, #2869 ) ;
#2526 = AXIS2_PLACEMENT_3D ( 'NONE', #3042, #2345, #373 ) ;
#2527 = VECTOR ( 'NONE', #1083, 1000.000000000000000 ) ;
#2528 = DIRECTION ( 'NONE',  ( 0.000000000000000000, 1.000000000000000000, 0.000000000000000000 ) ) ;
#2529 = AXIS2_PLACEMENT_3D ( 'NONE', #1994, #1398, #3087 ) ;
#2530 = LINE ( 'NONE', #1076, #2540 ) ;
#2531 = VECTOR ( 'NONE', #3243, 1000.000000000000000 ) ;
#2532 = DIRECTION ( 'NONE',  ( -1.000000000000000000, 0.000000000000000000, 0.000000000000000000 ) ) ;
#2533 = ORIENTED_EDGE ( 'NONE', *, *, #3394, .F. ) ;
#2534 = CARTESIAN_POINT ( 'NONE',  ( 96.31225393141707514, 9.500000000000000000, -7.122294137259994606 ) ) ;
#2535 = EDGE_CURVE ( 'NONE', #2102, #1443, #3251, .T. ) ;
#2536 = CIRCLE ( 'NONE', #3162, 1.600000000000004086 ) ;
#2537 = CIRCLE ( 'NONE', #243, 2.000000000000001776 ) ;
#2538 = DIRECTION ( 'NONE',  ( 1.000000000000000000, -0.000000000000000000, 0.000000000000000000 ) ) ;
#2539 = ORIENTED_EDGE ( 'NONE', *, *, #883, .F. ) ;
#2540 = VECTOR ( 'NONE', #1048, 1000.000000000000000 ) ;
#2541 = VECTOR ( 'NONE', #1537, 1000.000000000000000 ) ;
#2542 = ORIENTED_EDGE ( 'NONE', *, *, #894, .T. ) ;
#2543 = VECTOR ( 'NONE', #308, 1000.000000000000000 ) ;
#2544 = LINE ( 'NONE', #605, #3084 ) ;
#2545 = LINE ( 'NONE', #3231, #4000 ) ;
#2546 = CARTESIAN_POINT ( 'NONE',  ( -81.02069052251175663, -1.500000000000000000, -2.946124730773116873 ) ) ;
#2547 = DIRECTION ( 'NONE',  ( 0.000000000000000000, 0.000000000000000000, 1.000000000000000000 ) ) ;
#2548 = VERTEX_POINT ( 'NONE', #3876 ) ;
#2549 = CC_DESIGN_DATE_AND_TIME_ASSIGNMENT ( #2969, #4306, ( #3859 ) ) ;
#2550 = ORIENTED_EDGE ( 'NONE', *, *, #4214, .T. ) ;
#2551 = CARTESIAN_POINT ( 'NONE',  ( 109.9999999999999716, 0.000000000000000000, 99.99999999999997158 ) ) ;
#2552 = DIRECTION ( 'NONE',  ( 0.000000000000000000, 1.000000000000000000, 0.000000000000000000 ) ) ;
#2553 = FACE_OUTER_BOUND ( 'NONE', #799, .T. ) ;
#2554 = CARTESIAN_POINT ( 'NONE',  ( 82.93286935413618721, 23.50000000000000000, -32.97554995058955996 ) ) ;
#2555 = EDGE_LOOP ( 'NONE', ( #1795, #1727, #873, #169 ) ) ;
#2556 = EDGE_CURVE ( 'NONE', #1159, #686, #1623, .T. ) ;
#2557 = CARTESIAN_POINT ( 'NONE',  ( 8.932869354136176554, 23.50000000000000000, -57.27554995058955711 ) ) ;
#2558 = ORIENTED_EDGE ( 'NONE', *, *, #811, .F. ) ;
#2559 = ORIENTED_EDGE ( 'NONE', *, *, #380, .T. ) ;
#2560 = CARTESIAN_POINT ( 'NONE',  ( -68.60989732364136273, -6.500000000000000888, -10.85089711319647954 ) ) ;
#2561 = DIRECTION ( 'NONE',  ( 0.000000000000000000, 0.000000000000000000, -1.000000000000000000 ) ) ;
#2562 = DIRECTION ( 'NONE',  ( -0.000000000000000000, -1.000000000000000000, 0.000000000000000000 ) ) ;
#2563 = EDGE_LOOP ( 'NONE', ( #3448, #2267, #1518, #994 ) ) ;
#2565 = EDGE_CURVE ( 'NONE', #3057, #1589, #547, .T. ) ;
#2564 = CARTESIAN_POINT ( 'NONE',  ( -102.0000000000000284, 0.000000000000000000, 30.65827857275333557 ) ) ;
#2566 = DIRECTION ( 'NONE',  ( 0.000000000000000000, 0.000000000000000000, 1.000000000000000000 ) ) ;
#2567 = ORIENTED_EDGE ( 'NONE', *, *, #2199, .F. ) ;
#2568 = CARTESIAN_POINT ( 'NONE',  ( 80.99248113370275348, 3.500000000000000000, 77.47682054909707006 ) ) ;
#2569 = ORIENTED_EDGE ( 'NONE', *, *, #2601, .T. ) ;
#2570 = ORIENTED_EDGE ( 'NONE', *, *, #2908, .T. ) ;
#2571 = FACE_OUTER_BOUND ( 'NONE', #2930, .T. ) ;
#2572 = DIRECTION ( 'NONE',  ( -0.000000000000000000, 1.000000000000000000, -0.000000000000000000 ) ) ;
#2573 = VERTEX_POINT ( 'NONE', #1230 ) ;
#2574 = CARTESIAN_POINT ( 'NONE',  ( 103.5625231134830670, 3.500000000000000000, -16.06145784142133337 ) ) ;
#2575 = LINE ( 'NONE', #1571, #2942 ) ;
#2576 = ORIENTED_EDGE ( 'NONE', *, *, #2651, .F. ) ;
#2577 = EDGE_CURVE ( 'NONE', #3741, #767, #1251, .T. ) ;
#2578 = DIRECTION ( 'NONE',  ( 1.000000000000000000, 0.000000000000000000, 0.000000000000000000 ) ) ;
#2579 = CARTESIAN_POINT ( 'NONE',  ( -102.0000000000000284, 0.000000000000000000, 26.65827857275334622 ) ) ;
#2580 = CIRCLE ( 'NONE', #3558, 1.599999999999990319 ) ;
#2581 = DIRECTION ( 'NONE',  ( 0.000000000000000000, 0.000000000000000000, 1.000000000000000000 ) ) ;
#2582 = CYLINDRICAL_SURFACE ( 'NONE', #852, 1.999999999999994893 ) ;
#2583 = VERTEX_POINT ( 'NONE', #3562 ) ;
#2584 = CARTESIAN_POINT ( 'NONE',  ( 34.59899631325689739, 3.499999999999999556, -57.27554995058955711 ) ) ;
#2585 = DIRECTION ( 'NONE',  ( -0.000000000000000000, 1.000000000000000000, -0.000000000000000000 ) ) ;
#2586 = ORIENTED_EDGE ( 'NONE', *, *, #331, .T. ) ;
#2587 = DIRECTION ( 'NONE',  ( 0.000000000000000000, 0.000000000000000000, -1.000000000000000000 ) ) ;
#2588 = ORIENTED_EDGE ( 'NONE', *, *, #2989, .F. ) ;
#2589 = CARTESIAN_POINT ( 'NONE',  ( 0.000000000000000000, 33.50000000000000000, 0.000000000000000000 ) ) ;
#2590 = CARTESIAN_POINT ( 'NONE',  ( -73.58216855596961636, 13.50000000000000000, -88.56225083013769961 ) ) ;
#2591 = CARTESIAN_POINT ( 'NONE',  ( 109.9999999999999716, 3.500000000000000000, 99.99999999999997158 ) ) ;
#2592 = CARTESIAN_POINT ( 'NONE',  ( 54.88746655341839187, -16.50000000000000000, 77.47682054909704163 ) ) ;
#2593 = AXIS2_PLACEMENT_3D ( 'NONE', #1686, #2693, #4029 ) ;
#2594 = AXIS2_PLACEMENT_3D ( 'NONE', #2126, #4165, #1818 ) ;
#2595 = DIRECTION ( 'NONE',  ( -0.000000000000000000, -1.000000000000000000, -0.000000000000000000 ) ) ;
#2596 = ORIENTED_EDGE ( 'NONE', *, *, #43, .T. ) ;
#2597 = ORIENTED_EDGE ( 'NONE', *, *, #1166, .T. ) ;
#2598 = AXIS2_PLACEMENT_3D ( 'NONE', #3342, #1318, #650 ) ;
#2599 = CARTESIAN_POINT ( 'NONE',  ( -81.02069052251175663, 0.000000000000000000, 84.65387526922688721 ) ) ;
#2600 = AXIS2_PLACEMENT_3D ( 'NONE', #3198, #2405, #3534 ) ;
#2601 = EDGE_CURVE ( 'NONE', #3446, #1031, #4264, .T. ) ;
#2602 = AXIS2_PLACEMENT_3D ( 'NONE', #2083, #3120, #156 ) ;
#2603 = PLANE ( 'NONE',  #3021 ) ;
#2604 = DIRECTION ( 'NONE',  ( -0.000000000000000000, 1.000000000000000000, -0.000000000000000000 ) ) ;
#2605 = VERTEX_POINT ( 'NONE', #3913 ) ;
#2606 = DIRECTION ( 'NONE',  ( 0.000000000000000000, 1.000000000000000000, 0.000000000000000000 ) ) ;
#2607 = EDGE_LOOP ( 'NONE', ( #2303, #2331, #607, #3117 ) ) ;
#2608 = VECTOR ( 'NONE', #2208, 1000.000000000000000 ) ;
#2609 = PLANE ( 'NONE',  #803 ) ;
#2610 = EDGE_CURVE ( 'NONE', #1631, #1269, #1143, .T. ) ;
#2611 = CARTESIAN_POINT ( 'NONE',  ( 46.57744732422547429, 3.500000000000000000, -140.0000000000000284 ) ) ;
#2612 = ORIENTED_EDGE ( 'NONE', *, *, #571, .F. ) ;
#2613 = DIRECTION ( 'NONE',  ( -0.000000000000000000, 1.000000000000000000, -0.000000000000000000 ) ) ;
#2614 = ORIENTED_EDGE ( 'NONE', *, *, #1466, .T. ) ;
#2615 = EDGE_CURVE ( 'NONE', #3566, #1376, #453, .T. ) ;
#2616 = CARTESIAN_POINT ( 'NONE',  ( 42.25764484556228950, -6.500000000000000888, -140.6889526560728143 ) ) ;
#2617 = CYLINDRICAL_SURFACE ( 'NONE', #246, 1.749999999999994671 ) ;
#2618 = DIRECTION ( 'NONE',  ( -1.000000000000000000, 0.000000000000000000, -0.000000000000000000 ) ) ;
#2619 = DIRECTION ( 'NONE',  ( 1.000000000000000000, 0.000000000000000000, 9.912705577010325549E-17 ) ) ;
#2620 = LINE ( 'NONE', #1587, #2240 ) ;
#2621 = ADVANCED_FACE ( 'NONE', ( #3632 ), #2009, .F. ) ;
#2622 = ORIENTED_EDGE ( 'NONE', *, *, #2966, .T. ) ;
#2623 = ORIENTED_EDGE ( 'NONE', *, *, #1300, .T. ) ;
#2624 = LINE ( 'NONE', #649, #232 ) ;
#2625 = CARTESIAN_POINT ( 'NONE',  ( 94.00000000000005684, 0.000000000000000000, 42.65827857275347412 ) ) ;
#2626 = DIRECTION ( 'NONE',  ( 0.000000000000000000, 1.000000000000000000, 0.000000000000000000 ) ) ;
#2627 = VERTEX_POINT ( 'NONE', #3678 ) ;
#2628 = DIRECTION ( 'NONE',  ( -0.000000000000000000, 1.000000000000000000, -0.000000000000000000 ) ) ;
#2629 = ORIENTED_EDGE ( 'NONE', *, *, #2488, .T. ) ;
#2630 = CARTESIAN_POINT ( 'NONE',  ( 34.59899631325689739, 23.50000000000000000, -34.97554995058955285 ) ) ;
#2631 = DIRECTION ( 'NONE',  ( 0.000000000000000000, 0.000000000000000000, 1.000000000000000000 ) ) ;
#2632 = ORIENTED_EDGE ( 'NONE', *, *, #1176, .T. ) ;
#2633 = FACE_OUTER_BOUND ( 'NONE', #908, .T. ) ;
#2634 = ADVANCED_FACE ( 'NONE', ( #983, #3301, #3272, #55, #672, #1961, #2973, #2316, #1643, #7, #328, #1681, #708, #4005, #392, #3938, #1939, #961, #36, #2358, #3660, #1338, #1615, #942, #626, #1359, #347 ), #1011, .F. ) ;
#2635 = ORIENTED_EDGE ( 'NONE', *, *, #1570, .F. ) ;
#2636 = DIRECTION ( 'NONE',  ( 0.000000000000000000, 0.000000000000000000, 1.000000000000000000 ) ) ;
#2637 = CARTESIAN_POINT ( 'NONE',  ( -41.74235515443771760, -6.500000000000000888, -140.6889526560728143 ) ) ;
#2638 = DIRECTION ( 'NONE',  ( 0.000000000000000000, 0.000000000000000000, 1.000000000000000000 ) ) ;
#2639 = FACE_OUTER_BOUND ( 'NONE', #543, .T. ) ;
#2640 = ORIENTED_EDGE ( 'NONE', *, *, #3048, .T. ) ;
#2641 = EDGE_CURVE ( 'NONE', #2137, #812, #3440, .T. ) ;
#2642 = ORIENTED_EDGE ( 'NONE', *, *, #3607, .T. ) ;
#2643 = CARTESIAN_POINT ( 'NONE',  ( 34.59899631325689739, 3.499999999999999556, -32.97554995058955996 ) ) ;
#2644 = CARTESIAN_POINT ( 'NONE',  ( 103.1118043018571768, 3.500000000000000000, -97.19844222072062223 ) ) ;
#2645 = DIRECTION ( 'NONE',  ( 0.000000000000000000, 0.000000000000000000, -1.000000000000000000 ) ) ;
#2646 = ORIENTED_EDGE ( 'NONE', *, *, #123, .T. ) ;
#2647 = DIRECTION ( 'NONE',  ( 0.000000000000000000, 1.000000000000000000, 0.000000000000000000 ) ) ;
#2648 = ORIENTED_EDGE ( 'NONE', *, *, #482, .F. ) ;
#2649 = VERTEX_POINT ( 'NONE', #3365 ) ;
#2650 = DIRECTION ( 'NONE',  ( -1.000000000000000000, 0.000000000000000000, -0.000000000000000000 ) ) ;
#2651 = EDGE_CURVE ( 'NONE', #3166, #1268, #2673, .T. ) ;
#2652 = VERTEX_POINT ( 'NONE', #4023 ) ;
#2653 = AXIS2_PLACEMENT_3D ( 'NONE', #3497, #4164, #1167 ) ;
#2654 = CARTESIAN_POINT ( 'NONE',  ( 73.07221527378173676, 13.50000000000000000, -92.36594344762063713 ) ) ;
#2655 = ADVANCED_FACE ( 'NONE', ( #2273 ), #3976, .F. ) ;
#2656 = CARTESIAN_POINT ( 'NONE',  ( 34.59899631325689739, 3.500000000000000000, -34.97554995058955285 ) ) ;
#2657 = ORIENTED_EDGE ( 'NONE', *, *, #3130, .T. ) ;
#2658 = CARTESIAN_POINT ( 'NONE',  ( 63.60996136188994399, 3.499999999999999556, -32.97554995058955996 ) ) ;
#2659 = CARTESIAN_POINT ( 'NONE',  ( -94.00000000000002842, 0.000000000000000000, 72.65827857275333201 ) ) ;
#2660 = DIRECTION ( 'NONE',  ( 1.000000000000000000, 0.000000000000000000, 0.000000000000000000 ) ) ;
#2661 = CIRCLE ( 'NONE', #1060, 1.999999999999988010 ) ;
#2662 = EDGE_LOOP ( 'NONE', ( #2775, #2422, #3491, #2664 ) ) ;
#2663 = ADVANCED_FACE ( 'NONE', ( #1705 ), #2603, .T. ) ;
#2664 = ORIENTED_EDGE ( 'NONE', *, *, #2465, .T. ) ;
#2665 = AXIS2_PLACEMENT_3D ( 'NONE', #1294, #3631, #1960 ) ;
#2666 = DIRECTION ( 'NONE',  ( 0.000000000000000000, 0.000000000000000000, 1.000000000000000000 ) ) ;
#2667 = CARTESIAN_POINT ( 'NONE',  ( -81.02069052251175663, -1.500000000000000000, -2.946124730773116873 ) ) ;
#2668 = EDGE_CURVE ( 'NONE', #1583, #2132, #1627, .T. ) ;
#2669 = DIRECTION ( 'NONE',  ( 0.000000000000000000, 0.000000000000000000, 1.000000000000000000 ) ) ;
#2670 = VERTEX_POINT ( 'NONE', #3787 ) ;
#2671 = VECTOR ( 'NONE', #3699, 1000.000000000000000 ) ;
#2672 = DIRECTION ( 'NONE',  ( 0.000000000000000000, 1.000000000000000000, 0.000000000000000000 ) ) ;
#2673 = CIRCLE ( 'NONE', #1348, 1.999999999999988010 ) ;
#2674 = CIRCLE ( 'NONE', #2602, 2.000000000000001776 ) ;
#2675 = CARTESIAN_POINT ( 'NONE',  ( -70.16017784508268562, 3.500000000000000000, -65.59939103940321559 ) ) ;
#2676 = EDGE_CURVE ( 'NONE', #2477, #2441, #2092, .T. ) ;
#2677 = AXIS2_PLACEMENT_3D ( 'NONE', #742, #2061, #2744 ) ;
#2678 = DIRECTION ( 'NONE',  ( -7.726561826345202234E-16, 0.000000000000000000, 1.000000000000000000 ) ) ;
#2679 = AXIS2_PLACEMENT_3D ( 'NONE', #2300, #3639, #3545 ) ;
#2680 = ADVANCED_FACE ( 'NONE', ( #793 ), #2850, .F. ) ;
#2681 = CARTESIAN_POINT ( 'NONE',  ( -10.60989732364136451, 3.500000000000000000, -9.100897113196490196 ) ) ;
#2682 = DIRECTION ( 'NONE',  ( 0.000000000000000000, 0.000000000000000000, 1.000000000000000000 ) ) ;
#2683 = DIRECTION ( 'NONE',  ( 0.000000000000000000, 1.000000000000000000, 0.000000000000000000 ) ) ;
#2684 = DIRECTION ( 'NONE',  ( -1.000000000000000000, 0.000000000000000000, 0.000000000000000000 ) ) ;
#2685 = VERTEX_POINT ( 'NONE', #1863 ) ;
#2686 = ORIENTED_EDGE ( 'NONE', *, *, #3108, .T. ) ;
#2687 = EDGE_CURVE ( 'NONE', #2715, #4130, #473, .T. ) ;
#2688 = LINE ( 'NONE', #1680, #583 ) ;
#2689 = DIRECTION ( 'NONE',  ( 0.000000000000000000, 0.000000000000000000, 1.000000000000000000 ) ) ;
#2690 = EDGE_LOOP ( 'NONE', ( #1976, #2816, #2888, #2987, #706, #2127 ) ) ;
#2691 = ORIENTED_EDGE ( 'NONE', *, *, #3711, .F. ) ;
#2692 = CARTESIAN_POINT ( 'NONE',  ( 10.93286935413617655, 3.500000000000000000, -34.97554995058954574 ) ) ;
#2693 = DIRECTION ( 'NONE',  ( -0.000000000000000000, 1.000000000000000000, -0.000000000000000000 ) ) ;
#2694 = CARTESIAN_POINT ( 'NONE',  ( -81.02069052251175663, 0.000000000000000000, -1.346124730773111455 ) ) ;
#2695 = ORIENTED_EDGE ( 'NONE', *, *, #1371, .T. ) ;
#2696 = EDGE_CURVE ( 'NONE', #2065, #3053, #2327, .T. ) ;
#2697 = LINE ( 'NONE', #2717, #321 ) ;
#2698 = CARTESIAN_POINT ( 'NONE',  ( -2.209096741705932197E-14, 0.000000000000000000, 41.55453552836382869 ) ) ;
#2699 = DIRECTION ( 'NONE',  ( 0.000000000000000000, 1.000000000000000000, -0.000000000000000000 ) ) ;
#2700 = DIRECTION ( 'NONE',  ( 0.000000000000000000, 0.000000000000000000, -1.000000000000000000 ) ) ;
#2701 = PERSON_AND_ORGANIZATION_ROLE ( 'design_owner' ) ;
#2702 = ORIENTED_EDGE ( 'NONE', *, *, #3869, .F. ) ;
#2703 = ORIENTED_EDGE ( 'NONE', *, *, #2733, .F. ) ;
#2704 = DIRECTION ( 'NONE',  ( 1.000000000000000000, -0.000000000000000000, 0.000000000000000000 ) ) ;
#2705 = DIRECTION ( 'NONE',  ( 0.000000000000000000, 1.000000000000000000, 0.000000000000000000 ) ) ;
#2706 = LINE ( 'NONE', #3696, #1336 ) ;
#2707 = VERTEX_POINT ( 'NONE', #733 ) ;
#2708 = EDGE_CURVE ( 'NONE', #528, #2649, #3441, .T. ) ;
#2709 = ORIENTED_EDGE ( 'NONE', *, *, #2708, .F. ) ;
#2710 = CARTESIAN_POINT ( 'NONE',  ( -49.56049133996039302, 3.500000000000000000, -147.4160018446942502 ) ) ;
#2711 = DIRECTION ( 'NONE',  ( -0.000000000000000000, -1.000000000000000000, 0.000000000000000000 ) ) ;
#2712 = CARTESIAN_POINT ( 'NONE',  ( -23.02069052251176018, -1.500000000000000000, 83.05387526922686448 ) ) ;
#2713 = CARTESIAN_POINT ( 'NONE',  ( 102.0000000000000853, 3.500000000000000000, 28.65827857275350610 ) ) ;
#2714 = EDGE_CURVE ( 'NONE', #1013, #1335, #125, .T. ) ;
#2715 = VERTEX_POINT ( 'NONE', #4188 ) ;
#2716 = CIRCLE ( 'NONE', #3069, 2.000000000000001776 ) ;
#2717 = CARTESIAN_POINT ( 'NONE',  ( 103.1118043018568500, 0.000000000000000000, -133.4984422207205910 ) ) ;
#2718 = EDGE_CURVE ( 'NONE', #2493, #555, #3427, .T. ) ;
#2719 = DIRECTION ( 'NONE',  ( 0.000000000000000000, 1.000000000000000000, 0.000000000000000000 ) ) ;
#2720 = FACE_BOUND ( 'NONE', #1135, .T. ) ;
#2721 = AXIS2_PLACEMENT_3D ( 'NONE', #4158, #139, #3171 ) ;
#2722 = ORIENTED_EDGE ( 'NONE', *, *, #3143, .T. ) ;
#2723 = DIRECTION ( 'NONE',  ( 0.000000000000000000, 1.000000000000000000, 0.000000000000000000 ) ) ;
#2724 = ORIENTED_EDGE ( 'NONE', *, *, #4268, .T. ) ;
#2725 = LINE ( 'NONE', #4066, #2157 ) ;
#2726 = DIRECTION ( 'NONE',  ( 1.000000000000000000, -0.000000000000000000, -0.000000000000000000 ) ) ;
#2727 = LINE ( 'NONE', #4094, #1881 ) ;
#2728 = ORIENTED_EDGE ( 'NONE', *, *, #1312, .T. ) ;
#2729 = CIRCLE ( 'NONE', #3289, 1.599999999999990319 ) ;
#2730 = VECTOR ( 'NONE', #3196, 1000.000000000000000 ) ;
#2731 = EDGE_LOOP ( 'NONE', ( #1471, #847, #2533, #916 ) ) ;
#2732 = CARTESIAN_POINT ( 'NONE',  ( 63.60996136188994399, 23.50000000000000000, -32.97554995058955996 ) ) ;
#2733 = EDGE_CURVE ( 'NONE', #4108, #2102, #35, .T. ) ;
#2734 = FACE_OUTER_BOUND ( 'NONE', #3008, .T. ) ;
#2735 = VECTOR ( 'NONE', #3896, 1000.000000000000000 ) ;
#2736 = AXIS2_PLACEMENT_3D ( 'NONE', #641, #2572, #3220 ) ;
#2737 = FACE_OUTER_BOUND ( 'NONE', #3228, .T. ) ;
#2738 = CARTESIAN_POINT ( 'NONE',  ( 0.000000000000000000, 0.000000000000000000, 77.47682054909699900 ) ) ;
#2739 = CARTESIAN_POINT ( 'NONE',  ( -73.58216855596961636, 3.500000000000000000, -76.91072559085550608 ) ) ;
#2740 = EDGE_LOOP ( 'NONE', ( #273, #1293, #3979, #521 ) ) ;
#2741 = VECTOR ( 'NONE', #3752, 1000.000000000000000 ) ;
#2742 = AXIS2_PLACEMENT_3D ( 'NONE', #2370, #405, #1369 ) ;
#2743 = AXIS2_PLACEMENT_3D ( 'NONE', #2654, #3070, #1384 ) ;
#2744 = DIRECTION ( 'NONE',  ( -1.000000000000000000, 0.000000000000000000, 1.982541115402065110E-16 ) ) ;
#2745 = AXIS2_PLACEMENT_3D ( 'NONE', #2463, #1219, #551 ) ;
#2746 = FACE_BOUND ( 'NONE', #2433, .T. ) ;
#2747 = CIRCLE ( 'NONE', #2332, 2.000000000000001776 ) ;
#2748 = EDGE_LOOP ( 'NONE', ( #988, #2623, #2691, #3125 ) ) ;
#2749 = DIRECTION ( 'NONE',  ( -0.000000000000000000, 1.000000000000000000, -0.000000000000000000 ) ) ;
#2750 = LINE ( 'NONE', #137, #4203 ) ;
#2751 = VERTEX_POINT ( 'NONE', #450 ) ;
#2752 = EDGE_CURVE ( 'NONE', #1516, #3367, #3450, .T. ) ;
#2753 = DIRECTION ( 'NONE',  ( 0.000000000000000000, 1.000000000000000000, -0.000000000000000000 ) ) ;
#2754 = CARTESIAN_POINT ( 'NONE',  ( -103.1118043018568784, 0.000000000000000000, -95.19844222071972695 ) ) ;
#2755 = CARTESIAN_POINT ( 'NONE',  ( 54.88746655341839187, 3.500000000000000000, 77.47682054909704163 ) ) ;
#2756 = VERTEX_POINT ( 'NONE', #750 ) ;
#2757 = ORIENTED_EDGE ( 'NONE', *, *, #951, .F. ) ;
#2758 = DIRECTION ( 'NONE',  ( 0.000000000000000000, 0.000000000000000000, -1.000000000000000000 ) ) ;
#2759 = DIRECTION ( 'NONE',  ( 0.000000000000000000, 0.000000000000000000, -1.000000000000000000 ) ) ;
#2760 = DIRECTION ( 'NONE',  ( 0.000000000000000000, 0.000000000000000000, 1.000000000000000000 ) ) ;
#2761 = DIRECTION ( 'NONE',  ( 0.000000000000000000, 0.000000000000000000, 1.000000000000000000 ) ) ;
#2762 = EDGE_LOOP ( 'NONE', ( #1397, #1261, #3507, #4095, #3492, #201 ) ) ;
#2763 = CYLINDRICAL_SURFACE ( 'NONE', #2883, 2.000000000000001776 ) ;
#2764 = CARTESIAN_POINT ( 'NONE',  ( -103.1118043018568784, 3.500000000000000000, -137.4984422207197099 ) ) ;
#2765 = EDGE_CURVE ( 'NONE', #3829, #345, #3127, .T. ) ;
#2766 = FACE_BOUND ( 'NONE', #817, .T. ) ;
#2767 = VERTEX_POINT ( 'NONE', #2070 ) ;
#2768 = CARTESIAN_POINT ( 'NONE',  ( 69.83982215491732859, 33.50000000000000000, 0.000000000000000000 ) ) ;
#2769 = ORIENTED_EDGE ( 'NONE', *, *, #1971, .F. ) ;
#2770 = CARTESIAN_POINT ( 'NONE',  ( -102.0000000000000284, 0.000000000000000000, 88.65827857275333201 ) ) ;
#2771 = DIRECTION ( 'NONE',  ( 0.000000000000000000, 0.000000000000000000, 1.000000000000000000 ) ) ;
#2772 = ORIENTED_EDGE ( 'NONE', *, *, #3296, .F. ) ;
#2773 = ADVANCED_FACE ( 'NONE', ( #1094 ), #2424, .F. ) ;
#2774 = ORIENTED_EDGE ( 'NONE', *, *, #718, .T. ) ;
#2775 = ORIENTED_EDGE ( 'NONE', *, *, #3827, .F. ) ;
#2776 = CARTESIAN_POINT ( 'NONE',  ( 0.000000000000000000, 13.50000000000000000, 0.000000000000000000 ) ) ;
#2777 = DIRECTION ( 'NONE',  ( 0.000000000000000000, 1.000000000000000000, 0.000000000000000000 ) ) ;
#2778 = DIRECTION ( 'NONE',  ( 0.000000000000000000, 0.000000000000000000, -1.000000000000000000 ) ) ;
#2779 = EDGE_CURVE ( 'NONE', #2290, #1079, #3059, .T. ) ;
#2780 = PLANE ( 'NONE',  #2182 ) ;
#2781 = EDGE_LOOP ( 'NONE', ( #4228, #2310, #326, #1707 ) ) ;
#2782 = DIRECTION ( 'NONE',  ( -1.000000000000000000, 0.000000000000000000, 1.982541115402065110E-16 ) ) ;
#2783 = EDGE_LOOP ( 'NONE', ( #313, #2039, #2774, #2891 ) ) ;
#2784 = DIRECTION ( 'NONE',  ( 0.000000000000000000, 0.000000000000000000, 1.000000000000000000 ) ) ;
#2785 = CARTESIAN_POINT ( 'NONE',  ( -41.74235515443771760, -6.500000000000000888, -111.9889526560728257 ) ) ;
#2786 = VECTOR ( 'NONE', #1771, 1000.000000000000000 ) ;
#2787 = EDGE_CURVE ( 'NONE', #1589, #1557, #4112, .T. ) ;
#2788 = ORIENTED_EDGE ( 'NONE', *, *, #2908, .F. ) ;
#2789 = CARTESIAN_POINT ( 'NONE',  ( 80.99248113370275348, 0.000000000000000000, 77.47682054909707006 ) ) ;
#2790 = AXIS2_PLACEMENT_3D ( 'NONE', #971, #1731, #3644 ) ;
#2791 = EDGE_LOOP ( 'NONE', ( #2971, #3067 ) ) ;
#2793 = EDGE_CURVE ( 'NONE', #662, #3439, #871, .T. ) ;
#2792 = LINE ( 'NONE', #1161, #4123 ) ;
#2794 = CIRCLE ( 'NONE', #3703, 2.000000000000001776 ) ;
#2795 = EDGE_CURVE ( 'NONE', #1320, #1268, #2530, .T. ) ;
#2796 = EDGE_LOOP ( 'NONE', ( #1228, #2612 ) ) ;
#2797 = ORIENTED_EDGE ( 'NONE', *, *, #1802, .T. ) ;
#2798 = VECTOR ( 'NONE', #1773, 1000.000000000000000 ) ;
#2799 = DIRECTION ( 'NONE',  ( 0.000000000000000000, 0.000000000000000000, -1.000000000000000000 ) ) ;
#2800 = CARTESIAN_POINT ( 'NONE',  ( -81.02069052251175663, 3.500000000000000000, 84.65387526922688721 ) ) ;
#2801 = CARTESIAN_POINT ( 'NONE',  ( 80.93286935413618721, 23.50000000000000000, -34.97554995058955996 ) ) ;
#2802 = AXIS2_PLACEMENT_3D ( 'NONE', #800, #477, #3133 ) ;
#2803 = CARTESIAN_POINT ( 'NONE',  ( -68.60989732364136273, 3.500000000000000000, -59.85089711319648131 ) ) ;
#2804 = ORIENTED_EDGE ( 'NONE', *, *, #2641, .F. ) ;
#2805 = VECTOR ( 'NONE', #3255, 1000.000000000000000 ) ;
#2806 = EDGE_CURVE ( 'NONE', #3510, #1968, #596, .T. ) ;
#2807 = CARTESIAN_POINT ( 'NONE',  ( 80.93286935413618721, 23.50000000000000000, -34.97554995058955996 ) ) ;
#2808 = ORIENTED_EDGE ( 'NONE', *, *, #4030, .F. ) ;
#2809 = DIRECTION ( 'NONE',  ( 0.000000000000000000, 0.000000000000000000, 1.000000000000000000 ) ) ;
#2810 = AXIS2_PLACEMENT_3D ( 'NONE', #4163, #775, #1465 ) ;
#2811 = DIRECTION ( 'NONE',  ( 0.000000000000000000, 0.000000000000000000, 1.000000000000000000 ) ) ;
#2812 = VECTOR ( 'NONE', #3406, 1000.000000000000000 ) ;
#2813 = AXIS2_PLACEMENT_3D ( 'NONE', #1697, #3028, #3646 ) ;
#2814 = FACE_OUTER_BOUND ( 'NONE', #2690, .T. ) ;
#2815 = VERTEX_POINT ( 'NONE', #553 ) ;
#2816 = ORIENTED_EDGE ( 'NONE', *, *, #2175, .F. ) ;
#2817 = DIRECTION ( 'NONE',  ( 1.000000000000000000, 0.000000000000000000, -1.982541115402065110E-16 ) ) ;
#2818 = LINE ( 'NONE', #3128, #2375 ) ;
#2819 = VERTEX_POINT ( 'NONE', #3745 ) ;
#2820 = EDGE_CURVE ( 'NONE', #1320, #1333, #1070, .T. ) ;
#2821 = ORIENTED_EDGE ( 'NONE', *, *, #1312, .F. ) ;
#2822 = DIRECTION ( 'NONE',  ( 7.726561826345198289E-16, -0.000000000000000000, -1.000000000000000000 ) ) ;
#2823 = DIRECTION ( 'NONE',  ( 0.000000000000000000, 1.000000000000000000, 0.000000000000000000 ) ) ;
#2824 = DIRECTION ( 'NONE',  ( -1.000000000000000000, 0.000000000000000000, 0.000000000000000000 ) ) ;
#2825 = EDGE_CURVE ( 'NONE', #1956, #4250, #3968, .T. ) ;
#2826 = LINE ( 'NONE', #2842, #3300 ) ;
#2827 = EDGE_LOOP ( 'NONE', ( #2988, #2808, #3360, #851 ) ) ;
#2828 = DIRECTION ( 'NONE',  ( -0.000000000000000000, -1.000000000000000000, 0.000000000000000000 ) ) ;
#2829 = LINE ( 'NONE', #3508, #3511 ) ;
#2830 = EDGE_CURVE ( 'NONE', #3181, #2715, #3242, .T. ) ;
#2831 = LINE ( 'NONE', #3163, #3724 ) ;
#2832 = ORIENTED_EDGE ( 'NONE', *, *, #833, .T. ) ;
#2833 = EDGE_CURVE ( 'NONE', #816, #2906, #3600, .T. ) ;
#2834 = EDGE_LOOP ( 'NONE', ( #389, #3261, #1226, #3668 ) ) ;
#2835 = LINE ( 'NONE', #4174, #2998 ) ;
#2836 = EDGE_LOOP ( 'NONE', ( #1909, #2702, #283, #2408 ) ) ;
#2837 = ORIENTED_EDGE ( 'NONE', *, *, #904, .F. ) ;
#2838 = CARTESIAN_POINT ( 'NONE',  ( 80.99248113370281033, 0.000000000000000000, 6.257934129486517057E-14 ) ) ;
#2839 = EDGE_CURVE ( 'NONE', #1366, #3715, #1585, .T. ) ;
#2840 = LINE ( 'NONE', #2187, #3369 ) ;
#2841 = DIRECTION ( 'NONE',  ( -0.000000000000000000, 0.000000000000000000, -1.000000000000000000 ) ) ;
#2842 = CARTESIAN_POINT ( 'NONE',  ( 100.5625231134830670, 9.500000000000000000, 14.30447696208897490 ) ) ;
#2843 = ORIENTED_EDGE ( 'NONE', *, *, #4028, .T. ) ;
#2844 = LINE ( 'NONE', #2807, #115 ) ;
#2845 = ORIENTED_EDGE ( 'NONE', *, *, #779, .T. ) ;
#2846 = ADVANCED_FACE ( 'NONE', ( #3285 ), #2617, .F. ) ;
#2847 = DIRECTION ( 'NONE',  ( -0.000000000000000000, -0.000000000000000000, -1.000000000000000000 ) ) ;
#2848 = APPROVAL_STATUS ( 'not_yet_approved' ) ;
#2849 = DIRECTION ( 'NONE',  ( -5.782411586589357392E-17, 0.000000000000000000, -1.000000000000000000 ) ) ;
#2850 = PLANE ( 'NONE',  #4208 ) ;
#2851 = AXIS2_PLACEMENT_3D ( 'NONE', #366, #3012, #34 ) ;
#2852 = ORIENTED_EDGE ( 'NONE', *, *, #544, .T. ) ;
#2853 = AXIS2_PLACEMENT_3D ( 'NONE', #2589, #4210, #285 ) ;
#2854 = CARTESIAN_POINT ( 'NONE',  ( -70.81739985512299995, 3.500000000000000000, -88.56225083013769961 ) ) ;
#2855 = LINE ( 'NONE', #4192, #2798 ) ;
#2856 = ORIENTED_EDGE ( 'NONE', *, *, #2610, .T. ) ;
#2857 = VECTOR ( 'NONE', #163, 1000.000000000000000 ) ;
#2858 = ORIENTED_EDGE ( 'NONE', *, *, #2979, .T. ) ;
#2859 = VECTOR ( 'NONE', #1213, 1000.000000000000000 ) ;
#2860 = CARTESIAN_POINT ( 'NONE',  ( 80.93286935413618721, 23.50000000000000000, -40.68905158218325369 ) ) ;
#2861 = CYLINDRICAL_SURFACE ( 'NONE', #155, 1.600000000000005418 ) ;
#2862 = LINE ( 'NONE', #527, #2881 ) ;
#2863 = EDGE_LOOP ( 'NONE', ( #1024, #3784 ) ) ;
#2864 = EDGE_CURVE ( 'NONE', #2191, #662, #1982, .T. ) ;
#2865 = VECTOR ( 'NONE', #1924, 1000.000000000000000 ) ;
#2866 = ORIENTED_EDGE ( 'NONE', *, *, #459, .F. ) ;
#2867 = LINE ( 'NONE', #3512, #444 ) ;
#2868 = VECTOR ( 'NONE', #1010, 1000.000000000000000 ) ;
#2869 = VECTOR ( 'NONE', #2210, 1000.000000000000000 ) ;
#2870 = ADVANCED_FACE ( 'NONE', ( #909 ), #1634, .F. ) ;
#2871 = ADVANCED_FACE ( 'NONE', ( #3550 ), #2285, .F. ) ;
#2872 = VERTEX_POINT ( 'NONE', #2265 ) ;
#2873 = DIRECTION ( 'NONE',  ( 0.000000000000000000, 0.000000000000000000, -1.000000000000000000 ) ) ;
#2874 = CARTESIAN_POINT ( 'NONE',  ( -94.00000000000002842, 0.000000000000000000, 42.65827857275333912 ) ) ;
#2875 = EDGE_LOOP ( 'NONE', ( #949, #814, #1788, #1858 ) ) ;
#2876 = CIRCLE ( 'NONE', #3509, 1.600000000000004086 ) ;
#2877 = AXIS2_PLACEMENT_3D ( 'NONE', #1654, #3737, #2638 ) ;
#2878 = CARTESIAN_POINT ( 'NONE',  ( -10.60989732364136984, 0.000000000000000000, -56.35089711319648842 ) ) ;
#2879 = EDGE_LOOP ( 'NONE', ( #64, #1455, #2558, #3680 ) ) ;
#2880 = VECTOR ( 'NONE', #4055, 1000.000000000000000 ) ;
#2881 = VECTOR ( 'NONE', #1470, 1000.000000000000000 ) ;
#2882 = EDGE_CURVE ( 'NONE', #3903, #891, #2939, .T. ) ;
#2883 = AXIS2_PLACEMENT_3D ( 'NONE', #4104, #1580, #3882 ) ;
#2884 = DIRECTION ( 'NONE',  ( 1.000000000000000000, -0.000000000000000000, 0.000000000000000000 ) ) ;
#2885 = CARTESIAN_POINT ( 'NONE',  ( -73.58216855596961636, 3.500000000000000000, -76.91072559085550608 ) ) ;
#2886 = DIRECTION ( 'NONE',  ( -0.000000000000000000, 1.000000000000000000, -0.000000000000000000 ) ) ;
#2887 = DIRECTION ( 'NONE',  ( 0.000000000000000000, 1.000000000000000000, 0.000000000000000000 ) ) ;
#2888 = ORIENTED_EDGE ( 'NONE', *, *, #3130, .F. ) ;
#2889 = LINE ( 'NONE', #2226, #4270 ) ;
#2890 = CARTESIAN_POINT ( 'NONE',  ( 82.02773986518441518, 3.500000000000000000, -7.122294137259994606 ) ) ;
#2891 = ORIENTED_EDGE ( 'NONE', *, *, #1432, .F. ) ;
#2892 = CARTESIAN_POINT ( 'NONE',  ( 82.93286935413618721, 3.499999999999999556, -40.68905158218325369 ) ) ;
#2893 = ORIENTED_EDGE ( 'NONE', *, *, #1116, .F. ) ;
#2894 = CARTESIAN_POINT ( 'NONE',  ( 8.932869354136176554, 3.499999999999999556, -50.43083063114010400 ) ) ;
#2895 = EDGE_CURVE ( 'NONE', #4292, #4061, #248, .T. ) ;
#2896 = DIRECTION ( 'NONE',  ( -7.138779736530069592E-17, -0.000000000000000000, 1.000000000000000000 ) ) ;
#2897 = VERTEX_POINT ( 'NONE', #3905 ) ;
#2898 = DIRECTION ( 'NONE',  ( 0.000000000000000000, 0.000000000000000000, -1.000000000000000000 ) ) ;
#2899 = CARTESIAN_POINT ( 'NONE',  ( -81.02069052251175663, 3.500000000000000000, -2.946124730773116873 ) ) ;
#2900 = VERTEX_POINT ( 'NONE', #2590 ) ;
#2901 = ORIENTED_EDGE ( 'NONE', *, *, #2839, .T. ) ;
#2902 = DIRECTION ( 'NONE',  ( 0.000000000000000000, 0.000000000000000000, 1.000000000000000000 ) ) ;
#2903 = LINE ( 'NONE', #3176, #3095 ) ;
#2904 = CARTESIAN_POINT ( 'NONE',  ( -81.02069052251175663, 0.000000000000000000, -4.546124730773122735 ) ) ;
#2905 = FACE_OUTER_BOUND ( 'NONE', #2055, .T. ) ;
#2906 = VERTEX_POINT ( 'NONE', #3928 ) ;
#2907 = DIRECTION ( 'NONE',  ( 1.000000000000000000, 0.000000000000000000, -1.982541115402065110E-16 ) ) ;
#2908 = EDGE_CURVE ( 'NONE', #686, #1159, #4147, .T. ) ;
#2909 = DIRECTION ( 'NONE',  ( -0.000000000000000000, 1.000000000000000000, -0.000000000000000000 ) ) ;
#2910 = ORIENTED_EDGE ( 'NONE', *, *, #2864, .T. ) ;
#2911 = DIRECTION ( 'NONE',  ( 0.000000000000000000, 0.000000000000000000, -1.000000000000000000 ) ) ;
#2912 = ORIENTED_EDGE ( 'NONE', *, *, #1412, .F. ) ;
#2913 = DIRECTION ( 'NONE',  ( 0.000000000000000000, 0.000000000000000000, 1.000000000000000000 ) ) ;
#2914 = CARTESIAN_POINT ( 'NONE',  ( 34.59899631325689739, 23.50000000000000000, -57.27554995058955711 ) ) ;
#2915 = DIRECTION ( 'NONE',  ( 0.000000000000000000, 1.000000000000000000, 0.000000000000000000 ) ) ;
#2916 = ORIENTED_EDGE ( 'NONE', *, *, #2280, .F. ) ;
#2917 = DIRECTION ( 'NONE',  ( -1.000000000000000000, 0.000000000000000000, 1.982541115402065110E-16 ) ) ;
#2918 = ADVANCED_FACE ( 'NONE', ( #664 ), #1951, .F. ) ;
#2919 = ADVANCED_FACE ( 'NONE', ( #2571 ), #286, .F. ) ;
#2920 = DIRECTION ( 'NONE',  ( -0.000000000000000000, -0.000000000000000000, -1.000000000000000000 ) ) ;
#2921 = ORIENTED_EDGE ( 'NONE', *, *, #3877, .T. ) ;
#2922 = ORIENTED_EDGE ( 'NONE', *, *, #2001, .F. ) ;
#2923 = AXIS2_PLACEMENT_3D ( 'NONE', #1910, #1584, #2913 ) ;
#2924 = ADVANCED_FACE ( 'NONE', ( #1929 ), #3578, .F. ) ;
#2925 = CARTESIAN_POINT ( 'NONE',  ( 69.83982215491732859, 3.500000000000000000, -65.59939103940321559 ) ) ;
#2926 = EDGE_CURVE ( 'NONE', #3181, #1980, #1287, .T. ) ;
#2927 = VECTOR ( 'NONE', #1220, 1000.000000000000000 ) ;
#2928 = LINE ( 'NONE', #1574, #647 ) ;
#2929 = CARTESIAN_POINT ( 'NONE',  ( -10.60989732364136984, 0.000000000000000000, -58.10089711319649552 ) ) ;
#2930 = EDGE_LOOP ( 'NONE', ( #3641, #2632, #1281, #2646 ) ) ;
#2931 = AXIS2_PLACEMENT_3D ( 'NONE', #1532, #802, #2450 ) ;
#2932 = LINE ( 'NONE', #239, #4079 ) ;
#2933 = DIRECTION ( 'NONE',  ( 0.000000000000000000, 1.000000000000000000, 0.000000000000000000 ) ) ;
#2934 = ORIENTED_EDGE ( 'NONE', *, *, #1166, .F. ) ;
#2935 = CARTESIAN_POINT ( 'NONE',  ( 15.79953828537855642, 3.500000000000000000, -7.122294137259994606 ) ) ;
#2936 = ADVANCED_FACE ( 'NONE', ( #2553 ), #46, .F. ) ;
#2937 = ADVANCED_FACE ( 'NONE', ( #720 ), #3049, .F. ) ;
#2938 = CARTESIAN_POINT ( 'NONE',  ( 15.79953828537855642, 9.500000000000000000, 87.67493557501117607 ) ) ;
#2939 = LINE ( 'NONE', #4211, #2472 ) ;
#2940 = DIRECTION ( 'NONE',  ( -1.000000000000000000, 0.000000000000000000, 0.000000000000000000 ) ) ;
#2941 = CARTESIAN_POINT ( 'NONE',  ( -54.88746655341842029, 3.500000000000000000, 77.47682054909699900 ) ) ;
#2942 = VECTOR ( 'NONE', #2595, 1000.000000000000000 ) ;
#2943 = VECTOR ( 'NONE', #1896, 1000.000000000000000 ) ;
#2944 = VECTOR ( 'NONE', #3178, 1000.000000000000000 ) ;
#2945 = DIRECTION ( 'NONE',  ( 1.000000000000000000, 0.000000000000000000, -0.000000000000000000 ) ) ;
#2946 = ORIENTED_EDGE ( 'NONE', *, *, #4133, .F. ) ;
#2947 = VECTOR ( 'NONE', #2449, 1000.000000000000000 ) ;
#2948 = AXIS2_PLACEMENT_3D ( 'NONE', #404, #1716, #1672 ) ;
#2949 = LINE ( 'NONE', #2560, #443 ) ;
#2950 = VECTOR ( 'NONE', #1441, 1000.000000000000000 ) ;
#2951 = CIRCLE ( 'NONE', #1061, 2.000000000000005329 ) ;
#2952 = DIRECTION ( 'NONE',  ( 0.000000000000000000, 0.000000000000000000, 1.000000000000000000 ) ) ;
#2953 = FACE_OUTER_BOUND ( 'NONE', #3362, .T. ) ;
#2954 = ORIENTED_EDGE ( 'NONE', *, *, #3122, .F. ) ;
#2955 = EDGE_CURVE ( 'NONE', #4231, #1509, #699, .T. ) ;
#2956 = CARTESIAN_POINT ( 'NONE',  ( 94.00000000000000000, 0.000000000000000000, 72.65827857275347412 ) ) ;
#2957 = VERTEX_POINT ( 'NONE', #3398 ) ;
#2958 = CIRCLE ( 'NONE', #2185, 2.000000000000001776 ) ;
#2959 = DIRECTION ( 'NONE',  ( 0.000000000000000000, 1.000000000000000000, 0.000000000000000000 ) ) ;
#2960 = CARTESIAN_POINT ( 'NONE',  ( -103.1118043018568784, 0.000000000000000000, -97.19844222071972695 ) ) ;
#2961 = ORIENTED_EDGE ( 'NONE', *, *, #2045, .T. ) ;
#2962 = CARTESIAN_POINT ( 'NONE',  ( 42.25764484556228950, -6.500000000000000888, -108.7889526560728086 ) ) ;
#2963 = ORIENTED_EDGE ( 'NONE', *, *, #3338, .T. ) ;
#2964 = FACE_OUTER_BOUND ( 'NONE', #2834, .T. ) ;
#2965 = CARTESIAN_POINT ( 'NONE',  ( 100.5625231134830670, 9.500000000000000000, 14.30447696208897490 ) ) ;
#2966 = EDGE_CURVE ( 'NONE', #2583, #1125, #3024, .T. ) ;
#2967 = CARTESIAN_POINT ( 'NONE',  ( 80.99248113370278190, -16.50000000000000000, 41.55453552836387132 ) ) ;
#2968 = ORIENTED_EDGE ( 'NONE', *, *, #3102, .F. ) ;
#2969 = DATE_AND_TIME ( #2289, #3576 ) ;
#2970 = VERTEX_POINT ( 'NONE', #1694 ) ;
#2971 = ORIENTED_EDGE ( 'NONE', *, *, #1724, .F. ) ;
#2972 = CARTESIAN_POINT ( 'NONE',  ( -41.74235515443771760, 0.000000000000000000, -142.2889526560728086 ) ) ;
#2973 = FACE_BOUND ( 'NONE', #3241, .T. ) ;
#2974 = CARTESIAN_POINT ( 'NONE',  ( 73.07221527378173676, 13.50000000000000000, -92.36594344762063713 ) ) ;
#2975 = ORIENTED_EDGE ( 'NONE', *, *, #3893, .F. ) ;
#2976 = VERTEX_POINT ( 'NONE', #3354 ) ;
#2977 = DIRECTION ( 'NONE',  ( 0.000000000000000000, 1.000000000000000000, 0.000000000000000000 ) ) ;
#2978 = ORIENTED_EDGE ( 'NONE', *, *, #3818, .T. ) ;
#2979 = EDGE_CURVE ( 'NONE', #689, #3900, #2416, .T. ) ;
#2980 = EDGE_LOOP ( 'NONE', ( #3123, #1721, #90, #4277 ) ) ;
#2981 = DIRECTION ( 'NONE',  ( 0.000000000000000000, 0.000000000000000000, 1.000000000000000000 ) ) ;
#2982 = EDGE_CURVE ( 'NONE', #3755, #3510, #2697, .T. ) ;
#2983 = DIRECTION ( 'NONE',  ( 0.000000000000000000, 1.000000000000000000, 0.000000000000000000 ) ) ;
#2984 = LINE ( 'NONE', #2698, #729 ) ;
#2985 = CARTESIAN_POINT ( 'NONE',  ( -81.02069052251175663, 3.500000000000000000, -2.946124730773116873 ) ) ;
#2986 = PERSON_AND_ORGANIZATION_ROLE ( 'creator' ) ;
#2987 = ORIENTED_EDGE ( 'NONE', *, *, #3803, .F. ) ;
#2988 = ORIENTED_EDGE ( 'NONE', *, *, #823, .F. ) ;
#2989 = EDGE_CURVE ( 'NONE', #386, #205, #3989, .T. ) ;
#2990 = DIRECTION ( 'NONE',  ( -1.000000000000000000, -0.000000000000000000, -0.000000000000000000 ) ) ;
#2991 = DIRECTION ( 'NONE',  ( 0.000000000000000000, 0.000000000000000000, -1.000000000000000000 ) ) ;
#2992 = CYLINDRICAL_SURFACE ( 'NONE', #4262, 1.999999999999988010 ) ;
#2993 = ORIENTED_EDGE ( 'NONE', *, *, #1753, .F. ) ;
#2994 = DIRECTION ( 'NONE',  ( 0.000000000000000000, 0.000000000000000000, 1.000000000000000000 ) ) ;
#2995 = VECTOR ( 'NONE', #2315, 1000.000000000000000 ) ;
#2996 = DIRECTION ( 'NONE',  ( -0.000000000000000000, 1.000000000000000000, -0.000000000000000000 ) ) ;
#2997 = DIRECTION ( 'NONE',  ( -1.000000000000000000, 0.000000000000000000, -0.000000000000000000 ) ) ;
#2998 = VECTOR ( 'NONE', #2091, 1000.000000000000000 ) ;
#2999 = CARTESIAN_POINT ( 'NONE',  ( 69.83982215491732859, 33.50000000000000000, 0.000000000000000000 ) ) ;
#3000 = ORIENTED_EDGE ( 'NONE', *, *, #1435, .F. ) ;
#3001 = AXIS2_PLACEMENT_3D ( 'NONE', #1296, #1232, #2561 ) ;
#3002 = DIRECTION ( 'NONE',  ( 0.000000000000000000, -0.000000000000000000, 1.000000000000000000 ) ) ;
#3003 = DIRECTION ( 'NONE',  ( 0.000000000000000000, 0.000000000000000000, 1.000000000000000000 ) ) ;
#3004 = ORIENTED_EDGE ( 'NONE', *, *, #2136, .T. ) ;
#3005 = EDGE_CURVE ( 'NONE', #3652, #1247, #1367, .T. ) ;
#3006 = CIRCLE ( 'NONE', #3422, 2.000000000000001776 ) ;
#3007 = VECTOR ( 'NONE', #1614, 1000.000000000000000 ) ;
#3008 = EDGE_LOOP ( 'NONE', ( #3598, #81, #1489, #2586 ) ) ;
#3009 = ORIENTED_EDGE ( 'NONE', *, *, #4268, .F. ) ;
#3010 = VECTOR ( 'NONE', #559, 1000.000000000000000 ) ;
#3011 = VECTOR ( 'NONE', #839, 1000.000000000000000 ) ;
#3012 = DIRECTION ( 'NONE',  ( -1.000000000000000000, 0.000000000000000000, 0.000000000000000000 ) ) ;
#3013 = CARTESIAN_POINT ( 'NONE',  ( 8.932869354136174778, 23.50000000000000000, -32.97554995058955996 ) ) ;
#3014 = FACE_OUTER_BOUND ( 'NONE', #1862, .T. ) ;
#3015 = VERTEX_POINT ( 'NONE', #1040 ) ;
#3016 = AXIS2_PLACEMENT_3D ( 'NONE', #1298, #3879, #964 ) ;
#3017 = VECTOR ( 'NONE', #1952, 1000.000000000000000 ) ;
#3018 = EDGE_CURVE ( 'NONE', #2360, #1481, #2000, .T. ) ;
#3019 = VERTEX_POINT ( 'NONE', #358 ) ;
#3020 = LINE ( 'NONE', #2732, #1549 ) ;
#3021 = AXIS2_PLACEMENT_3D ( 'NONE', #3610, #300, #2952 ) ;
#3022 = AXIS2_PLACEMENT_3D ( 'NONE', #3481, #2146, #2809 ) ;
#3023 = FACE_OUTER_BOUND ( 'NONE', #760, .T. ) ;
#3024 = CIRCLE ( 'NONE', #4282, 1.749999999999999778 ) ;
#3025 = LINE ( 'NONE', #44, #23 ) ;
#3026 = ORIENTED_EDGE ( 'NONE', *, *, #628, .T. ) ;
#3027 = DIRECTION ( 'NONE',  ( -0.000000000000000000, 1.000000000000000000, -0.000000000000000000 ) ) ;
#3028 = DIRECTION ( 'NONE',  ( -0.000000000000000000, 1.000000000000000000, -0.000000000000000000 ) ) ;
#3029 = LINE ( 'NONE', #48, #1144 ) ;
#3030 = LINE ( 'NONE', #1353, #593 ) ;
#3031 = ADVANCED_FACE ( 'NONE', ( #1670 ), #1020, .F. ) ;
#3032 = MECHANICAL_CONTEXT ( 'NONE', #1035, 'mechanical' ) ;
#3033 = ORIENTED_EDGE ( 'NONE', *, *, #2830, .T. ) ;
#3034 = ORIENTED_EDGE ( 'NONE', *, *, #2615, .F. ) ;
#3035 = LINE ( 'NONE', #346, #2085 ) ;
#3036 = DIRECTION ( 'NONE',  ( 0.000000000000000000, 0.000000000000000000, 1.000000000000000000 ) ) ;
#3037 = CARTESIAN_POINT ( 'NONE',  ( 82.93286935413618721, 23.50000000000000000, -32.97554995058955996 ) ) ;
#3038 = ADVANCED_FACE ( 'NONE', ( #4013 ), #421, .F. ) ;
#3039 = ORIENTED_EDGE ( 'NONE', *, *, #1019, .T. ) ;
#3040 = EDGE_LOOP ( 'NONE', ( #126, #3226 ) ) ;
#3041 = DIRECTION ( 'NONE',  ( 0.000000000000000000, 0.000000000000000000, 1.000000000000000000 ) ) ;
#3042 = CARTESIAN_POINT ( 'NONE',  ( 94.00000000000005684, 0.000000000000000000, 42.65827857275347412 ) ) ;
#3043 = DIRECTION ( 'NONE',  ( 0.000000000000000000, 0.000000000000000000, -1.000000000000000000 ) ) ;
#3044 = LINE ( 'NONE', #2387, #1674 ) ;
#3045 = EDGE_LOOP ( 'NONE', ( #3401, #1179, #1248, #3948 ) ) ;
#3046 = LINE ( 'NONE', #88, #3791 ) ;
#3047 = VERTEX_POINT ( 'NONE', #1062 ) ;
#3048 = EDGE_CURVE ( 'NONE', #1270, #3147, #1735, .T. ) ;
#3049 = PLANE ( 'NONE',  #2743 ) ;
#3050 = DIRECTION ( 'NONE',  ( -0.000000000000000000, 1.000000000000000000, -0.000000000000000000 ) ) ;
#3051 = DIRECTION ( 'NONE',  ( 5.316138692485376765E-16, 0.000000000000000000, -1.000000000000000000 ) ) ;
#3052 = DIRECTION ( 'NONE',  ( 0.000000000000000000, 0.000000000000000000, 1.000000000000000000 ) ) ;
#3053 = VERTEX_POINT ( 'NONE', #377 ) ;
#3054 = EDGE_LOOP ( 'NONE', ( #752, #698 ) ) ;
#3055 = PLANE ( 'NONE',  #795 ) ;
#3056 = EDGE_CURVE ( 'NONE', #1608, #636, #1328, .T. ) ;
#3057 = VERTEX_POINT ( 'NONE', #2394 ) ;
#3058 = CARTESIAN_POINT ( 'NONE',  ( 0.000000000000000000, 16.00000000000000000, 95.33854215857867587 ) ) ;
#3059 = LINE ( 'NONE', #4067, #2950 ) ;
#3060 = CARTESIAN_POINT ( 'NONE',  ( -23.02069052251176018, 0.000000000000000000, -2.946124730773123979 ) ) ;
#3061 = ORIENTED_EDGE ( 'NONE', *, *, #24, .F. ) ;
#3062 = VERTEX_POINT ( 'NONE', #1408 ) ;
#3063 = CARTESIAN_POINT ( 'NONE',  ( 103.1118043018571768, 0.000000000000000000, -97.19844222072062223 ) ) ;
#3064 = DIRECTION ( 'NONE',  ( 0.000000000000000000, 0.000000000000000000, 1.000000000000000000 ) ) ;
#3065 = CARTESIAN_POINT ( 'NONE',  ( -103.1118043018568784, 3.500000000000000000, -97.19844222071972695 ) ) ;
#3066 = CARTESIAN_POINT ( 'NONE',  ( -94.00000000000002842, 0.000000000000000000, 70.65827857275333201 ) ) ;
#3067 = ORIENTED_EDGE ( 'NONE', *, *, #2696, .F. ) ;
#3068 = ADVANCED_FACE ( 'NONE', ( #3736 ), #338, .T. ) ;
#3069 = AXIS2_PLACEMENT_3D ( 'NONE', #569, #2552, #1521 ) ;
#3070 = DIRECTION ( 'NONE',  ( -1.000000000000000000, 0.000000000000000000, 0.000000000000000000 ) ) ;
#3071 = VECTOR ( 'NONE', #2284, 1000.000000000000000 ) ;
#3072 = LINE ( 'NONE', #181, #1831 ) ;
#3073 = ADVANCED_FACE ( 'NONE', ( #4083 ), #3756, .F. ) ;
#3074 = DIRECTION ( 'NONE',  ( -0.000000000000000000, 1.000000000000000000, -0.000000000000000000 ) ) ;
#3075 = ADVANCED_FACE ( 'NONE', ( #2104 ), #3416, .F. ) ;
#3076 = FACE_BOUND ( 'NONE', #51, .T. ) ;
#3077 = ORIENTED_EDGE ( 'NONE', *, *, #467, .F. ) ;
#3078 = CARTESIAN_POINT ( 'NONE',  ( -49.56049133996039302, 0.000000000000000000, -147.4160018446942502 ) ) ;
#3079 = VERTEX_POINT ( 'NONE', #1517 ) ;
#3080 = DIRECTION ( 'NONE',  ( 0.000000000000000000, 1.000000000000000000, -0.000000000000000000 ) ) ;
#3081 = DIRECTION ( 'NONE',  ( -0.000000000000000000, -1.000000000000000000, -0.000000000000000000 ) ) ;
#3082 = DIRECTION ( 'NONE',  ( 0.000000000000000000, 1.000000000000000000, 0.000000000000000000 ) ) ;
#3083 = ORIENTED_EDGE ( 'NONE', *, *, #993, .T. ) ;
#3084 = VECTOR ( 'NONE', #3892, 1000.000000000000000 ) ;
#3085 = AXIS2_PLACEMENT_3D ( 'NONE', #2190, #130, #2482 ) ;
#3086 = ORIENTED_EDGE ( 'NONE', *, *, #352, .T. ) ;
#3087 = DIRECTION ( 'NONE',  ( 0.000000000000000000, 0.000000000000000000, 1.000000000000000000 ) ) ;
#3088 = DIRECTION ( 'NONE',  ( 9.912705577010326782E-17, 0.000000000000000000, -1.000000000000000000 ) ) ;
#3089 = VECTOR ( 'NONE', #59, 1000.000000000000000 ) ;
#3090 = VECTOR ( 'NONE', #2940, 1000.000000000000000 ) ;
#3091 = CARTESIAN_POINT ( 'NONE',  ( 8.932869354136174778, 3.500000000000000000, -32.97554995058955996 ) ) ;
#3092 = CARTESIAN_POINT ( 'NONE',  ( -23.02069052251176018, 3.500000000000000000, -2.946124730773123979 ) ) ;
#3093 = DIRECTION ( 'NONE',  ( 0.000000000000000000, 0.000000000000000000, 1.000000000000000000 ) ) ;
#3094 = ORIENTED_EDGE ( 'NONE', *, *, #1570, .T. ) ;
#3095 = VECTOR ( 'NONE', #1185, 1000.000000000000000 ) ;
#3096 = AXIS2_PLACEMENT_3D ( 'NONE', #1436, #1352, #1022 ) ;
#3097 = VECTOR ( 'NONE', #17, 1000.000000000000000 ) ;
#3098 = CARTESIAN_POINT ( 'NONE',  ( -10.60989732364136451, 3.500000000000000000, -9.100897113196490196 ) ) ;
#3099 = VECTOR ( 'NONE', #2613, 1000.000000000000000 ) ;
#3100 = CARTESIAN_POINT ( 'NONE',  ( 54.88746655341842029, -16.50000000000000000, 41.55453552836385711 ) ) ;
#3101 = VECTOR ( 'NONE', #926, 1000.000000000000000 ) ;
#3102 = EDGE_CURVE ( 'NONE', #4238, #2120, #3442, .T. ) ;
#3103 = ORIENTED_EDGE ( 'NONE', *, *, #3850, .T. ) ;
#3104 = LINE ( 'NONE', #3124, #4070 ) ;
#3105 = ORIENTED_EDGE ( 'NONE', *, *, #3018, .T. ) ;
#3106 = EDGE_CURVE ( 'NONE', #3439, #1995, #179, .T. ) ;
#3107 = LINE ( 'NONE', #3148, #2857 ) ;
#3108 = EDGE_CURVE ( 'NONE', #2017, #4045, #2457, .T. ) ;
#3109 = DIRECTION ( 'NONE',  ( -0.000000000000000000, -1.000000000000000000, 0.000000000000000000 ) ) ;
#3110 = VERTEX_POINT ( 'NONE', #1758 ) ;
#3111 = VERTEX_POINT ( 'NONE', #3802 ) ;
#3112 = EDGE_LOOP ( 'NONE', ( #4295, #57, #1807, #746 ) ) ;
#3113 = LINE ( 'NONE', #146, #3499 ) ;
#3114 = DIRECTION ( 'NONE',  ( 0.000000000000000000, 0.000000000000000000, 1.000000000000000000 ) ) ;
#3115 = LINE ( 'NONE', #2738, #152 ) ;
#3116 = CARTESIAN_POINT ( 'NONE',  ( 10.93286935413617655, 3.499999999999999556, -50.43083063114010400 ) ) ;
#3117 = ORIENTED_EDGE ( 'NONE', *, *, #3152, .F. ) ;
#3118 = ADVANCED_FACE ( 'NONE', ( #824 ), #1105, .T. ) ;
#3119 = DIRECTION ( 'NONE',  ( 0.000000000000000000, 1.000000000000000000, 0.000000000000000000 ) ) ;
#3120 = DIRECTION ( 'NONE',  ( 0.000000000000000000, 1.000000000000000000, 0.000000000000000000 ) ) ;
#3121 = DIRECTION ( 'NONE',  ( 1.000000000000000000, 0.000000000000000000, 0.000000000000000000 ) ) ;
#3122 = EDGE_CURVE ( 'NONE', #1125, #2583, #1981, .T. ) ;
#3123 = ORIENTED_EDGE ( 'NONE', *, *, #1576, .T. ) ;
#3124 = CARTESIAN_POINT ( 'NONE',  ( 103.5625231134830670, 16.00000000000000000, 0.000000000000000000 ) ) ;
#3125 = ORIENTED_EDGE ( 'NONE', *, *, #2351, .F. ) ;
#3126 = DIRECTION ( 'NONE',  ( -1.000000000000000000, 0.000000000000000000, 0.000000000000000000 ) ) ;
#3127 = LINE ( 'NONE', #2754, #2812 ) ;
#3128 = CARTESIAN_POINT ( 'NONE',  ( 69.83982215491732859, 33.50000000000000000, -95.66117392250656337 ) ) ;
#3129 = VERTEX_POINT ( 'NONE', #1452 ) ;
#3130 = EDGE_CURVE ( 'NONE', #977, #1018, #2844, .T. ) ;
#3131 = VERTEX_POINT ( 'NONE', #1154 ) ;
#3132 = VERTEX_POINT ( 'NONE', #1190 ) ;
#3133 = DIRECTION ( 'NONE',  ( 0.000000000000000000, 0.000000000000000000, -1.000000000000000000 ) ) ;
#3134 = CARTESIAN_POINT ( 'NONE',  ( 109.9999999999999716, 3.500000000000000000, -140.0000000000000284 ) ) ;
#3135 = CARTESIAN_POINT ( 'NONE',  ( 15.79953828537855642, 3.500000000000000000, 87.67493557501117607 ) ) ;
#3136 = ORIENTED_EDGE ( 'NONE', *, *, #883, .T. ) ;
#3137 = FACE_OUTER_BOUND ( 'NONE', #2049, .T. ) ;
#3138 = VERTEX_POINT ( 'NONE', #2145 ) ;
#3139 = CARTESIAN_POINT ( 'NONE',  ( 102.0000000000000142, 0.000000000000000000, 88.65827857275348833 ) ) ;
#3140 = ORIENTED_EDGE ( 'NONE', *, *, #757, .T. ) ;
#3141 = DIRECTION ( 'NONE',  ( 0.000000000000000000, 0.000000000000000000, 1.000000000000000000 ) ) ;
#3142 = AXIS2_PLACEMENT_3D ( 'NONE', #3065, #1428, #2760 ) ;
#3143 = EDGE_CURVE ( 'NONE', #2605, #1486, #503, .T. ) ;
#3144 = ORIENTED_EDGE ( 'NONE', *, *, #2144, .F. ) ;
#3145 = DIRECTION ( 'NONE',  ( 0.000000000000000000, 0.000000000000000000, -1.000000000000000000 ) ) ;
#3146 = VECTOR ( 'NONE', #673, 1000.000000000000000 ) ;
#3147 = VERTEX_POINT ( 'NONE', #464 ) ;
#3148 = CARTESIAN_POINT ( 'NONE',  ( 0.000000000000000000, 3.500000000000000000, 95.33854215857867587 ) ) ;
#3149 = EDGE_LOOP ( 'NONE', ( #3837, #1786, #1906, #1207 ) ) ;
#3150 = ORIENTED_EDGE ( 'NONE', *, *, #1177, .T. ) ;
#3151 = DIRECTION ( 'NONE',  ( 0.000000000000000000, 1.000000000000000000, 0.000000000000000000 ) ) ;
#3152 = EDGE_CURVE ( 'NONE', #1497, #2976, #1285, .T. ) ;
#3153 = FACE_OUTER_BOUND ( 'NONE', #646, .T. ) ;
#3154 = VECTOR ( 'NONE', #3495, 1000.000000000000000 ) ;
#3155 = CARTESIAN_POINT ( 'NONE',  ( 54.88746655341839187, 0.000000000000000000, 77.47682054909704163 ) ) ;
#3156 = ORIENTED_EDGE ( 'NONE', *, *, #3380, .T. ) ;
#3157 = CIRCLE ( 'NONE', #21, 1.600000000000005418 ) ;
#3158 = VECTOR ( 'NONE', #480, 1000.000000000000000 ) ;
#3159 = DIRECTION ( 'NONE',  ( 0.000000000000000000, 0.000000000000000000, 1.000000000000000000 ) ) ;
#3160 = ORIENTED_EDGE ( 'NONE', *, *, #4082, .T. ) ;
#3161 = CARTESIAN_POINT ( 'NONE',  ( -49.56049133996039302, 3.500000000000000000, -147.4160018446942502 ) ) ;
#3162 = AXIS2_PLACEMENT_3D ( 'NONE', #435, #2777, #3114 ) ;
#3163 = CARTESIAN_POINT ( 'NONE',  ( 10.93286935413617655, 23.50000000000000000, -55.27554995058954290 ) ) ;
#3164 = VECTOR ( 'NONE', #140, 1000.000000000000000 ) ;
#3165 = AXIS2_PLACEMENT_3D ( 'NONE', #3444, #1023, #466 ) ;
#3166 = VERTEX_POINT ( 'NONE', #2522 ) ;
#3167 = VECTOR ( 'NONE', #2258, 1000.000000000000000 ) ;
#3168 = ORIENTED_EDGE ( 'NONE', *, *, #4172, .T. ) ;
#3169 = EDGE_CURVE ( 'NONE', #3132, #2356, #2398, .T. ) ;
#3170 = ADVANCED_FACE ( 'NONE', ( #3137 ), #3861, .F. ) ;
#3171 = DIRECTION ( 'NONE',  ( 0.000000000000000000, 0.000000000000000000, -1.000000000000000000 ) ) ;
#3172 = ORIENTED_EDGE ( 'NONE', *, *, #3681, .F. ) ;
#3173 = VERTEX_POINT ( 'NONE', #2082 ) ;
#3174 = CARTESIAN_POINT ( 'NONE',  ( -81.02069052251175663, 3.500000000000000000, 83.05387526922687869 ) ) ;
#3175 = ADVANCED_FACE ( 'NONE', ( #2502 ), #2128, .F. ) ;
#3176 = CARTESIAN_POINT ( 'NONE',  ( 82.93286935413618721, 3.500000000000000000, -32.97554995058955996 ) ) ;
#3177 = CARTESIAN_POINT ( 'NONE',  ( -70.16017784508268562, 33.50000000000000000, -95.66117392250654916 ) ) ;
#3178 = DIRECTION ( 'NONE',  ( 0.000000000000000000, 1.000000000000000000, 0.000000000000000000 ) ) ;
#3179 = ORIENTED_EDGE ( 'NONE', *, *, #3902, .T. ) ;
#3180 = CARTESIAN_POINT ( 'NONE',  ( 73.07221527378173676, 3.500000000000000000, -92.36594344762063713 ) ) ;
#3181 = VERTEX_POINT ( 'NONE', #153 ) ;
#3182 = VERTEX_POINT ( 'NONE', #1496 ) ;
#3183 = FACE_OUTER_BOUND ( 'NONE', #4218, .T. ) ;
#3184 = ADVANCED_FACE ( 'NONE', ( #3839 ), #2763, .F. ) ;
#3185 = PLANE ( 'NONE',  #2853 ) ;
#3186 = FACE_OUTER_BOUND ( 'NONE', #968, .T. ) ;
#3187 = ORIENTED_EDGE ( 'NONE', *, *, #2577, .F. ) ;
#3188 = DIRECTION ( 'NONE',  ( 0.000000000000000000, 1.000000000000000000, 0.000000000000000000 ) ) ;
#3189 = EDGE_LOOP ( 'NONE', ( #2567, #3762 ) ) ;
#3190 = ORIENTED_EDGE ( 'NONE', *, *, #3760, .T. ) ;
#3191 = DIRECTION ( 'NONE',  ( 1.000000000000000000, -0.000000000000000000, -0.000000000000000000 ) ) ;
#3192 = CARTESIAN_POINT ( 'NONE',  ( -110.0000000000000142, 0.000000000000000000, 99.99999999999997158 ) ) ;
#3193 = DIRECTION ( 'NONE',  ( -0.000000000000000000, -0.000000000000000000, 1.000000000000000000 ) ) ;
#3194 = ORIENTED_EDGE ( 'NONE', *, *, #726, .T. ) ;
#3195 = CARTESIAN_POINT ( 'NONE',  ( 102.0000000000000853, 0.000000000000000000, 28.65827857275350610 ) ) ;
#3196 = DIRECTION ( 'NONE',  ( 0.000000000000000000, 1.000000000000000000, 0.000000000000000000 ) ) ;
#3197 = VERTEX_POINT ( 'NONE', #1945 ) ;
#3198 = CARTESIAN_POINT ( 'NONE',  ( 103.1118043018568500, 3.500000000000000000, -135.4984422207206194 ) ) ;
#3199 = EDGE_CURVE ( 'NONE', #1424, #3446, #2958, .T. ) ;
#3200 = CYLINDRICAL_SURFACE ( 'NONE', #2736, 1.600000000000004086 ) ;
#3201 = ORIENTED_EDGE ( 'NONE', *, *, #3902, .F. ) ;
#3202 = LINE ( 'NONE', #1246, #1687 ) ;
#3203 = ORIENTED_EDGE ( 'NONE', *, *, #2336, .T. ) ;
#3204 = ORIENTED_EDGE ( 'NONE', *, *, #3380, .F. ) ;
#3205 = CIRCLE ( 'NONE', #2931, 1.599999999999990319 ) ;
#3206 = DIRECTION ( 'NONE',  ( -9.912705577010326782E-17, 0.000000000000000000, -1.000000000000000000 ) ) ;
#3207 = DIRECTION ( 'NONE',  ( 0.000000000000000000, 1.000000000000000000, 0.000000000000000000 ) ) ;
#3208 = FACE_OUTER_BOUND ( 'NONE', #2740, .T. ) ;
#3209 = ORIENTED_EDGE ( 'NONE', *, *, #4096, .F. ) ;
#3210 = ADVANCED_FACE ( 'NONE', ( #2279 ), #3945, .F. ) ;
#3211 = CARTESIAN_POINT ( 'NONE',  ( -54.88746655341842029, -16.50000000000000000, 41.55453552836380027 ) ) ;
#3212 = DIRECTION ( 'NONE',  ( -1.000000000000000000, 0.000000000000000000, 0.000000000000000000 ) ) ;
#3213 = CARTESIAN_POINT ( 'NONE',  ( -94.00000000000002842, 0.000000000000000000, 44.65827857275333201 ) ) ;
#3214 = DATE_AND_TIME ( #868, #2245 ) ;
#3215 = VECTOR ( 'NONE', #707, 1000.000000000000000 ) ;
#3216 = AXIS2_PLACEMENT_3D ( 'NONE', #3332, #697, #2388 ) ;
#3217 = VERTEX_POINT ( 'NONE', #1218 ) ;
#3218 = VECTOR ( 'NONE', #2075, 1000.000000000000000 ) ;
#3219 = DIRECTION ( 'NONE',  ( -0.000000000000000000, 1.000000000000000000, -0.000000000000000000 ) ) ;
#3220 = DIRECTION ( 'NONE',  ( 0.000000000000000000, 0.000000000000000000, 1.000000000000000000 ) ) ;
#3221 = VERTEX_POINT ( 'NONE', #884 ) ;
#3222 = DIRECTION ( 'NONE',  ( -0.000000000000000000, 1.000000000000000000, -0.000000000000000000 ) ) ;
#3223 = VECTOR ( 'NONE', #3834, 1000.000000000000000 ) ;
#3224 = ADVANCED_FACE ( 'NONE', ( #590 ), #3528, .F. ) ;
#3225 = PLANE ( 'NONE',  #723 ) ;
#3226 = ORIENTED_EDGE ( 'NONE', *, *, #1789, .T. ) ;
#3227 = VECTOR ( 'NONE', #4033, 1000.000000000000000 ) ;
#3228 = EDGE_LOOP ( 'NONE', ( #511, #3553, #2301, #131 ) ) ;
#3229 = EDGE_CURVE ( 'NONE', #1509, #2957, #1859, .T. ) ;
#3230 = DIRECTION ( 'NONE',  ( -0.000000000000000000, -1.000000000000000000, 0.000000000000000000 ) ) ;
#3231 = CARTESIAN_POINT ( 'NONE',  ( -73.58216855596961636, 13.50000000000000000, -88.56225083013769961 ) ) ;
#3232 = PLANE ( 'NONE',  #3001 ) ;
#3233 = CARTESIAN_POINT ( 'NONE',  ( 109.9999999999999716, 0.000000000000000000, -140.0000000000000284 ) ) ;
#3234 = ORIENTED_EDGE ( 'NONE', *, *, #3547, .F. ) ;
#3235 = LINE ( 'NONE', #260, #2608 ) ;
#3236 = ADVANCED_FACE ( 'NONE', ( #611 ), #567, .F. ) ;
#3237 = VERTEX_POINT ( 'NONE', #4247 ) ;
#3238 = DIRECTION ( 'NONE',  ( 0.000000000000000000, 0.000000000000000000, -1.000000000000000000 ) ) ;
#3239 = EDGE_CURVE ( 'NONE', #3079, #3237, #3899, .T. ) ;
#3240 = ORIENTED_EDGE ( 'NONE', *, *, #1622, .F. ) ;
#3241 = EDGE_LOOP ( 'NONE', ( #3910, #1676 ) ) ;
#3242 = LINE ( 'NONE', #2894, #2393 ) ;
#3243 = DIRECTION ( 'NONE',  ( -0.000000000000000000, 1.000000000000000000, -0.000000000000000000 ) ) ;
#3244 = VERTEX_POINT ( 'NONE', #3568 ) ;
#3245 = EDGE_CURVE ( 'NONE', #1486, #2207, #1561, .T. ) ;
#3246 = DIRECTION ( 'NONE',  ( 0.000000000000000000, 0.000000000000000000, 1.000000000000000000 ) ) ;
#3247 = EDGE_LOOP ( 'NONE', ( #1775, #415, #2922, #825 ) ) ;
#3248 = ORIENTED_EDGE ( 'NONE', *, *, #2018, .F. ) ;
#3249 = ORIENTED_EDGE ( 'NONE', *, *, #979, .F. ) ;
#3250 = DIRECTION ( 'NONE',  ( -0.000000000000000000, 0.000000000000000000, 1.000000000000000000 ) ) ;
#3251 = LINE ( 'NONE', #2579, #3582 ) ;
#3252 = DIRECTION ( 'NONE',  ( 0.000000000000000000, 0.000000000000000000, 1.000000000000000000 ) ) ;
#3253 = ORIENTED_EDGE ( 'NONE', *, *, #1288, .T. ) ;
#3254 = EDGE_CURVE ( 'NONE', #2652, #3132, #3616, .T. ) ;
#3255 = DIRECTION ( 'NONE',  ( 1.000000000000000000, -0.000000000000000000, 0.000000000000000000 ) ) ;
#3256 = ORIENTED_EDGE ( 'NONE', *, *, #2095, .F. ) ;
#3257 = DIRECTION ( 'NONE',  ( 0.000000000000000000, 0.000000000000000000, -1.000000000000000000 ) ) ;
#3258 = CARTESIAN_POINT ( 'NONE',  ( 15.79953828537855642, 9.500000000000000000, 87.67493557501117607 ) ) ;
#3259 = ORIENTED_EDGE ( 'NONE', *, *, #1890, .F. ) ;
#3260 = CARTESIAN_POINT ( 'NONE',  ( -73.58216855596961636, 13.50000000000000000, -76.91072559085550608 ) ) ;
#3261 = ORIENTED_EDGE ( 'NONE', *, *, #2476, .F. ) ;
#3262 = DIRECTION ( 'NONE',  ( 0.000000000000000000, 0.000000000000000000, 1.000000000000000000 ) ) ;
#3263 = DIRECTION ( 'NONE',  ( 0.000000000000000000, 0.000000000000000000, -1.000000000000000000 ) ) ;
#3264 = ORIENTED_EDGE ( 'NONE', *, *, #2714, .T. ) ;
#3265 = EDGE_CURVE ( 'NONE', #2012, #2872, #252, .T. ) ;
#3266 = CARTESIAN_POINT ( 'NONE',  ( 0.000000000000000000, 3.500000000000000000, -65.59939103940321559 ) ) ;
#3267 = ORIENTED_EDGE ( 'NONE', *, *, #3430, .T. ) ;
#3268 = EDGE_LOOP ( 'NONE', ( #3234, #4225, #3810, #3557 ) ) ;
#3270 = EDGE_CURVE ( 'NONE', #2137, #1497, #4227, .T. ) ;
#3269 = PLANE ( 'NONE',  #3790 ) ;
#3271 = CIRCLE ( 'NONE', #1946, 2.000000000000001776 ) ;
#3272 = FACE_BOUND ( 'NONE', #1874, .T. ) ;
#3273 = AXIS2_PLACEMENT_3D ( 'NONE', #2616, #870, #2195 ) ;
#3274 = DIRECTION ( 'NONE',  ( 0.000000000000000000, 1.000000000000000000, 0.000000000000000000 ) ) ;
#3275 = ORIENTED_EDGE ( 'NONE', *, *, #2476, .T. ) ;
#3276 = LINE ( 'NONE', #4294, #922 ) ;
#3277 = ORIENTED_EDGE ( 'NONE', *, *, #3419, .T. ) ;
#3279 = EDGE_CURVE ( 'NONE', #585, #3960, #3594, .T. ) ;
#3278 = FACE_OUTER_BOUND ( 'NONE', #822, .T. ) ;
#3280 = CARTESIAN_POINT ( 'NONE',  ( 103.5625231134830670, 2.899999999999999911, -16.06145784142133337 ) ) ;
#3281 = EDGE_LOOP ( 'NONE', ( #573, #3972 ) ) ;
#3282 = CARTESIAN_POINT ( 'NONE',  ( 103.1118043018571768, 3.500000000000000000, -97.19844222072062223 ) ) ;
#3283 = ORIENTED_EDGE ( 'NONE', *, *, #628, .F. ) ;
#3284 = DIRECTION ( 'NONE',  ( 0.000000000000000000, 0.000000000000000000, -1.000000000000000000 ) ) ;
#3285 = FACE_OUTER_BOUND ( 'NONE', #1770, .T. ) ;
#3286 = CARTESIAN_POINT ( 'NONE',  ( -49.56049133996039302, -96.42354657426406561, -147.4160018446942502 ) ) ;
#3287 = VERTEX_POINT ( 'NONE', #1626 ) ;
#3288 = DIRECTION ( 'NONE',  ( 1.000000000000000000, -0.000000000000000000, -1.982541115402065110E-16 ) ) ;
#3289 = AXIS2_PLACEMENT_3D ( 'NONE', #774, #1491, #170 ) ;
#3290 = CIRCLE ( 'NONE', #1613, 1.600000000000004086 ) ;
#3291 = FACE_OUTER_BOUND ( 'NONE', #4175, .T. ) ;
#3292 = CC_DESIGN_APPROVAL ( #4102, ( #3504 ) ) ;
#3293 = CIRCLE ( 'NONE', #3860, 1.999999999999974021 ) ;
#3294 = VERTEX_POINT ( 'NONE', #3258 ) ;
#3295 = VECTOR ( 'NONE', #4221, 1000.000000000000000 ) ;
#3296 = EDGE_CURVE ( 'NONE', #2176, #3047, #282, .T. ) ;
#3297 = VECTOR ( 'NONE', #3050, 1000.000000000000000 ) ;
#3298 = CARTESIAN_POINT ( 'NONE',  ( 102.0000000000000142, 3.500000000000000000, 88.65827857275348833 ) ) ;
#3299 = AXIS2_PLACEMENT_3D ( 'NONE', #3388, #2705, #1394 ) ;
#3300 = VECTOR ( 'NONE', #777, 1000.000000000000000 ) ;
#3301 = FACE_BOUND ( 'NONE', #2980, .T. ) ;
#3302 = CARTESIAN_POINT ( 'NONE',  ( 102.0000000000000853, 0.000000000000000000, 26.65827857275350254 ) ) ;
#3303 = VERTEX_POINT ( 'NONE', #2611 ) ;
#3304 = ORIENTED_EDGE ( 'NONE', *, *, #829, .T. ) ;
#3305 = DIRECTION ( 'NONE',  ( 0.000000000000000000, 0.000000000000000000, -1.000000000000000000 ) ) ;
#3306 = ORIENTED_EDGE ( 'NONE', *, *, #2615, .T. ) ;
#3307 = AXIS2_PLACEMENT_3D ( 'NONE', #1301, #2959, #900 ) ;
#3308 = EDGE_CURVE ( 'NONE', #3424, #3829, #2747, .T. ) ;
#3309 = CARTESIAN_POINT ( 'NONE',  ( -103.1118043018568784, 0.000000000000000000, -133.4984422207197099 ) ) ;
#3310 = ADVANCED_FACE ( 'NONE', ( #1136 ), #1414, .F. ) ;
#3311 = VERTEX_POINT ( 'NONE', #978 ) ;
#3312 = EDGE_CURVE ( 'NONE', #242, #885, #3653, .T. ) ;
#3313 = DIRECTION ( 'NONE',  ( -0.000000000000000000, 1.000000000000000000, -0.000000000000000000 ) ) ;
#3314 = EDGE_LOOP ( 'NONE', ( #2281, #3378, #4021, #2975 ) ) ;
#3315 = DIRECTION ( 'NONE',  ( 0.000000000000000000, -0.000000000000000000, 1.000000000000000000 ) ) ;
#3316 = FACE_OUTER_BOUND ( 'NONE', #4136, .T. ) ;
#3317 = DIRECTION ( 'NONE',  ( -1.000000000000000000, 0.000000000000000000, -0.000000000000000000 ) ) ;
#3318 = ADVANCED_FACE ( 'NONE', ( #764 ), #1411, .F. ) ;
#3319 = DIRECTION ( 'NONE',  ( 0.000000000000000000, 0.000000000000000000, 1.000000000000000000 ) ) ;
#3320 = ORIENTED_EDGE ( 'NONE', *, *, #546, .F. ) ;
#3321 = EDGE_LOOP ( 'NONE', ( #3722, #940, #4019, #3962 ) ) ;
#3322 = CC_DESIGN_DATE_AND_TIME_ASSIGNMENT ( #3712, #685, ( #2006 ) ) ;
#3323 = ORIENTED_EDGE ( 'NONE', *, *, #2072, .T. ) ;
#3324 = CARTESIAN_POINT ( 'NONE',  ( 63.60996136188994399, 3.499999999999999556, -32.97554995058955996 ) ) ;
#3325 = DIRECTION ( 'NONE',  ( 0.000000000000000000, 0.000000000000000000, 1.000000000000000000 ) ) ;
#3326 = CARTESIAN_POINT ( 'NONE',  ( -110.0000000000000284, 0.000000000000000000, -140.0000000000000000 ) ) ;
#3327 = ORIENTED_EDGE ( 'NONE', *, *, #2399, .F. ) ;
#3328 = FACE_OUTER_BOUND ( 'NONE', #1425, .T. ) ;
#3329 = EDGE_LOOP ( 'NONE', ( #1090, #3891, #4115, #3964, #681, #1183, #1243, #3526, #3249, #538 ) ) ;
#3330 = CARTESIAN_POINT ( 'NONE',  ( -81.02069052251175663, 3.500000000000000000, -4.546124730773122735 ) ) ;
#3331 = ADVANCED_FACE ( 'NONE', ( #2814 ), #3779, .F. ) ;
#3332 = CARTESIAN_POINT ( 'NONE',  ( -81.02069052251175663, 0.000000000000000000, 83.05387526922687869 ) ) ;
#3333 = ORIENTED_EDGE ( 'NONE', *, *, #587, .T. ) ;
#3334 = EDGE_CURVE ( 'NONE', #2191, #1511, #2932, .T. ) ;
#3335 = CARTESIAN_POINT ( 'NONE',  ( 82.93286935413618721, 23.50000000000000000, -57.27554995058955711 ) ) ;
#3336 = CYLINDRICAL_SURFACE ( 'NONE', #2877, 1.749999999999999778 ) ;
#3337 = PERSON_AND_ORGANIZATION_ROLE ( 'design_supplier' ) ;
#3338 = EDGE_CURVE ( 'NONE', #3825, #3303, #589, .T. ) ;
#3339 = EDGE_LOOP ( 'NONE', ( #1572, #1163 ) ) ;
#3340 = EDGE_LOOP ( 'NONE', ( #2570, #196 ) ) ;
#3341 = DIRECTION ( 'NONE',  ( 0.000000000000000000, 0.000000000000000000, 1.000000000000000000 ) ) ;
#3342 = CARTESIAN_POINT ( 'NONE',  ( 0.000000000000000000, 0.000000000000000000, 0.000000000000000000 ) ) ;
#3343 = DIRECTION ( 'NONE',  ( 0.000000000000000000, 0.000000000000000000, 1.000000000000000000 ) ) ;
#3344 = ORIENTED_EDGE ( 'NONE', *, *, #79, .F. ) ;
#3345 = ORIENTED_EDGE ( 'NONE', *, *, #3361, .F. ) ;
#3346 = CARTESIAN_POINT ( 'NONE',  ( -23.02069052251176018, 3.500000000000000000, -1.346124730773122113 ) ) ;
#3347 = AXIS2_PLACEMENT_3D ( 'NONE', #2511, #792, #2817 ) ;
#3348 = CIRCLE ( 'NONE', #368, 2.000000000000001776 ) ;
#3349 = DIRECTION ( 'NONE',  ( -1.000000000000000000, 0.000000000000000000, -9.912705577010326782E-17 ) ) ;
#3350 = AXIS2_PLACEMENT_3D ( 'NONE', #257, #2626, #3895 ) ;
#3351 = DIRECTION ( 'NONE',  ( -0.000000000000000000, 1.000000000000000000, -0.000000000000000000 ) ) ;
#3352 = EDGE_LOOP ( 'NONE', ( #3478, #632, #2401, #798 ) ) ;
#3353 = EDGE_CURVE ( 'NONE', #2900, #2756, #3235, .T. ) ;
#3354 = CARTESIAN_POINT ( 'NONE',  ( 94.00000000000005684, 3.500000000000000000, 44.65827857275347412 ) ) ;
#3355 = DIRECTION ( 'NONE',  ( -0.000000000000000000, 1.000000000000000000, -0.000000000000000000 ) ) ;
#3356 = DIRECTION ( 'NONE',  ( -1.000000000000000000, 0.000000000000000000, -5.316138692485376765E-16 ) ) ;
#3357 = AXIS2_PLACEMENT_3D ( 'NONE', #3767, #4006, #2669 ) ;
#3358 = APPROVAL_STATUS ( 'not_yet_approved' ) ;
#3359 = VECTOR ( 'NONE', #2758, 1000.000000000000000 ) ;
#3360 = ORIENTED_EDGE ( 'NONE', *, *, #3245, .F. ) ;
#3361 = EDGE_CURVE ( 'NONE', #3903, #2508, #566, .T. ) ;
#3362 = EDGE_LOOP ( 'NONE', ( #2858, #4103, #447, #2629 ) ) ;
#3363 = AXIS2_PLACEMENT_3D ( 'NONE', #4046, #2383, #737 ) ;
#3364 = CARTESIAN_POINT ( 'NONE',  ( 102.0000000000000142, 0.000000000000000000, 86.65827857275348833 ) ) ;
#3365 = CARTESIAN_POINT ( 'NONE',  ( -94.00000000000002842, 0.000000000000000000, 70.65827857275333201 ) ) ;
#3366 = CARTESIAN_POINT ( 'NONE',  ( 103.1118043018568500, 0.000000000000000000, -137.4984422207206194 ) ) ;
#3367 = VERTEX_POINT ( 'NONE', #2257 ) ;
#3368 = LOCAL_TIME ( 12, 25, 36.00000000000000000, #1640 ) ;
#3369 = VECTOR ( 'NONE', #230, 1000.000000000000000 ) ;
#3370 = ORIENTED_EDGE ( 'NONE', *, *, #2795, .T. ) ;
#3371 = CYLINDRICAL_SURFACE ( 'NONE', #1689, 1.999999999999974021 ) ;
#3372 = VECTOR ( 'NONE', #1522, 1000.000000000000000 ) ;
#3373 = AXIS2_PLACEMENT_3D ( 'NONE', #826, #465, #3443 ) ;
#3374 = LINE ( 'NONE', #3411, #4059 ) ;
#3375 = DIRECTION ( 'NONE',  ( -0.000000000000000000, -1.000000000000000000, 0.000000000000000000 ) ) ;
#3376 = VECTOR ( 'NONE', #4269, 1000.000000000000000 ) ;
#3377 = LINE ( 'NONE', #1345, #1545 ) ;
#3378 = ORIENTED_EDGE ( 'NONE', *, *, #357, .T. ) ;
#3379 = CARTESIAN_POINT ( 'NONE',  ( -94.00000000000002842, 0.000000000000000000, 42.65827857275333912 ) ) ;
#3380 = EDGE_CURVE ( 'NONE', #3129, #4061, #4009, .T. ) ;
#3381 = DIRECTION ( 'NONE',  ( -1.000000000000000000, 0.000000000000000000, -7.726561826345202234E-16 ) ) ;
#3382 = FACE_BOUND ( 'NONE', #3764, .T. ) ;
#3383 = EDGE_CURVE ( 'NONE', #885, #3182, #1648, .T. ) ;
#3384 = EDGE_CURVE ( 'NONE', #2477, #3974, #2117, .T. ) ;
#3385 = ORIENTED_EDGE ( 'NONE', *, *, #604, .T. ) ;
#3386 = ORIENTED_EDGE ( 'NONE', *, *, #2336, .F. ) ;
#3387 = CARTESIAN_POINT ( 'NONE',  ( 46.57744732422547429, 3.500000000000000000, -147.4160018446942502 ) ) ;
#3388 = CARTESIAN_POINT ( 'NONE',  ( -102.0000000000000284, 0.000000000000000000, 28.65827857275333912 ) ) ;
#3389 = DIRECTION ( 'NONE',  ( -0.000000000000000000, -0.000000000000000000, -1.000000000000000000 ) ) ;
#3390 = ORIENTED_EDGE ( 'NONE', *, *, #1181, .T. ) ;
#3391 = VERTEX_POINT ( 'NONE', #3593 ) ;
#3392 = CARTESIAN_POINT ( 'NONE',  ( 82.93286935413618721, 23.50000000000000000, -57.27554995058955711 ) ) ;
#3393 = CARTESIAN_POINT ( 'NONE',  ( 69.83982215491732859, 33.50000000000000000, -68.59939103940321559 ) ) ;
#3394 = EDGE_CURVE ( 'NONE', #1660, #397, #610, .T. ) ;
#3395 = CARTESIAN_POINT ( 'NONE',  ( 63.60996136188994399, 3.499999999999999556, -55.27554995058955001 ) ) ;
#3396 = CARTESIAN_POINT ( 'NONE',  ( 42.25764484556228950, 0.000000000000000000, -142.2889526560728086 ) ) ;
#3397 = EDGE_LOOP ( 'NONE', ( #1963, #613, #3039, #3637 ) ) ;
#3398 = CARTESIAN_POINT ( 'NONE',  ( 96.31225393141707514, 3.500000000000000000, -7.122294137259994606 ) ) ;
#3399 = LINE ( 'NONE', #744, #524 ) ;
#3400 = FACE_BOUND ( 'NONE', #1535, .T. ) ;
#3401 = ORIENTED_EDGE ( 'NONE', *, *, #4272, .T. ) ;
#3402 = PLANE ( 'NONE',  #3723 ) ;
#3403 = ORIENTED_EDGE ( 'NONE', *, *, #1657, .T. ) ;
#3404 = ADVANCED_FACE ( 'NONE', ( #4296 ), #2609, .T. ) ;
#3405 = DIRECTION ( 'NONE',  ( 0.000000000000000000, 0.000000000000000000, 1.000000000000000000 ) ) ;
#3406 = DIRECTION ( 'NONE',  ( -0.000000000000000000, 1.000000000000000000, -0.000000000000000000 ) ) ;
#3407 = DIRECTION ( 'NONE',  ( 0.000000000000000000, 0.000000000000000000, 1.000000000000000000 ) ) ;
#3408 = ORIENTED_EDGE ( 'NONE', *, *, #3629, .T. ) ;
#3409 = ORIENTED_EDGE ( 'NONE', *, *, #2069, .T. ) ;
#3410 = CARTESIAN_POINT ( 'NONE',  ( 63.60996136188994399, 3.499999999999999556, -34.97554995058955285 ) ) ;
#3411 = CARTESIAN_POINT ( 'NONE',  ( 82.93286935413618721, 3.499999999999999556, -50.43083063114010400 ) ) ;
#3412 = LINE ( 'NONE', #1750, #2158 ) ;
#3413 = CARTESIAN_POINT ( 'NONE',  ( -41.74235515443771760, 0.000000000000000000, -140.6889526560728143 ) ) ;
#3414 = ORIENTED_EDGE ( 'NONE', *, *, #427, .F. ) ;
#3415 = ADVANCED_FACE ( 'NONE', ( #1324 ), #3898, .T. ) ;
#3416 = PLANE ( 'NONE',  #3587 ) ;
#3417 = CARTESIAN_POINT ( 'NONE',  ( -102.0000000000000284, 0.000000000000000000, 84.65827857275333201 ) ) ;
#3418 = FACE_BOUND ( 'NONE', #2827, .T. ) ;
#3419 = EDGE_CURVE ( 'NONE', #205, #1330, #655, .T. ) ;
#3420 = AXIS2_PLACEMENT_3D ( 'NONE', #2294, #897, #2645 ) ;
#3421 = ORIENTED_EDGE ( 'NONE', *, *, #1444, .T. ) ;
#3422 = AXIS2_PLACEMENT_3D ( 'NONE', #412, #369, #709 ) ;
#3423 = LINE ( 'NONE', #446, #2177 ) ;
#3424 = VERTEX_POINT ( 'NONE', #3615 ) ;
#3425 = VECTOR ( 'NONE', #2822, 1000.000000000000000 ) ;
#3426 = CARTESIAN_POINT ( 'NONE',  ( -103.1118043018568784, 3.500000000000000000, -135.4984422207197099 ) ) ;
#3427 = LINE ( 'NONE', #2196, #456 ) ;
#3428 = DIRECTION ( 'NONE',  ( 0.000000000000000000, 0.000000000000000000, 1.000000000000000000 ) ) ;
#3429 = ORIENTED_EDGE ( 'NONE', *, *, #2464, .T. ) ;
#3430 = EDGE_CURVE ( 'NONE', #4108, #578, #633, .T. ) ;
#3431 = AXIS2_PLACEMENT_3D ( 'NONE', #1607, #3246, #2945 ) ;
#3432 = VECTOR ( 'NONE', #3642, 1000.000000000000000 ) ;
#3433 = ORIENTED_EDGE ( 'NONE', *, *, #1245, .F. ) ;
#3434 = CARTESIAN_POINT ( 'NONE',  ( 96.31225393141707514, 3.500000000000000000, -7.122294137259994606 ) ) ;
#3435 = VECTOR ( 'NONE', #2606, 1000.000000000000000 ) ;
#3436 = LINE ( 'NONE', #2058, #3071 ) ;
#3437 = CARTESIAN_POINT ( 'NONE',  ( -102.0000000000000284, 3.500000000000000000, 86.65827857275333201 ) ) ;
#3438 = ADVANCED_FACE ( 'NONE', ( #3278 ), #1255, .F. ) ;
#3439 = VERTEX_POINT ( 'NONE', #1944 ) ;
#3440 = CIRCLE ( 'NONE', #2466, 1.999999999999994893 ) ;
#3441 = CIRCLE ( 'NONE', #4074, 2.000000000000001776 ) ;
#3442 = LINE ( 'NONE', #2167, #1903 ) ;
#3443 = DIRECTION ( 'NONE',  ( 0.000000000000000000, 0.000000000000000000, 1.000000000000000000 ) ) ;
#3444 = CARTESIAN_POINT ( 'NONE',  ( -94.00000000000002842, 0.000000000000000000, 42.65827857275333912 ) ) ;
#3445 = EDGE_CURVE ( 'NONE', #864, #1837, #306, .T. ) ;
#3446 = VERTEX_POINT ( 'NONE', #3309 ) ;
#3447 = DIRECTION ( 'NONE',  ( 0.000000000000000000, 0.000000000000000000, 1.000000000000000000 ) ) ;
#3448 = ORIENTED_EDGE ( 'NONE', *, *, #1934, .F. ) ;
#3449 = DIRECTION ( 'NONE',  ( 0.000000000000000000, 0.000000000000000000, 1.000000000000000000 ) ) ;
#3450 = LINE ( 'NONE', #4042, #176 ) ;
#3451 = DIRECTION ( 'NONE',  ( -0.000000000000000000, 1.000000000000000000, -0.000000000000000000 ) ) ;
#3452 = EDGE_LOOP ( 'NONE', ( #2337, #361, #645, #924 ) ) ;
#3453 = VERTEX_POINT ( 'NONE', #1559 ) ;
#3454 = ORIENTED_EDGE ( 'NONE', *, *, #2296, .F. ) ;
#3455 = DIRECTION ( 'NONE',  ( 0.000000000000000000, -1.000000000000000000, 0.000000000000000000 ) ) ;
#3456 = CARTESIAN_POINT ( 'NONE',  ( -41.74235515443771760, 0.000000000000000000, -139.0889526560728200 ) ) ;
#3457 = CARTESIAN_POINT ( 'NONE',  ( 100.5625231134830670, 9.500000000000000000, -13.06145784142133337 ) ) ;
#3458 = CARTESIAN_POINT ( 'NONE',  ( 63.60996136188994399, 3.499999999999999556, -32.97554995058955996 ) ) ;
#3459 = ORIENTED_EDGE ( 'NONE', *, *, #2391, .F. ) ;
#3460 = EDGE_CURVE ( 'NONE', #2815, #1837, #2889, .T. ) ;
#3461 = CARTESIAN_POINT ( 'NONE',  ( -23.02069052251176018, -1.500000000000000000, -2.946124730773123979 ) ) ;
#3462 = ORIENTED_EDGE ( 'NONE', *, *, #2864, .F. ) ;
#3463 = DIRECTION ( 'NONE',  ( 0.000000000000000000, 0.000000000000000000, 1.000000000000000000 ) ) ;
#3464 = CARTESIAN_POINT ( 'NONE',  ( -41.74235515443771760, 3.500000000000000000, -140.6889526560728143 ) ) ;
#3465 = PLANE ( 'NONE',  #3096 ) ;
#3466 = LINE ( 'NONE', #3484, #1894 ) ;
#3467 = ORIENTED_EDGE ( 'NONE', *, *, #3893, .T. ) ;
#3468 = CARTESIAN_POINT ( 'NONE',  ( -70.81739985512299995, 13.50000000000000000, -76.91072559085550608 ) ) ;
#3469 = ORIENTED_EDGE ( 'NONE', *, *, #1825, .T. ) ;
#3470 = ADVANCED_FACE ( 'NONE', ( #4226 ), #1235, .F. ) ;
#3471 = DIRECTION ( 'NONE',  ( 1.000000000000000000, -0.000000000000000000, -0.000000000000000000 ) ) ;
#3472 = ORIENTED_EDGE ( 'NONE', *, *, #3394, .T. ) ;
#3473 = EDGE_LOOP ( 'NONE', ( #431, #40, #2096, #1865 ) ) ;
#3474 = LINE ( 'NONE', #2838, #3425 ) ;
#3475 = DIRECTION ( 'NONE',  ( 1.000000000000000000, -0.000000000000000000, 0.000000000000000000 ) ) ;
#3476 = DIRECTION ( 'NONE',  ( 0.000000000000000000, 0.000000000000000000, -1.000000000000000000 ) ) ;
#3477 = DIRECTION ( 'NONE',  ( 0.000000000000000000, 0.000000000000000000, -1.000000000000000000 ) ) ;
#3478 = ORIENTED_EDGE ( 'NONE', *, *, #3445, .F. ) ;
#3479 = CARTESIAN_POINT ( 'NONE',  ( 80.93286935413618721, 23.50000000000000000, -34.97554995058955996 ) ) ;
#3480 = VERTEX_POINT ( 'NONE', #1710 ) ;
#3481 = CARTESIAN_POINT ( 'NONE',  ( 82.93286935413618721, 23.50000000000000000, -32.97554995058955996 ) ) ;
#3482 = EDGE_CURVE ( 'NONE', #2970, #1481, #1749, .T. ) ;
#3483 = CARTESIAN_POINT ( 'NONE',  ( 82.93286935413618721, 23.50000000000000000, -50.43083063114010400 ) ) ;
#3484 = CARTESIAN_POINT ( 'NONE',  ( -110.0000000000000142, 3.500000000000000000, 99.99999999999997158 ) ) ;
#3485 = ORIENTED_EDGE ( 'NONE', *, *, #3279, .F. ) ;
#3486 = VECTOR ( 'NONE', #4311, 1000.000000000000000 ) ;
#3487 = ADVANCED_FACE ( 'NONE', ( #2734 ), #4010, .F. ) ;
#3488 = ORIENTED_EDGE ( 'NONE', *, *, #3245, .T. ) ;
#3489 = PLANE ( 'NONE',  #2020 ) ;
#3490 = DIRECTION ( 'NONE',  ( -0.000000000000000000, -1.000000000000000000, -0.000000000000000000 ) ) ;
#3491 = ORIENTED_EDGE ( 'NONE', *, *, #3312, .F. ) ;
#3492 = ORIENTED_EDGE ( 'NONE', *, *, #805, .T. ) ;
#3493 = ORIENTED_EDGE ( 'NONE', *, *, #829, .F. ) ;
#3494 = LINE ( 'NONE', #144, #448 ) ;
#3495 = DIRECTION ( 'NONE',  ( -0.000000000000000000, -1.000000000000000000, -0.000000000000000000 ) ) ;
#3496 = CARTESIAN_POINT ( 'NONE',  ( 69.83982215491732859, 13.50000000000000000, -92.36594344762063713 ) ) ;
#3497 = CARTESIAN_POINT ( 'NONE',  ( 94.00000000000000000, 0.000000000000000000, 72.65827857275347412 ) ) ;
#3498 = CIRCLE ( 'NONE', #990, 1.999999999999994893 ) ;
#3499 = VECTOR ( 'NONE', #837, 1000.000000000000000 ) ;
#3500 = VECTOR ( 'NONE', #1158, 1000.000000000000000 ) ;
#3501 = ADVANCED_FACE ( 'NONE', ( #3023 ), #353, .F. ) ;
#3502 = CARTESIAN_POINT ( 'NONE',  ( -49.56049133996039302, -96.42354657426406561, -140.0000000000000000 ) ) ;
#3503 = ORIENTED_EDGE ( 'NONE', *, *, #1507, .T. ) ;
#3504 = PRODUCT_DEFINITION_FORMATION_WITH_SPECIFIED_SOURCE ( 'ä»', '', #1804, .NOT_KNOWN. ) ;
#3505 = VECTOR ( 'NONE', #2628, 1000.000000000000000 ) ;
#3506 = DIRECTION ( 'NONE',  ( 1.000000000000000000, -0.000000000000000000, 0.000000000000000000 ) ) ;
#3507 = ORIENTED_EDGE ( 'NONE', *, *, #1734, .F. ) ;
#3508 = CARTESIAN_POINT ( 'NONE',  ( 15.79953828537855642, 3.500000000000000000, -7.122294137259994606 ) ) ;
#3509 = AXIS2_PLACEMENT_3D ( 'NONE', #3854, #1212, #856 ) ;
#3510 = VERTEX_POINT ( 'NONE', #3666 ) ;
#3511 = VECTOR ( 'NONE', #1172, 1000.000000000000000 ) ;
#3512 = CARTESIAN_POINT ( 'NONE',  ( -49.56049133996039302, 0.000000000000000000, -147.4160018446942502 ) ) ;
#3513 = VECTOR ( 'NONE', #682, 1000.000000000000000 ) ;
#3514 = EDGE_CURVE ( 'NONE', #1333, #1320, #2661, .T. ) ;
#3515 = CIRCLE ( 'NONE', #2461, 2.000000000000001776 ) ;
#3516 = ORIENTED_EDGE ( 'NONE', *, *, #1825, .F. ) ;
#3517 = ORIENTED_EDGE ( 'NONE', *, *, #2100, .F. ) ;
#3518 = VECTOR ( 'NONE', #1659, 1000.000000000000000 ) ;
#3519 = CARTESIAN_POINT ( 'NONE',  ( 103.5625231134830670, 2.899999999999999911, 0.000000000000000000 ) ) ;
#3520 = ORIENTED_EDGE ( 'NONE', *, *, #2510, .T. ) ;
#3521 = VERTEX_POINT ( 'NONE', #1666 ) ;
#3522 = DIRECTION ( 'NONE',  ( -0.000000000000000000, 1.000000000000000000, -0.000000000000000000 ) ) ;
#3523 = DIRECTION ( 'NONE',  ( -0.000000000000000000, 1.000000000000000000, -0.000000000000000000 ) ) ;
#3524 = FACE_OUTER_BOUND ( 'NONE', #1405, .T. ) ;
#3525 = DIRECTION ( 'NONE',  ( 0.000000000000000000, 0.000000000000000000, 1.000000000000000000 ) ) ;
#3526 = ORIENTED_EDGE ( 'NONE', *, *, #3229, .F. ) ;
#3527 = ADVANCED_FACE ( 'NONE', ( #4047 ), #1081, .F. ) ;
#3528 = CYLINDRICAL_SURFACE ( 'NONE', #1772, 2.000000000000001776 ) ;
#3529 = VERTEX_POINT ( 'NONE', #2675 ) ;
#3530 = FACE_OUTER_BOUND ( 'NONE', #609, .T. ) ;
#3531 = ORIENTED_EDGE ( 'NONE', *, *, #4020, .T. ) ;
#3532 = DIRECTION ( 'NONE',  ( -0.000000000000000000, 1.000000000000000000, -0.000000000000000000 ) ) ;
#3533 = FACE_OUTER_BOUND ( 'NONE', #349, .T. ) ;
#3534 = DIRECTION ( 'NONE',  ( 0.000000000000000000, 0.000000000000000000, -1.000000000000000000 ) ) ;
#3535 = DIRECTION ( 'NONE',  ( -1.000000000000000000, 0.000000000000000000, 0.000000000000000000 ) ) ;
#3536 = ORIENTED_EDGE ( 'NONE', *, *, #811, .T. ) ;
#3537 = DIRECTION ( 'NONE',  ( -1.000000000000000000, 0.000000000000000000, 1.261617073437677999E-16 ) ) ;
#3538 = DIRECTION ( 'NONE',  ( 0.000000000000000000, 0.000000000000000000, 1.000000000000000000 ) ) ;
#3539 = ORIENTED_EDGE ( 'NONE', *, *, #2072, .F. ) ;
#3540 = ORIENTED_EDGE ( 'NONE', *, *, #467, .T. ) ;
#3541 = CARTESIAN_POINT ( 'NONE',  ( 109.9999999999999716, 3.500000000000000000, -140.0000000000000284 ) ) ;
#3542 = PLANE ( 'NONE',  #903 ) ;
#3543 = DIRECTION ( 'NONE',  ( 0.000000000000000000, 0.000000000000000000, 1.000000000000000000 ) ) ;
#3544 = EDGE_LOOP ( 'NONE', ( #1445, #1568, #704, #2640 ) ) ;
#3545 = DIRECTION ( 'NONE',  ( 0.000000000000000000, 0.000000000000000000, 1.000000000000000000 ) ) ;
#3546 = DIRECTION ( 'NONE',  ( 0.000000000000000000, 0.000000000000000000, 1.000000000000000000 ) ) ;
#3547 = EDGE_CURVE ( 'NONE', #3181, #1321, #3374, .T. ) ;
#3548 = CYLINDRICAL_SURFACE ( 'NONE', #4209, 1.600000000000004086 ) ;
#3549 = FACE_OUTER_BOUND ( 'NONE', #475, .T. ) ;
#3550 = FACE_OUTER_BOUND ( 'NONE', #3897, .T. ) ;
#3551 = AXIS2_PLACEMENT_3D ( 'NONE', #3364, #1047, #3341 ) ;
#3552 = CARTESIAN_POINT ( 'NONE',  ( 69.83982215491732859, 3.500000000000000000, -92.36594344762063713 ) ) ;
#3553 = ORIENTED_EDGE ( 'NONE', *, *, #1030, .T. ) ;
#3554 = LINE ( 'NONE', #341, #2242 ) ;
#3555 = ADVANCED_FACE ( 'NONE', ( #2015 ), #714, .T. ) ;
#3556 = FACE_OUTER_BOUND ( 'NONE', #3544, .T. ) ;
#3557 = ORIENTED_EDGE ( 'NONE', *, *, #2442, .F. ) ;
#3558 = AXIS2_PLACEMENT_3D ( 'NONE', #129, #400, #1712 ) ;
#3559 = VERTEX_POINT ( 'NONE', #3330 ) ;
#3560 = LINE ( 'NONE', #960, #2241 ) ;
#3561 = ADVANCED_FACE ( 'NONE', ( #2384 ), #113, .F. ) ;
#3562 = CARTESIAN_POINT ( 'NONE',  ( -10.60989732364136451, 3.500000000000000000, -10.85089711319649020 ) ) ;
#3563 = CARTESIAN_POINT ( 'NONE',  ( 82.02773986518441518, 2.899999999999999911, 92.33854215857867587 ) ) ;
#3564 = EDGE_CURVE ( 'NONE', #3743, #2548, #1034, .T. ) ;
#3565 = CARTESIAN_POINT ( 'NONE',  ( 94.00000000000005684, 0.000000000000000000, 42.65827857275347412 ) ) ;
#3566 = VERTEX_POINT ( 'NONE', #4076 ) ;
#3567 = DIRECTION ( 'NONE',  ( 0.000000000000000000, 0.000000000000000000, -1.000000000000000000 ) ) ;
#3568 = CARTESIAN_POINT ( 'NONE',  ( 8.932869354136176554, 3.499999999999999556, -50.43083063114010400 ) ) ;
#3569 = EDGE_CURVE ( 'NONE', #1837, #3138, #84, .T. ) ;
#3570 = EDGE_LOOP ( 'NONE', ( #2112, #1340, #3160, #1191 ) ) ;
#3571 = PLANE ( 'NONE',  #849 ) ;
#3572 = AXIS2_PLACEMENT_3D ( 'NONE', #74, #4022, #2338 ) ;
#3573 = VECTOR ( 'NONE', #4008, 1000.000000000000000 ) ;
#3574 = EDGE_LOOP ( 'NONE', ( #3259, #875, #2978, #3421 ) ) ;
#3575 = VERTEX_POINT ( 'NONE', #1426 ) ;
#3576 = LOCAL_TIME ( 12, 25, 36.00000000000000000, #957 ) ;
#3577 = VECTOR ( 'NONE', #801, 1000.000000000000000 ) ;
#3578 = CYLINDRICAL_SURFACE ( 'NONE', #3728, 1.599999999999990319 ) ;
#3579 = CARTESIAN_POINT ( 'NONE',  ( 42.25764484556228950, -6.500000000000000888, -142.2889526560728086 ) ) ;
#3580 = ORIENTED_EDGE ( 'NONE', *, *, #3623, .F. ) ;
#3581 = DIRECTION ( 'NONE',  ( -0.000000000000000000, 1.000000000000000000, -0.000000000000000000 ) ) ;
#3582 = VECTOR ( 'NONE', #3523, 1000.000000000000000 ) ;
#3583 = CIRCLE ( 'NONE', #1696, 1.600000000000004086 ) ;
#3584 = CARTESIAN_POINT ( 'NONE',  ( -68.60989732364136273, 3.500000000000000000, -10.85089711319648131 ) ) ;
#3585 = EDGE_CURVE ( 'NONE', #2906, #3173, #738, .T. ) ;
#3586 = ORIENTED_EDGE ( 'NONE', *, *, #1341, .T. ) ;
#3587 = AXIS2_PLACEMENT_3D ( 'NONE', #132, #3506, #532 ) ;
#3588 = CARTESIAN_POINT ( 'NONE',  ( -9.482610522449854460E-15, 33.50000000000000000, -95.66117392250656337 ) ) ;
#3589 = DIRECTION ( 'NONE',  ( 0.000000000000000000, 1.000000000000000000, -0.000000000000000000 ) ) ;
#3590 = DIRECTION ( 'NONE',  ( -0.000000000000000000, -1.000000000000000000, 0.000000000000000000 ) ) ;
#3591 = CARTESIAN_POINT ( 'NONE',  ( 103.1118043018568500, 3.500000000000000000, -137.4984422207206194 ) ) ;
#3592 = ORIENTED_EDGE ( 'NONE', *, *, #784, .F. ) ;
#3593 = CARTESIAN_POINT ( 'NONE',  ( -103.1118043018568784, 3.500000000000000000, -99.19844222071972695 ) ) ;
#3594 = LINE ( 'NONE', #1925, #2543 ) ;
#3595 = VERTEX_POINT ( 'NONE', #3702 ) ;
#3596 = DIRECTION ( 'NONE',  ( 0.000000000000000000, 0.000000000000000000, -1.000000000000000000 ) ) ;
#3597 = EDGE_CURVE ( 'NONE', #3287, #4292, #2451, .T. ) ;
#3598 = ORIENTED_EDGE ( 'NONE', *, *, #1073, .T. ) ;
#3599 = EDGE_LOOP ( 'NONE', ( #4314, #1396, #3871, #1610 ) ) ;
#3600 = LINE ( 'NONE', #4252, #3865 ) ;
#3601 = CARTESIAN_POINT ( 'NONE',  ( 73.07221527378173676, 13.50000000000000000, -72.06678323137883524 ) ) ;
#3602 = ORIENTED_EDGE ( 'NONE', *, *, #4048, .T. ) ;
#3603 = DIRECTION ( 'NONE',  ( 0.000000000000000000, 0.000000000000000000, 1.000000000000000000 ) ) ;
#3604 = ADVANCED_FACE ( 'NONE', ( #1400 ), #2410, .F. ) ;
#3605 = DIRECTION ( 'NONE',  ( 1.000000000000000000, 0.000000000000000000, 0.000000000000000000 ) ) ;
#3606 = ORIENTED_EDGE ( 'NONE', *, *, #1649, .F. ) ;
#3607 = EDGE_CURVE ( 'NONE', #2341, #1557, #989, .T. ) ;
#3608 = ORIENTED_EDGE ( 'NONE', *, *, #1575, .T. ) ;
#3609 = CARTESIAN_POINT ( 'NONE',  ( 10.93286935413617655, 23.50000000000000000, -34.97554995058954574 ) ) ;
#3610 = CARTESIAN_POINT ( 'NONE',  ( 2.262523113483074333, 2.899999999999999911, 0.000000000000000000 ) ) ;
#3611 = CARTESIAN_POINT ( 'NONE',  ( -102.0000000000000284, 3.500000000000000000, 84.65827857275333201 ) ) ;
#3612 = ORIENTED_EDGE ( 'NONE', *, *, #2149, .T. ) ;
#3613 = DIRECTION ( 'NONE',  ( -0.000000000000000000, -1.000000000000000000, 0.000000000000000000 ) ) ;
#3614 = EDGE_LOOP ( 'NONE', ( #1096, #1987, #2596, #1527 ) ) ;
#3615 = CARTESIAN_POINT ( 'NONE',  ( -103.1118043018568784, 0.000000000000000000, -99.19844222071972695 ) ) ;
#3616 = LINE ( 'NONE', #863, #4286 ) ;
#3617 = ORIENTED_EDGE ( 'NONE', *, *, #148, .F. ) ;
#3618 = CARTESIAN_POINT ( 'NONE',  ( -102.0000000000000284, 3.500000000000000000, 26.65827857275334622 ) ) ;
#3619 = ORIENTED_EDGE ( 'NONE', *, *, #2235, .T. ) ;
#3620 = EDGE_CURVE ( 'NONE', #2360, #3197, #3474, .T. ) ;
#3621 = CARTESIAN_POINT ( 'NONE',  ( -23.02069052251176018, -1.500000000000000000, 83.05387526922686448 ) ) ;
#3622 = CARTESIAN_POINT ( 'NONE',  ( -68.60989732364136273, -6.500000000000000888, -58.10089711319648842 ) ) ;
#3623 = EDGE_CURVE ( 'NONE', #3221, #2134, #3113, .T. ) ;
#3624 = DIRECTION ( 'NONE',  ( 0.000000000000000000, 0.000000000000000000, 1.000000000000000000 ) ) ;
#3625 = ADVANCED_FACE ( 'NONE', ( #2428 ), #2162, .F. ) ;
#3626 = ADVANCED_FACE ( 'NONE', ( #2122 ), #545, .F. ) ;
#3627 = ORIENTED_EDGE ( 'NONE', *, *, #211, .T. ) ;
#3628 = ORIENTED_EDGE ( 'NONE', *, *, #2565, .T. ) ;
#3629 = EDGE_CURVE ( 'NONE', #3521, #2277, #3772, .T. ) ;
#3630 = ORIENTED_EDGE ( 'NONE', *, *, #2107, .T. ) ;
#3631 = DIRECTION ( 'NONE',  ( 0.000000000000000000, 1.000000000000000000, -0.000000000000000000 ) ) ;
#3632 = FACE_OUTER_BOUND ( 'NONE', #504, .T. ) ;
#3633 = AXIS2_PLACEMENT_3D ( 'NONE', #1633, #3375, #1082 ) ;
#3634 = CARTESIAN_POINT ( 'NONE',  ( -54.88746655341842029, 3.500000000000000000, 41.55453552836380027 ) ) ;
#3635 = ORIENTED_EDGE ( 'NONE', *, *, #331, .F. ) ;
#3636 = CARTESIAN_POINT ( 'NONE',  ( 0.000000000000000000, 3.500000000000000000, -98.66117392250656337 ) ) ;
#3637 = ORIENTED_EDGE ( 'NONE', *, *, #1420, .F. ) ;
#3638 = VECTOR ( 'NONE', #1940, 1000.000000000000000 ) ;
#3639 = DIRECTION ( 'NONE',  ( 0.000000000000000000, 1.000000000000000000, -0.000000000000000000 ) ) ;
#3640 = EDGE_CURVE ( 'NONE', #2261, #4181, #818, .T. ) ;
#3641 = ORIENTED_EDGE ( 'NONE', *, *, #4054, .T. ) ;
#3642 = DIRECTION ( 'NONE',  ( 0.000000000000000000, 0.000000000000000000, -1.000000000000000000 ) ) ;
#3643 = ORIENTED_EDGE ( 'NONE', *, *, #4168, .F. ) ;
#3644 = DIRECTION ( 'NONE',  ( 0.000000000000000000, 0.000000000000000000, 1.000000000000000000 ) ) ;
#3645 = DIRECTION ( 'NONE',  ( 0.000000000000000000, 1.000000000000000000, -0.000000000000000000 ) ) ;
#3646 = DIRECTION ( 'NONE',  ( 0.000000000000000000, 0.000000000000000000, 1.000000000000000000 ) ) ;
#3647 = CARTESIAN_POINT ( 'NONE',  ( 73.07221527378173676, 13.50000000000000000, -72.06678323137883524 ) ) ;
#3648 = VECTOR ( 'NONE', #2101, 1000.000000000000000 ) ;
#3649 = ADVANCED_FACE ( 'NONE', ( #207 ), #1814, .F. ) ;
#3650 = VECTOR ( 'NONE', #1776, 1000.000000000000000 ) ;
#3651 = VECTOR ( 'NONE', #599, 1000.000000000000000 ) ;
#3652 = VERTEX_POINT ( 'NONE', #4117 ) ;
#3653 = LINE ( 'NONE', #344, #3518 ) ;
#3654 = CIRCLE ( 'NONE', #383, 1.600000000000005418 ) ;
#3655 = VECTOR ( 'NONE', #67, 1000.000000000000000 ) ;
#3656 = ORIENTED_EDGE ( 'NONE', *, *, #1260, .F. ) ;
#3657 = LINE ( 'NONE', #982, #2995 ) ;
#3658 = AXIS2_PLACEMENT_3D ( 'NONE', #3379, #66, #2349 ) ;
#3659 = VECTOR ( 'NONE', #2847, 1000.000000000000000 ) ;
#3660 = FACE_OUTER_BOUND ( 'NONE', #659, .T. ) ;
#3661 = LINE ( 'NONE', #962, #2371 ) ;
#3662 = EDGE_LOOP ( 'NONE', ( #2415, #3488, #3693, #4234 ) ) ;
#3663 = DIRECTION ( 'NONE',  ( -0.000000000000000000, 1.000000000000000000, -0.000000000000000000 ) ) ;
#3664 = EDGE_LOOP ( 'NONE', ( #3991, #4183, #4176, #3077 ) ) ;
#3665 = AXIS2_PLACEMENT_3D ( 'NONE', #4150, #2828, #1128 ) ;
#3666 = CARTESIAN_POINT ( 'NONE',  ( 103.1118043018568500, 3.500000000000000000, -133.4984422207205910 ) ) ;
#3667 = CARTESIAN_POINT ( 'NONE',  ( 82.02773986518441518, 9.500000000000000000, -7.122294137259994606 ) ) ;
#3668 = ORIENTED_EDGE ( 'NONE', *, *, #2483, .T. ) ;
#3669 = CARTESIAN_POINT ( 'NONE',  ( 46.57744732422547429, 0.000000000000000000, -147.4160018446942502 ) ) ;
#3670 = EDGE_CURVE ( 'NONE', #2431, #3015, #376, .T. ) ;
#3671 = ORIENTED_EDGE ( 'NONE', *, *, #3308, .F. ) ;
#3672 = DIRECTION ( 'NONE',  ( -0.000000000000000000, -1.000000000000000000, -0.000000000000000000 ) ) ;
#3673 = CARTESIAN_POINT ( 'NONE',  ( 42.25764484556228950, -6.500000000000000888, -111.9889526560728257 ) ) ;
#3674 = DATE_AND_TIME ( #1699, #236 ) ;
#3675 = EDGE_LOOP ( 'NONE', ( #1118, #2270, #337, #117 ) ) ;
#3676 = EDGE_LOOP ( 'NONE', ( #3934, #3747, #592, #4193 ) ) ;
#3677 = CARTESIAN_POINT ( 'NONE',  ( 69.83982215491732859, 3.500000000000000000, -72.06678323137883524 ) ) ;
#3678 = CARTESIAN_POINT ( 'NONE',  ( 42.25764484556228950, 3.500000000000000000, -142.2889526560728086 ) ) ;
#3679 = LINE ( 'NONE', #691, #2518 ) ;
#3680 = ORIENTED_EDGE ( 'NONE', *, *, #3996, .T. ) ;
#3681 = EDGE_CURVE ( 'NONE', #1138, #2627, #2729, .T. ) ;
#3682 = EDGE_LOOP ( 'NONE', ( #3150, #1774 ) ) ;
#3683 = CARTESIAN_POINT ( 'NONE',  ( 5.262523113483074333, 16.00000000000000000, -13.06145784142133337 ) ) ;
#3684 = DIRECTION ( 'NONE',  ( 0.000000000000000000, 0.000000000000000000, 1.000000000000000000 ) ) ;
#3685 = CARTESIAN_POINT ( 'NONE',  ( -73.58216855596961636, 13.50000000000000000, -76.91072559085550608 ) ) ;
#3686 = EDGE_LOOP ( 'NONE', ( #1878, #3705, #3858, #3955, #213, #3485 ) ) ;
#3687 = DIRECTION ( 'NONE',  ( -1.000000000000000000, 0.000000000000000000, 0.000000000000000000 ) ) ;
#3688 = FACE_OUTER_BOUND ( 'NONE', #3149, .T. ) ;
#3689 = FACE_BOUND ( 'NONE', #2447, .T. ) ;
#3690 = CYLINDRICAL_SURFACE ( 'NONE', #3716, 1.999999999999994893 ) ;
#3691 = EDGE_CURVE ( 'NONE', #3781, #3217, #1099, .T. ) ;
#3692 = EDGE_LOOP ( 'NONE', ( #191, #4132, #4194, #3168 ) ) ;
#3693 = ORIENTED_EDGE ( 'NONE', *, *, #1492, .F. ) ;
#3694 = FACE_OUTER_BOUND ( 'NONE', #3749, .T. ) ;
#3695 = DIRECTION ( 'NONE',  ( 0.000000000000000000, 0.000000000000000000, 1.000000000000000000 ) ) ;
#3696 = CARTESIAN_POINT ( 'NONE',  ( 15.79953828537855642, 3.500000000000000000, 87.67493557501117607 ) ) ;
#3697 = ORIENTED_EDGE ( 'NONE', *, *, #563, .T. ) ;
#3698 = ORIENTED_EDGE ( 'NONE', *, *, #3803, .T. ) ;
#3699 = DIRECTION ( 'NONE',  ( -0.000000000000000000, 1.000000000000000000, -0.000000000000000000 ) ) ;
#3700 = ADVANCED_FACE ( 'NONE', ( #2515 ), #192, .T. ) ;
#3701 = AXIS2_PLACEMENT_3D ( 'NONE', #3815, #3476, #1797 ) ;
#3702 = CARTESIAN_POINT ( 'NONE',  ( 5.262523113483087656, 16.00000000000000000, 92.33854215857867587 ) ) ;
#3703 = AXIS2_PLACEMENT_3D ( 'NONE', #606, #651, #1992 ) ;
#3704 = CARTESIAN_POINT ( 'NONE',  ( 80.93286935413618721, 23.50000000000000000, -34.97554995058955996 ) ) ;
#3705 = ORIENTED_EDGE ( 'NONE', *, *, #2203, .T. ) ;
#3706 = AXIS2_PLACEMENT_3D ( 'NONE', #1744, #1095, #771 ) ;
#3707 = EDGE_CURVE ( 'NONE', #3743, #555, #3813, .T. ) ;
#3708 = DIRECTION ( 'NONE',  ( 1.000000000000000000, 0.000000000000000000, -0.000000000000000000 ) ) ;
#3709 = CYLINDRICAL_SURFACE ( 'NONE', #1211, 2.000000000000001776 ) ;
#3710 = FACE_BOUND ( 'NONE', #3329, .T. ) ;
#3711 = EDGE_CURVE ( 'NONE', #3111, #3453, #1957, .T. ) ;
#3712 = DATE_AND_TIME ( #2, #1892 ) ;
#3713 = AXIS2_PLACEMENT_3D ( 'NONE', #876, #3230, #2292 ) ;
#3714 = ORIENTED_EDGE ( 'NONE', *, *, #894, .F. ) ;
#3715 = VERTEX_POINT ( 'NONE', #3853 ) ;
#3716 = AXIS2_PLACEMENT_3D ( 'NONE', #2372, #1313, #3319 ) ;
#3717 = AXIS2_PLACEMENT_3D ( 'NONE', #653, #608, #4243 ) ;
#3718 = EDGE_CURVE ( 'NONE', #3715, #1516, #2479, .T. ) ;
#3719 = CARTESIAN_POINT ( 'NONE',  ( -68.60989732364136273, -6.500000000000000888, -9.100897113196483090 ) ) ;
#3720 = DIRECTION ( 'NONE',  ( -0.000000000000000000, -1.000000000000000000, -0.000000000000000000 ) ) ;
#3721 = DIRECTION ( 'NONE',  ( 0.000000000000000000, 1.000000000000000000, 0.000000000000000000 ) ) ;
#3722 = ORIENTED_EDGE ( 'NONE', *, *, #696, .F. ) ;
#3723 = AXIS2_PLACEMENT_3D ( 'NONE', #3783, #766, #1091 ) ;
#3724 = VECTOR ( 'NONE', #3843, 1000.000000000000000 ) ;
#3725 = ORIENTED_EDGE ( 'NONE', *, *, #2004, .T. ) ;
#3726 = DIRECTION ( 'NONE',  ( 1.000000000000000000, 0.000000000000000000, -9.912705577010325549E-17 ) ) ;
#3727 = PRODUCT_RELATED_PRODUCT_CATEGORY ( 'detail', '', ( #1804 ) ) ;
#3728 = AXIS2_PLACEMENT_3D ( 'NONE', #2637, #220, #4279 ) ;
#3729 = VECTOR ( 'NONE', #2266, 1000.000000000000000 ) ;
#3730 = CARTESIAN_POINT ( 'NONE',  ( 34.59899631325689739, 23.50000000000000000, -57.27554995058955711 ) ) ;
#3731 = PLANE ( 'NONE',  #3927 ) ;
#3732 = FACE_OUTER_BOUND ( 'NONE', #3675, .T. ) ;
#3733 = AXIS2_PLACEMENT_3D ( 'NONE', #2086, #1454, #184 ) ;
#3734 = DIRECTION ( 'NONE',  ( 0.000000000000000000, 0.000000000000000000, -1.000000000000000000 ) ) ;
#3735 = EDGE_LOOP ( 'NONE', ( #4122, #4170 ) ) ;
#3736 = FACE_OUTER_BOUND ( 'NONE', #3352, .T. ) ;
#3737 = DIRECTION ( 'NONE',  ( -0.000000000000000000, 1.000000000000000000, -0.000000000000000000 ) ) ;
#3738 = EDGE_CURVE ( 'NONE', #2815, #2484, #2496, .T. ) ;
#3739 = FACE_BOUND ( 'NONE', #2427, .T. ) ;
#3740 = EDGE_CURVE ( 'NONE', #1503, #2751, #1512, .T. ) ;
#3741 = VERTEX_POINT ( 'NONE', #1854 ) ;
#3742 = DIRECTION ( 'NONE',  ( -0.000000000000000000, 1.000000000000000000, -0.000000000000000000 ) ) ;
#3743 = VERTEX_POINT ( 'NONE', #1777 ) ;
#3744 = CARTESIAN_POINT ( 'NONE',  ( 0.000000000000000000, 3.500000000000000000, -16.06145784142133337 ) ) ;
#3745 = CARTESIAN_POINT ( 'NONE',  ( -80.99248113370278190, 0.000000000000000000, 41.55453552836380027 ) ) ;
#3746 = DIRECTION ( 'NONE',  ( 0.000000000000000000, 0.000000000000000000, 1.000000000000000000 ) ) ;
#3747 = ORIENTED_EDGE ( 'NONE', *, *, #202, .F. ) ;
#3748 = EDGE_CURVE ( 'NONE', #2957, #1335, #2097, .T. ) ;
#3749 = EDGE_LOOP ( 'NONE', ( #4298, #2152, #2217, #1683 ) ) ;
#3750 = LINE ( 'NONE', #2710, #3218 ) ;
#3751 = CARTESIAN_POINT ( 'NONE',  ( 69.83982215491732859, 33.50000000000000000, 0.000000000000000000 ) ) ;
#3752 = DIRECTION ( 'NONE',  ( 7.726561826345199276E-16, -0.000000000000000000, -1.000000000000000000 ) ) ;
#3753 = DIRECTION ( 'NONE',  ( 0.000000000000000000, 1.000000000000000000, 0.000000000000000000 ) ) ;
#3754 = PLANE ( 'NONE',  #97 ) ;
#3755 = VERTEX_POINT ( 'NONE', #3875 ) ;
#3756 = PLANE ( 'NONE',  #3801 ) ;
#3757 = CARTESIAN_POINT ( 'NONE',  ( 80.93286935413618721, 23.50000000000000000, -55.27554995058955711 ) ) ;
#3758 = FACE_BOUND ( 'NONE', #3189, .T. ) ;
#3759 = MANIFOLD_SOLID_BREP ( '\X2\52079664\X0\-\X2\62c94f38\X0\11', #2153 ) ;
#3760 = EDGE_CURVE ( 'NONE', #603, #585, #580, .T. ) ;
#3761 = ORIENTED_EDGE ( 'NONE', *, *, #2188, .F. ) ;
#3762 = ORIENTED_EDGE ( 'NONE', *, *, #4204, .F. ) ;
#3763 = DIRECTION ( 'NONE',  ( 0.000000000000000000, 0.000000000000000000, 1.000000000000000000 ) ) ;
#3764 = EDGE_LOOP ( 'NONE', ( #2954, #1257 ) ) ;
#3765 = LINE ( 'NONE', #769, #1468 ) ;
#3766 = CARTESIAN_POINT ( 'NONE',  ( -94.00000000000002842, 0.000000000000000000, 72.65827857275333201 ) ) ;
#3767 = CARTESIAN_POINT ( 'NONE',  ( -102.0000000000000284, 3.500000000000000000, 28.65827857275333912 ) ) ;
#3768 = EDGE_CURVE ( 'NONE', #3424, #3391, #625, .T. ) ;
#3769 = VERTEX_POINT ( 'NONE', #1919 ) ;
#3770 = ORIENTED_EDGE ( 'NONE', *, *, #1700, .F. ) ;
#3771 = CARTESIAN_POINT ( 'NONE',  ( -68.60989732364136273, 0.000000000000000000, -7.350897113196486643 ) ) ;
#3772 = LINE ( 'NONE', #1464, #1887 ) ;
#3773 = DIRECTION ( 'NONE',  ( 1.000000000000000000, 0.000000000000000000, 0.000000000000000000 ) ) ;
#3774 = LINE ( 'NONE', #1450, #1201 ) ;
#3775 = ORIENTED_EDGE ( 'NONE', *, *, #165, .T. ) ;
#3776 = ADVANCED_FACE ( 'NONE', ( #896 ), #1590, .T. ) ;
#3777 = AXIS2_PLACEMENT_3D ( 'NONE', #616, #2528, #1928 ) ;
#3778 = FACE_BOUND ( 'NONE', #414, .T. ) ;
#3779 = PLANE ( 'NONE',  #2255 ) ;
#3780 = FACE_OUTER_BOUND ( 'NONE', #474, .T. ) ;
#3781 = VERTEX_POINT ( 'NONE', #1551 ) ;
#3782 = EDGE_LOOP ( 'NONE', ( #3194, #3880, #615, #2354 ) ) ;
#3783 = CARTESIAN_POINT ( 'NONE',  ( 0.000000000000000000, 13.50000000000000000, 0.000000000000000000 ) ) ;
#3784 = ORIENTED_EDGE ( 'NONE', *, *, #1019, .F. ) ;
#3785 = VECTOR ( 'NONE', #2363, 1000.000000000000000 ) ;
#3786 = LINE ( 'NONE', #540, #1193 ) ;
#3787 = CARTESIAN_POINT ( 'NONE',  ( -54.88746655341842029, 0.000000000000000000, 77.47682054909699900 ) ) ;
#3788 = CARTESIAN_POINT ( 'NONE',  ( -81.02069052251175663, 3.500000000000000000, -1.346124730773111455 ) ) ;
#3789 = ORIENTED_EDGE ( 'NONE', *, *, #2263, .T. ) ;
#3790 = AXIS2_PLACEMENT_3D ( 'NONE', #3609, #2884, #1229 ) ;
#3791 = VECTOR ( 'NONE', #4080, 1000.000000000000000 ) ;
#3792 = EDGE_CURVE ( 'NONE', #3237, #3852, #657, .T. ) ;
#3793 = ORIENTED_EDGE ( 'NONE', *, *, #1711, .T. ) ;
#3794 = DIRECTION ( 'NONE',  ( -1.000000000000000000, 0.000000000000000000, -0.000000000000000000 ) ) ;
#3795 = VECTOR ( 'NONE', #2452, 1000.000000000000000 ) ;
#3796 = CARTESIAN_POINT ( 'NONE',  ( 82.93286935413618721, 23.50000000000000000, -32.97554995058955996 ) ) ;
#3797 = FACE_OUTER_BOUND ( 'NONE', #902, .T. ) ;
#3798 = LINE ( 'NONE', #2499, #3158 ) ;
#3799 = VERTEX_POINT ( 'NONE', #2925 ) ;
#3800 = VECTOR ( 'NONE', #1156, 1000.000000000000000 ) ;
#3801 = AXIS2_PLACEMENT_3D ( 'NONE', #761, #3315, #3819 ) ;
#3802 = CARTESIAN_POINT ( 'NONE',  ( 94.00000000000000000, 3.500000000000000000, 74.65827857275344570 ) ) ;
#3803 = EDGE_CURVE ( 'NONE', #1321, #977, #2544, .T. ) ;
#3804 = CYLINDRICAL_SURFACE ( 'NONE', #3866, 1.999999999999994893 ) ;
#3805 = EDGE_LOOP ( 'NONE', ( #3539, #1673, #4189, #835 ) ) ;
#3806 = DIRECTION ( 'NONE',  ( 1.000000000000000000, -0.000000000000000000, -0.000000000000000000 ) ) ;
#3807 = DIRECTION ( 'NONE',  ( -0.000000000000000000, -0.000000000000000000, 1.000000000000000000 ) ) ;
#3808 = ORIENTED_EDGE ( 'NONE', *, *, #1905, .T. ) ;
#3809 = LINE ( 'NONE', #3826, #2219 ) ;
#3810 = ORIENTED_EDGE ( 'NONE', *, *, #1341, .F. ) ;
#3811 = ORIENTED_EDGE ( 'NONE', *, *, #1817, .T. ) ;
#3812 = ORIENTED_EDGE ( 'NONE', *, *, #3547, .T. ) ;
#3813 = LINE ( 'NONE', #1165, #3359 ) ;
#3814 = EDGE_CURVE ( 'NONE', #2224, #3741, #276, .T. ) ;
#3815 = CARTESIAN_POINT ( 'NONE',  ( 0.000000000000000000, 2.899999999999999911, -13.06145784142133337 ) ) ;
#3816 = CARTESIAN_POINT ( 'NONE',  ( 80.93286935413618721, 23.50000000000000000, -34.97554995058955996 ) ) ;
#3817 = ORIENTED_EDGE ( 'NONE', *, *, #1435, .T. ) ;
#3818 = EDGE_CURVE ( 'NONE', #2493, #1594, #3560, .T. ) ;
#3819 = DIRECTION ( 'NONE',  ( 1.000000000000000000, 0.000000000000000000, -0.000000000000000000 ) ) ;
#3820 = ORIENTED_EDGE ( 'NONE', *, *, #2149, .F. ) ;
#3821 = CARTESIAN_POINT ( 'NONE',  ( 2.262523113483074333, 16.00000000000000000, 0.000000000000000000 ) ) ;
#3822 = EDGE_CURVE ( 'NONE', #297, #2224, #2202, .T. ) ;
#3823 = DIRECTION ( 'NONE',  ( 1.000000000000000000, 0.000000000000000000, 0.000000000000000000 ) ) ;
#3824 = ORIENTED_EDGE ( 'NONE', *, *, #1833, .T. ) ;
#3825 = VERTEX_POINT ( 'NONE', #3541 ) ;
#3826 = CARTESIAN_POINT ( 'NONE',  ( 73.07221527378173676, 3.500000000000000000, -72.06678323137883524 ) ) ;
#3827 = EDGE_CURVE ( 'NONE', #3182, #2261, #2272, .T. ) ;
#3828 = ADVANCED_FACE ( 'NONE', ( #4220 ), #3937, .F. ) ;
#3829 = VERTEX_POINT ( 'NONE', #228 ) ;
#3830 = ORIENTED_EDGE ( 'NONE', *, *, #3740, .F. ) ;
#3831 = EDGE_LOOP ( 'NONE', ( #806, #1563, #2011, #3345, #3987, #3540 ) ) ;
#3832 = CARTESIAN_POINT ( 'NONE',  ( 42.25764484556228950, 3.500000000000000000, -111.9889526560728257 ) ) ;
#3833 = CARTESIAN_POINT ( 'NONE',  ( 10.93286935413617655, 23.50000000000000000, -34.97554995058954574 ) ) ;
#3834 = DIRECTION ( 'NONE',  ( -0.000000000000000000, -1.000000000000000000, -0.000000000000000000 ) ) ;
#3835 = CARTESIAN_POINT ( 'NONE',  ( 8.932869354136176554, 23.50000000000000000, -50.43083063114010400 ) ) ;
#3836 = DIRECTION ( 'NONE',  ( 1.000000000000000000, 0.000000000000000000, 7.726561826345198289E-16 ) ) ;
#3837 = ORIENTED_EDGE ( 'NONE', *, *, #630, .T. ) ;
#3838 = ADVANCED_FACE ( 'NONE', ( #3912 ), #3269, .T. ) ;
#3839 = FACE_OUTER_BOUND ( 'NONE', #3570, .T. ) ;
#3840 = FACE_OUTER_BOUND ( 'NONE', #2231, .T. ) ;
#3841 = ORIENTED_EDGE ( 'NONE', *, *, #3915, .T. ) ;
#3842 = CIRCLE ( 'NONE', #3777, 1.600000000000001865 ) ;
#3843 = DIRECTION ( 'NONE',  ( -0.000000000000000000, -1.000000000000000000, -0.000000000000000000 ) ) ;
#3844 = EDGE_CURVE ( 'NONE', #1583, #4187, #2949, .T. ) ;
#3845 = CARTESIAN_POINT ( 'NONE',  ( -10.60989732364136451, -6.500000000000000888, -9.100897113196490196 ) ) ;
#3846 = VERTEX_POINT ( 'NONE', #2599 ) ;
#3847 = FACE_OUTER_BOUND ( 'NONE', #3268, .T. ) ;
#3848 = EDGE_LOOP ( 'NONE', ( #4285, #2788, #711, #1459 ) ) ;
#3849 = EDGE_CURVE ( 'NONE', #2012, #269, #2624, .T. ) ;
#3850 = EDGE_CURVE ( 'NONE', #1269, #1631, #3993, .T. ) ;
#3851 = ORIENTED_EDGE ( 'NONE', *, *, #3419, .F. ) ;
#3852 = VERTEX_POINT ( 'NONE', #3298 ) ;
#3853 = CARTESIAN_POINT ( 'NONE',  ( 34.59899631325689739, 23.50000000000000000, -55.27554995058955001 ) ) ;
#3854 = CARTESIAN_POINT ( 'NONE',  ( -41.74235515443771760, 3.500000000000000000, -110.3889526560728171 ) ) ;
#3855 = CARTESIAN_POINT ( 'NONE',  ( 73.07221527378173676, 13.50000000000000000, -92.36594344762063713 ) ) ;
#3856 = AXIS2_PLACEMENT_3D ( 'NONE', #3704, #1713, #1752 ) ;
#3857 = DIRECTION ( 'NONE',  ( -0.000000000000000000, 1.000000000000000000, -0.000000000000000000 ) ) ;
#3858 = ORIENTED_EDGE ( 'NONE', *, *, #2262, .T. ) ;
#3859 = SECURITY_CLASSIFICATION ( '', '', #1718 ) ;
#3860 = AXIS2_PLACEMENT_3D ( 'NONE', #2956, #3613, #3305 ) ;
#3861 = CYLINDRICAL_SURFACE ( 'NONE', #1490, 1.599999999999990319 ) ;
#3862 = VECTOR ( 'NONE', #3807, 1000.000000000000000 ) ;
#3863 = VECTOR ( 'NONE', #2532, 1000.000000000000000 ) ;
#3864 = CARTESIAN_POINT ( 'NONE',  ( 8.932869354136174778, 23.50000000000000000, -40.68905158218325369 ) ) ;
#3865 = VECTOR ( 'NONE', #2305, 1000.000000000000000 ) ;
#3866 = AXIS2_PLACEMENT_3D ( 'NONE', #2506, #1453, #3141 ) ;
#3867 = VERTEX_POINT ( 'NONE', #2218 ) ;
#3868 = DIRECTION ( 'NONE',  ( -0.000000000000000000, -0.000000000000000000, 1.000000000000000000 ) ) ;
#3869 = EDGE_CURVE ( 'NONE', #2215, #1641, #786, .T. ) ;
#3870 = FACE_OUTER_BOUND ( 'NONE', #2291, .T. ) ;
#3871 = ORIENTED_EDGE ( 'NONE', *, *, #2351, .T. ) ;
#3872 = AXIS2_PLACEMENT_3D ( 'NONE', #1256, #261, #4271 ) ;
#3873 = CARTESIAN_POINT ( 'NONE',  ( 46.57744732422547429, -96.42354657426406561, -147.4160018446942502 ) ) ;
#3874 = EDGE_LOOP ( 'NONE', ( #73, #1652, #2150, #3026 ) ) ;
#3875 = CARTESIAN_POINT ( 'NONE',  ( 103.1118043018568500, 0.000000000000000000, -133.4984422207205910 ) ) ;
#3876 = CARTESIAN_POINT ( 'NONE',  ( 69.83982215491732859, 3.500000000000000000, -95.66117392250656337 ) ) ;
#3877 = EDGE_CURVE ( 'NONE', #1269, #1125, #4196, .T. ) ;
#3878 = FACE_OUTER_BOUND ( 'NONE', #966, .T. ) ;
#3879 = DIRECTION ( 'NONE',  ( 0.000000000000000000, 1.000000000000000000, -0.000000000000000000 ) ) ;
#3880 = ORIENTED_EDGE ( 'NONE', *, *, #915, .F. ) ;
#3881 = ADVANCED_FACE ( 'NONE', ( #1249 ), #410, .F. ) ;
#3882 = DIRECTION ( 'NONE',  ( 0.000000000000000000, 0.000000000000000000, 1.000000000000000000 ) ) ;
#3883 = DIRECTION ( 'NONE',  ( 0.000000000000000000, 0.000000000000000000, -1.000000000000000000 ) ) ;
#3884 = APPLICATION_CONTEXT ( 'configuration controlled 3d designs of mechanical parts and assemblies' ) ;
#3885 = DIRECTION ( 'NONE',  ( 0.000000000000000000, 0.000000000000000000, -1.000000000000000000 ) ) ;
#3886 = DIRECTION ( 'NONE',  ( -0.000000000000000000, -1.000000000000000000, -0.000000000000000000 ) ) ;
#3887 = CARTESIAN_POINT ( 'NONE',  ( 69.83982215491732859, 3.500000000000000000, 0.000000000000000000 ) ) ;
#3888 = ORIENTED_EDGE ( 'NONE', *, *, #1502, .T. ) ;
#3889 = ADVANCED_FACE ( 'NONE', ( #1026 ), #4309, .F. ) ;
#3890 = CARTESIAN_POINT ( 'NONE',  ( -70.81739985512299995, 3.500000000000000000, -88.56225083013769961 ) ) ;
#3891 = ORIENTED_EDGE ( 'NONE', *, *, #4107, .F. ) ;
#3892 = DIRECTION ( 'NONE',  ( -1.000000000000000000, -0.000000000000000000, -0.000000000000000000 ) ) ;
#3893 = EDGE_CURVE ( 'NONE', #1810, #3244, #749, .T. ) ;
#3894 = CARTESIAN_POINT ( 'NONE',  ( 73.07221527378173676, 13.50000000000000000, -72.06678323137883524 ) ) ;
#3895 = DIRECTION ( 'NONE',  ( 0.000000000000000000, 0.000000000000000000, 1.000000000000000000 ) ) ;
#3896 = DIRECTION ( 'NONE',  ( -0.000000000000000000, 1.000000000000000000, -0.000000000000000000 ) ) ;
#3897 = EDGE_LOOP ( 'NONE', ( #1051, #1254, #3516, #2961 ) ) ;
#3898 = PLANE ( 'NONE',  #1838 ) ;
#3899 = LINE ( 'NONE', #3920, #862 ) ;
#3900 = VERTEX_POINT ( 'NONE', #3677 ) ;
#3901 = LINE ( 'NONE', #660, #4283 ) ;
#3902 = EDGE_CURVE ( 'NONE', #3982, #3311, #4003, .T. ) ;
#3903 = VERTEX_POINT ( 'NONE', #690 ) ;
#3904 = ORIENTED_EDGE ( 'NONE', *, *, #877, .F. ) ;
#3905 = CARTESIAN_POINT ( 'NONE',  ( 102.0000000000000853, 3.500000000000000000, 26.65827857275350254 ) ) ;
#3906 = LINE ( 'NONE', #2591, #2247 ) ;
#3907 = EDGE_LOOP ( 'NONE', ( #3817, #2026 ) ) ;
#3908 = AXIS2_PLACEMENT_3D ( 'NONE', #3426, #4092, #2154 ) ;
#3909 = DIRECTION ( 'NONE',  ( 0.000000000000000000, 0.000000000000000000, 1.000000000000000000 ) ) ;
#3910 = ORIENTED_EDGE ( 'NONE', *, *, #3869, .T. ) ;
#3911 = VECTOR ( 'NONE', #2886, 1000.000000000000000 ) ;
#3912 = FACE_OUTER_BOUND ( 'NONE', #2563, .T. ) ;
#3913 = CARTESIAN_POINT ( 'NONE',  ( -80.99248113370278190, 3.500000000000000000, 41.55453552836380027 ) ) ;
#3914 = PLANE ( 'NONE',  #3420 ) ;
#3915 = EDGE_CURVE ( 'NONE', #2707, #3138, #1704, .T. ) ;
#3916 = DIRECTION ( 'NONE',  ( -0.000000000000000000, 1.000000000000000000, -0.000000000000000000 ) ) ;
#3917 = ORIENTED_EDGE ( 'NONE', *, *, #2262, .F. ) ;
#3918 = DIRECTION ( 'NONE',  ( -1.000000000000000000, 0.000000000000000000, 0.000000000000000000 ) ) ;
#3919 = AXIS2_PLACEMENT_3D ( 'NONE', #2584, #3918, #967 ) ;
#3920 = CARTESIAN_POINT ( 'NONE',  ( 102.0000000000000142, 0.000000000000000000, 84.65827857275348833 ) ) ;
#3921 = VERTEX_POINT ( 'NONE', #3387 ) ;
#3922 = DIRECTION ( 'NONE',  ( -0.000000000000000000, -1.000000000000000000, -0.000000000000000000 ) ) ;
#3923 = AXIS2_PLACEMENT_3D ( 'NONE', #3873, #3605, #913 ) ;
#3924 = CIRCLE ( 'NONE', #1826, 1.750000000000001554 ) ;
#3925 = ORIENTED_EDGE ( 'NONE', *, *, #4050, .T. ) ;
#3926 = ORIENTED_EDGE ( 'NONE', *, *, #2211, .T. ) ;
#3927 = AXIS2_PLACEMENT_3D ( 'NONE', #3667, #3043, #2997 ) ;
#3928 = CARTESIAN_POINT ( 'NONE',  ( 69.83982215491732859, 33.50000000000000000, -68.59939103940321559 ) ) ;
#3929 = EDGE_CURVE ( 'NONE', #2685, #3138, #2008, .T. ) ;
#3930 = PLANE ( 'NONE',  #1761 ) ;
#3931 = LINE ( 'NONE', #1655, #1479 ) ;
#3932 = CIRCLE ( 'NONE', #3165, 1.999999999999994893 ) ;
#3933 = CARTESIAN_POINT ( 'NONE',  ( 15.79953828537855642, 9.500000000000000000, -7.122294137259994606 ) ) ;
#3934 = ORIENTED_EDGE ( 'NONE', *, *, #2151, .F. ) ;
#3935 = VECTOR ( 'NONE', #2933, 1000.000000000000000 ) ;
#3936 = ORIENTED_EDGE ( 'NONE', *, *, #2296, .T. ) ;
#3937 = PLANE ( 'NONE',  #2313 ) ;
#3938 = FACE_BOUND ( 'NONE', #343, .T. ) ;
#3939 = DIRECTION ( 'NONE',  ( 0.000000000000000000, 1.000000000000000000, 0.000000000000000000 ) ) ;
#3940 = EDGE_LOOP ( 'NONE', ( #351, #293, #1805, #4159 ) ) ;
#3941 = DIRECTION ( 'NONE',  ( 0.000000000000000000, 0.000000000000000000, -1.000000000000000000 ) ) ;
#3942 = EDGE_LOOP ( 'NONE', ( #4316, #3725, #1383, #39 ) ) ;
#3943 = EDGE_CURVE ( 'NONE', #662, #3311, #2688, .T. ) ;
#3944 = DIRECTION ( 'NONE',  ( 1.000000000000000000, -0.000000000000000000, 0.000000000000000000 ) ) ;
#3945 = PLANE ( 'NONE',  #3872 ) ;
#3946 = VERTEX_POINT ( 'NONE', #671 ) ;
#3947 = CARTESIAN_POINT ( 'NONE',  ( 109.9999999999999716, 0.000000000000000000, 99.99999999999997158 ) ) ;
#3948 = ORIENTED_EDGE ( 'NONE', *, *, #291, .T. ) ;
#3949 = ADVANCED_FACE ( 'NONE', ( #3694 ), #6, .F. ) ;
#3950 = DIRECTION ( 'NONE',  ( 1.234385775125811480E-16, 0.000000000000000000, 1.000000000000000000 ) ) ;
#3951 = DIRECTION ( 'NONE',  ( -0.000000000000000000, 1.000000000000000000, -0.000000000000000000 ) ) ;
#3952 = CARTESIAN_POINT ( 'NONE',  ( 8.932869354136174778, 23.50000000000000000, -32.97554995058955996 ) ) ;
#3953 = DIRECTION ( 'NONE',  ( 0.000000000000000000, 1.000000000000000000, 0.000000000000000000 ) ) ;
#3954 = CARTESIAN_POINT ( 'NONE',  ( 10.93286935413617655, 3.500000000000000000, -55.27554995058954290 ) ) ;
#3955 = ORIENTED_EDGE ( 'NONE', *, *, #3383, .T. ) ;
#3956 = ORIENTED_EDGE ( 'NONE', *, *, #98, .F. ) ;
#3957 = DIRECTION ( 'NONE',  ( -0.000000000000000000, 1.000000000000000000, -0.000000000000000000 ) ) ;
#3958 = DIRECTION ( 'NONE',  ( 0.000000000000000000, 0.000000000000000000, 1.000000000000000000 ) ) ;
#3959 = FACE_OUTER_BOUND ( 'NONE', #3848, .T. ) ;
#3960 = VERTEX_POINT ( 'NONE', #1661 ) ;
#3961 = CARTESIAN_POINT ( 'NONE',  ( 10.93286935413617655, 23.50000000000000000, -50.43083063114010400 ) ) ;
#3962 = ORIENTED_EDGE ( 'NONE', *, *, #2199, .T. ) ;
#3963 = DIRECTION ( 'NONE',  ( 0.000000000000000000, -1.000000000000000000, -0.000000000000000000 ) ) ;
#3964 = ORIENTED_EDGE ( 'NONE', *, *, #4028, .F. ) ;
#3965 = LINE ( 'NONE', #3669, #3994 ) ;
#3966 = VERTEX_POINT ( 'NONE', #1337 ) ;
#3967 = FACE_OUTER_BOUND ( 'NONE', #2031, .T. ) ;
#3968 = LINE ( 'NONE', #570, #1216 ) ;
#3969 = CYLINDRICAL_SURFACE ( 'NONE', #2813, 2.000000000000001776 ) ;
#3970 = EDGE_LOOP ( 'NONE', ( #3034, #717 ) ) ;
#3971 = COORDINATED_UNIVERSAL_TIME_OFFSET ( 8, 0, .AHEAD. ) ;
#3972 = ORIENTED_EDGE ( 'NONE', *, *, #65, .F. ) ;
#3973 = VECTOR ( 'NONE', #537, 1000.000000000000000 ) ;
#3974 = VERTEX_POINT ( 'NONE', #2972 ) ;
#3975 = LINE ( 'NONE', #3744, #215 ) ;
#3976 = CYLINDRICAL_SURFACE ( 'NONE', #1139, 1.600000000000005418 ) ;
#3977 = AXIS2_PLACEMENT_3D ( 'NONE', #436, #1056, #776 ) ;
#3978 = LINE ( 'NONE', #3563, #3146 ) ;
#3979 = ORIENTED_EDGE ( 'NONE', *, *, #1533, .F. ) ;
#3980 = ADVANCED_FACE ( 'NONE', ( #390 ), #327, .F. ) ;
#3981 = CARTESIAN_POINT ( 'NONE',  ( 73.07221527378173676, 3.500000000000000000, -72.06678323137883524 ) ) ;
#3982 = VERTEX_POINT ( 'NONE', #1074 ) ;
#3983 = DIRECTION ( 'NONE',  ( 0.000000000000000000, 0.000000000000000000, 1.000000000000000000 ) ) ;
#3984 = AXIS2_PLACEMENT_3D ( 'NONE', #2155, #515, #204 ) ;
#3985 = ORIENTED_EDGE ( 'NONE', *, *, #1550, .F. ) ;
#3986 = DIRECTION ( 'NONE',  ( 0.000000000000000000, 1.000000000000000000, -0.000000000000000000 ) ) ;
#3987 = ORIENTED_EDGE ( 'NONE', *, *, #2882, .T. ) ;
#3988 = VECTOR ( 'NONE', #3522, 1000.000000000000000 ) ;
#3989 = LINE ( 'NONE', #92, #3513 ) ;
#3990 = CYLINDRICAL_SURFACE ( 'NONE', #931, 1.600000000000004086 ) ;
#3991 = ORIENTED_EDGE ( 'NONE', *, *, #208, .F. ) ;
#3992 = CARTESIAN_POINT ( 'NONE',  ( 80.93286935413618721, 23.50000000000000000, -34.97554995058955996 ) ) ;
#3993 = CIRCLE ( 'NONE', #2665, 1.749999999999999778 ) ;
#3994 = VECTOR ( 'NONE', #1259, 1000.000000000000000 ) ;
#3995 = CIRCLE ( 'NONE', #1619, 1.999999999999994893 ) ;
#3996 = EDGE_CURVE ( 'NONE', #1146, #1330, #3035, .T. ) ;
#3997 = PERSON_AND_ORGANIZATION ( #1039, #2381 ) ;
#3998 = ORIENTED_EDGE ( 'NONE', *, *, #3152, .T. ) ;
#3999 = EDGE_LOOP ( 'NONE', ( #3617, #1867, #930, #944 ) ) ;
#4000 = VECTOR ( 'NONE', #4241, 1000.000000000000000 ) ;
#4001 = AXIS2_PLACEMENT_3D ( 'NONE', #378, #2002, #2396 ) ;
#4002 = ORIENTED_EDGE ( 'NONE', *, *, #4090, .F. ) ;
#4003 = LINE ( 'NONE', #1317, #2868 ) ;
#4004 = VECTOR ( 'NONE', #2873, 1000.000000000000000 ) ;
#4005 = FACE_BOUND ( 'NONE', #3040, .T. ) ;
#4006 = DIRECTION ( 'NONE',  ( 0.000000000000000000, 1.000000000000000000, 0.000000000000000000 ) ) ;
#4007 = ORIENTED_EDGE ( 'NONE', *, *, #364, .F. ) ;
#4008 = DIRECTION ( 'NONE',  ( 1.000000000000000000, -0.000000000000000000, -0.000000000000000000 ) ) ;
#4009 = CIRCLE ( 'NONE', #3307, 1.750000000000001554 ) ;
#4011 = EDGE_CURVE ( 'NONE', #2134, #2024, #54, .T. ) ;
#4010 = PLANE ( 'NONE',  #4199 ) ;
#4012 = CARTESIAN_POINT ( 'NONE',  ( -49.56049133996039302, 0.000000000000000000, -140.0000000000000000 ) ) ;
#4013 = FACE_OUTER_BOUND ( 'NONE', #1843, .T. ) ;
#4014 = CARTESIAN_POINT ( 'NONE',  ( 10.93286935413617655, 3.499999999999999556, -40.68905158218325369 ) ) ;
#4015 = EDGE_LOOP ( 'NONE', ( #3433, #2893, #3385, #1628 ) ) ;
#4016 = DIRECTION ( 'NONE',  ( 0.000000000000000000, 0.000000000000000000, 1.000000000000000000 ) ) ;
#4017 = ADVANCED_FACE ( 'NONE', ( #2377 ), #4041, .F. ) ;
#4018 = APPROVAL_DATE_TIME ( #3674, #1530 ) ;
#4019 = ORIENTED_EDGE ( 'NONE', *, *, #3056, .T. ) ;
#4020 = EDGE_CURVE ( 'NONE', #2277, #4244, #2725, .T. ) ;
#4021 = ORIENTED_EDGE ( 'NONE', *, *, #1914, .F. ) ;
#4022 = DIRECTION ( 'NONE',  ( 0.000000000000000000, -1.000000000000000000, -0.000000000000000000 ) ) ;
#4023 = CARTESIAN_POINT ( 'NONE',  ( -94.00000000000002842, 0.000000000000000000, 40.65827857275334622 ) ) ;
#4024 = CARTESIAN_POINT ( 'NONE',  ( -70.16017784508268562, 3.500000000000000000, -98.66117392250656337 ) ) ;
#4025 = ORIENTED_EDGE ( 'NONE', *, *, #1562, .F. ) ;
#4026 = ORIENTED_EDGE ( 'NONE', *, *, #1802, .F. ) ;
#4027 = DIRECTION ( 'NONE',  ( 0.000000000000000000, 0.000000000000000000, -1.000000000000000000 ) ) ;
#4028 = EDGE_CURVE ( 'NONE', #2176, #1988, #3975, .T. ) ;
#4029 = DIRECTION ( 'NONE',  ( 0.000000000000000000, 0.000000000000000000, 1.000000000000000000 ) ) ;
#4030 = EDGE_CURVE ( 'NONE', #2207, #397, #3657, .T. ) ;
#4031 = CARTESIAN_POINT ( 'NONE',  ( -23.02069052251176018, 3.500000000000000000, 83.05387526922686448 ) ) ;
#4032 = ORIENTED_EDGE ( 'NONE', *, *, #2989, .T. ) ;
#4033 = DIRECTION ( 'NONE',  ( 1.000000000000000000, -0.000000000000000000, 0.000000000000000000 ) ) ;
#4034 = DIRECTION ( 'NONE',  ( -0.000000000000000000, 1.000000000000000000, -0.000000000000000000 ) ) ;
#4035 = EDGE_CURVE ( 'NONE', #3867, #4151, #1990, .T. ) ;
#4036 = FACE_BOUND ( 'NONE', #3054, .T. ) ;
#4037 = PERSON_AND_ORGANIZATION ( #1039, #2381 ) ;
#4038 = EDGE_LOOP ( 'NONE', ( #2160, #324 ) ) ;
#4039 = CC_DESIGN_PERSON_AND_ORGANIZATION_ASSIGNMENT ( #4037, #3337, ( #3504 ) ) ;
#4040 = ORIENTED_EDGE ( 'NONE', *, *, #2344, .F. ) ;
#4041 = CYLINDRICAL_SURFACE ( 'NONE', #1460, 1.749999999999997113 ) ;
#4042 = CARTESIAN_POINT ( 'NONE',  ( 10.93286935413617655, 23.50000000000000000, -34.97554995058954574 ) ) ;
#4043 = CARTESIAN_POINT ( 'NONE',  ( -103.1118043018568784, 3.500000000000000000, -135.4984422207197099 ) ) ;
#4044 = EDGE_LOOP ( 'NONE', ( #222, #3283, #772, #206 ) ) ;
#4045 = VERTEX_POINT ( 'NONE', #2474 ) ;
#4046 = CARTESIAN_POINT ( 'NONE',  ( 102.0000000000000853, 0.000000000000000000, 28.65827857275350610 ) ) ;
#4047 = FACE_OUTER_BOUND ( 'NONE', #3692, .T. ) ;
#4048 = EDGE_CURVE ( 'NONE', #1980, #542, #2792, .T. ) ;
#4049 = CARTESIAN_POINT ( 'NONE',  ( 109.9999999999999716, 3.500000000000000000, -140.0000000000000284 ) ) ;
#4050 = EDGE_CURVE ( 'NONE', #3900, #2017, #3809, .T. ) ;
#4051 = CIRCLE ( 'NONE', #845, 2.000000000000001776 ) ;
#4052 = CARTESIAN_POINT ( 'NONE',  ( 54.88746655341845582, 0.000000000000000000, 4.240914038164420643E-14 ) ) ;
#4053 = ORIENTED_EDGE ( 'NONE', *, *, #1523, .F. ) ;
#4054 = EDGE_CURVE ( 'NONE', #1937, #1647, #492, .T. ) ;
#4055 = DIRECTION ( 'NONE',  ( 0.000000000000000000, 0.000000000000000000, 1.000000000000000000 ) ) ;
#4056 = LINE ( 'NONE', #422, #1067 ) ;
#4057 = FACE_BOUND ( 'NONE', #1941, .T. ) ;
#4058 = ADVANCED_FACE ( 'NONE', ( #815 ), #2423, .T. ) ;
#4059 = VECTOR ( 'NONE', #1016, 1000.000000000000000 ) ;
#4060 = CIRCLE ( 'NONE', #3085, 2.000000000000005329 ) ;
#4061 = VERTEX_POINT ( 'NONE', #2116 ) ;
#4062 = ORIENTED_EDGE ( 'NONE', *, *, #164, .T. ) ;
#4063 = DIRECTION ( 'NONE',  ( -0.000000000000000000, 1.000000000000000000, -0.000000000000000000 ) ) ;
#4064 = ORIENTED_EDGE ( 'NONE', *, *, #1781, .F. ) ;
#4065 = AXIS2_PLACEMENT_3D ( 'NONE', #1922, #2562, #1233 ) ;
#4066 = CARTESIAN_POINT ( 'NONE',  ( 80.93286935413618721, 3.500000000000000000, -55.27554995058955711 ) ) ;
#4067 = CARTESIAN_POINT ( 'NONE',  ( -49.56049133996039302, -96.42354657426406561, -147.4160018446942502 ) ) ;
#4068 = DIRECTION ( 'NONE',  ( 0.000000000000000000, 0.000000000000000000, -1.000000000000000000 ) ) ;
#4069 = ORIENTED_EDGE ( 'NONE', *, *, #1113, .F. ) ;
#4070 = VECTOR ( 'NONE', #3145, 1000.000000000000000 ) ;
#4071 = AXIS2_PLACEMENT_3D ( 'NONE', #3100, #3051, #3356 ) ;
#4072 = ORIENTED_EDGE ( 'NONE', *, *, #687, .F. ) ;
#4073 = LINE ( 'NONE', #1322, #2320 ) ;
#4074 = AXIS2_PLACEMENT_3D ( 'NONE', #104, #411, #2771 ) ;
#4075 = AXIS2_PLACEMENT_3D ( 'NONE', #804, #463, #1534 ) ;
#4076 = CARTESIAN_POINT ( 'NONE',  ( -94.00000000000002842, 3.500000000000000000, 74.65827857275334622 ) ) ;
#4077 = CYLINDRICAL_SURFACE ( 'NONE', #2810, 2.000000000000001776 ) ;
#4078 = DIRECTION ( 'NONE',  ( -0.000000000000000000, 1.000000000000000000, -0.000000000000000000 ) ) ;
#4079 = VECTOR ( 'NONE', #2278, 1000.000000000000000 ) ;
#4080 = DIRECTION ( 'NONE',  ( -1.000000000000000000, -0.000000000000000000, -5.316138692485376765E-16 ) ) ;
#4081 = ORIENTED_EDGE ( 'NONE', *, *, #1054, .T. ) ;
#4082 = EDGE_CURVE ( 'NONE', #970, #1031, #78, .T. ) ;
#4083 = FACE_OUTER_BOUND ( 'NONE', #3940, .T. ) ;
#4084 = DIRECTION ( 'NONE',  ( 1.000000000000000000, 0.000000000000000000, 0.000000000000000000 ) ) ;
#4085 = CARTESIAN_POINT ( 'NONE',  ( 42.25764484556228950, 0.000000000000000000, -111.9889526560728257 ) ) ;
#4086 = ADVANCED_FACE ( 'NONE', ( #103 ), #3489, .F. ) ;
#4087 = ORIENTED_EDGE ( 'NONE', *, *, #571, .T. ) ;
#4088 = ORIENTED_EDGE ( 'NONE', *, *, #4097, .T. ) ;
#4089 = LINE ( 'NONE', #1456, #2323 ) ;
#4090 = EDGE_CURVE ( 'NONE', #985, #3079, #3271, .T. ) ;
#4091 = EDGE_LOOP ( 'NONE', ( #4007, #1578 ) ) ;
#4092 = DIRECTION ( 'NONE',  ( 0.000000000000000000, 1.000000000000000000, 0.000000000000000000 ) ) ;
#4093 = DIRECTION ( 'NONE',  ( 1.000000000000000000, 0.000000000000000000, -0.000000000000000000 ) ) ;
#4094 = CARTESIAN_POINT ( 'NONE',  ( 34.59899631325689739, 3.499999999999999556, -57.27554995058955711 ) ) ;
#4095 = ORIENTED_EDGE ( 'NONE', *, *, #3048, .F. ) ;
#4096 = EDGE_CURVE ( 'NONE', #3079, #985, #2509, .T. ) ;
#4097 = EDGE_CURVE ( 'NONE', #484, #1284, #294, .T. ) ;
#4098 = ORIENTED_EDGE ( 'NONE', *, *, #3308, .T. ) ;
#4099 = DIRECTION ( 'NONE',  ( 1.000000000000000000, 0.000000000000000000, -0.000000000000000000 ) ) ;
#4100 = DIRECTION ( 'NONE',  ( -0.000000000000000000, 1.000000000000000000, -0.000000000000000000 ) ) ;
#4101 = CARTESIAN_POINT ( 'NONE',  ( 102.0000000000000853, 3.500000000000000000, 28.65827857275350610 ) ) ;
#4102 = APPROVAL ( #1332, 'æœª' ) ;
#4103 = ORIENTED_EDGE ( 'NONE', *, *, #495, .F. ) ;
#4104 = CARTESIAN_POINT ( 'NONE',  ( -103.1118043018568784, 0.000000000000000000, -135.4984422207197099 ) ) ;
#4105 = CARTESIAN_POINT ( 'NONE',  ( 82.93286935413618721, 23.50000000000000000, -32.97554995058955996 ) ) ;
#4106 = FACE_BOUND ( 'NONE', #2512, .T. ) ;
#4107 = EDGE_CURVE ( 'NONE', #3221, #3062, #3107, .T. ) ;
#4108 = VERTEX_POINT ( 'NONE', #1440 ) ;
#4109 = FACE_OUTER_BOUND ( 'NONE', #4202, .T. ) ;
#4110 = ORIENTED_EDGE ( 'NONE', *, *, #4190, .F. ) ;
#4111 = LINE ( 'NONE', #1112, #303 ) ;
#4112 = LINE ( 'NONE', #75, #529 ) ;
#4113 = DIRECTION ( 'NONE',  ( -0.000000000000000000, 1.000000000000000000, -0.000000000000000000 ) ) ;
#4114 = VERTEX_POINT ( 'NONE', #2770 ) ;
#4115 = ORIENTED_EDGE ( 'NONE', *, *, #1959, .F. ) ;
#4116 = ORIENTED_EDGE ( 'NONE', *, *, #53, .T. ) ;
#4117 = CARTESIAN_POINT ( 'NONE',  ( -70.16017784508268562, 33.50000000000000000, -65.59939103940321559 ) ) ;
#4118 = LINE ( 'NONE', #3091, #523 ) ;
#4119 = ADVANCED_FACE ( 'NONE', ( #514 ), #1832, .F. ) ;
#4120 = DIRECTION ( 'NONE',  ( 0.000000000000000000, 1.000000000000000000, 0.000000000000000000 ) ) ;
#4121 = FACE_OUTER_BOUND ( 'NONE', #4015, .T. ) ;
#4122 = ORIENTED_EDGE ( 'NONE', *, *, #2483, .F. ) ;
#4123 = VECTOR ( 'NONE', #2492, 1000.000000000000000 ) ;
#4124 = DIRECTION ( 'NONE',  ( 0.000000000000000000, 1.000000000000000000, 0.000000000000000000 ) ) ;
#4125 = AXIS2_PLACEMENT_3D ( 'NONE', #428, #3080, #1741 ) ;
#4126 = AXIS2_PLACEMENT_3D ( 'NONE', #3092, #4120, #1841 ) ;
#4127 = CARTESIAN_POINT ( 'NONE',  ( 94.00000000000000000, 0.000000000000000000, 70.65827857275350254 ) ) ;
#4128 = CIRCLE ( 'NONE', #3350, 1.999999999999994893 ) ;
#4129 = CARTESIAN_POINT ( 'NONE',  ( 0.000000000000000000, 23.50000000000000000, 0.000000000000000000 ) ) ;
#4130 = VERTEX_POINT ( 'NONE', #187 ) ;
#4131 = CARTESIAN_POINT ( 'NONE',  ( 34.59899631325689739, 3.499999999999999556, -55.27554995058955001 ) ) ;
#4132 = ORIENTED_EDGE ( 'NONE', *, *, #1914, .T. ) ;
#4133 = EDGE_CURVE ( 'NONE', #2007, #1740, #2835, .T. ) ;
#4134 = AXIS2_PLACEMENT_3D ( 'NONE', #3174, #3151, #2186 ) ;
#4135 = CARTESIAN_POINT ( 'NONE',  ( 102.0000000000000142, 0.000000000000000000, 86.65827857275348833 ) ) ;
#4136 = EDGE_LOOP ( 'NONE', ( #2407, #3333, #1745, #741 ) ) ;
#4137 = VECTOR ( 'NONE', #2990, 1000.000000000000000 ) ;
#4138 = AXIS2_PLACEMENT_3D ( 'NONE', #3647, #1985, #3317 ) ;
#4139 = ORIENTED_EDGE ( 'NONE', *, *, #623, .T. ) ;
#4140 = EDGE_LOOP ( 'NONE', ( #2821, #2033 ) ) ;
#4141 = CARTESIAN_POINT ( 'NONE',  ( 82.93286935413618721, 23.50000000000000000, -40.68905158218325369 ) ) ;
#4142 = AXIS2_PLACEMENT_3D ( 'NONE', #2238, #3581, #3447 ) ;
#4143 = VECTOR ( 'NONE', #2896, 1000.000000000000000 ) ;
#4144 = CARTESIAN_POINT ( 'NONE',  ( -41.74235515443771760, -6.500000000000000888, -110.3889526560728171 ) ) ;
#4145 = DIRECTION ( 'NONE',  ( 7.726561826345198289E-16, 0.000000000000000000, -1.000000000000000000 ) ) ;
#4146 = EDGE_LOOP ( 'NONE', ( #2968, #3926, #445, #3917 ) ) ;
#4147 = CIRCLE ( 'NONE', #110, 1.600000000000004086 ) ;
#4148 = CIRCLE ( 'NONE', #2251, 1.749999999999997113 ) ;
#4149 = VECTOR ( 'NONE', #780, 1000.000000000000000 ) ;
#4150 = CARTESIAN_POINT ( 'NONE',  ( 94.00000000000005684, 3.500000000000000000, 42.65827857275347412 ) ) ;
#4151 = VERTEX_POINT ( 'NONE', #1180 ) ;
#4152 = LINE ( 'NONE', #3821, #665 ) ;
#4153 = CARTESIAN_POINT ( 'NONE',  ( 5.262523113483087656, 9.500000000000000000, 92.33854215857867587 ) ) ;
#4154 = ADVANCED_FACE ( 'NONE', ( #3847 ), #850, .F. ) ;
#4155 = EDGE_CURVE ( 'NONE', #1608, #395, #1536, .T. ) ;
#4156 = EDGE_LOOP ( 'NONE', ( #2542, #2198, #3812, #3698 ) ) ;
#4157 = ORIENTED_EDGE ( 'NONE', *, *, #2454, .T. ) ;
#4158 = CARTESIAN_POINT ( 'NONE',  ( 63.60996136188994399, 3.499999999999999556, -32.97554995058955996 ) ) ;
#4159 = ORIENTED_EDGE ( 'NONE', *, *, #2069, .F. ) ;
#4160 = EDGE_CURVE ( 'NONE', #3182, #3960, #3765, .T. ) ;
#4161 = ORIENTED_EDGE ( 'NONE', *, *, #1823, .T. ) ;
#4162 = DIRECTION ( 'NONE',  ( 0.000000000000000000, 0.000000000000000000, 1.000000000000000000 ) ) ;
#4163 = CARTESIAN_POINT ( 'NONE',  ( -102.0000000000000284, 0.000000000000000000, 86.65827857275333201 ) ) ;
#4164 = DIRECTION ( 'NONE',  ( -0.000000000000000000, 1.000000000000000000, -0.000000000000000000 ) ) ;
#4165 = DIRECTION ( 'NONE',  ( 0.000000000000000000, 1.000000000000000000, -0.000000000000000000 ) ) ;
#4166 = EDGE_CURVE ( 'NONE', #911, #2548, #4111, .T. ) ;
#4167 = ORIENTED_EDGE ( 'NONE', *, *, #1523, .T. ) ;
#4168 = EDGE_CURVE ( 'NONE', #1117, #3769, #3786, .T. ) ;
#4169 = CARTESIAN_POINT ( 'NONE',  ( 80.93286935413618721, 23.50000000000000000, -50.43083063114010400 ) ) ;
#4170 = ORIENTED_EDGE ( 'NONE', *, *, #1033, .F. ) ;
#4171 = CARTESIAN_POINT ( 'NONE',  ( 103.1118043018571768, 3.500000000000000000, -95.19844222072063644 ) ) ;
#4172 = EDGE_CURVE ( 'NONE', #4300, #264, #2575, .T. ) ;
#4173 = ORIENTED_EDGE ( 'NONE', *, *, #1700, .T. ) ;
#4174 = CARTESIAN_POINT ( 'NONE',  ( -68.60989732364136273, -6.500000000000000888, -59.85089711319648131 ) ) ;
#4175 = EDGE_LOOP ( 'NONE', ( #370, #4308, #3643, #2757 ) ) ;
#4176 = ORIENTED_EDGE ( 'NONE', *, *, #3738, .T. ) ;
#4177 = DIRECTION ( 'NONE',  ( -1.000000000000000000, 0.000000000000000000, 1.982541115402065110E-16 ) ) ;
#4178 = DIRECTION ( 'NONE',  ( 0.000000000000000000, 0.000000000000000000, 1.000000000000000000 ) ) ;
#4179 = CARTESIAN_POINT ( 'NONE',  ( 10.93286935413617655, 23.50000000000000000, -40.68905158218325369 ) ) ;
#4180 = CARTESIAN_POINT ( 'NONE',  ( -68.60989732364136273, 3.500000000000000000, -56.35089711319648842 ) ) ;
#4181 = VERTEX_POINT ( 'NONE', #892 ) ;
#4182 = DIRECTION ( 'NONE',  ( -0.000000000000000000, 1.000000000000000000, -0.000000000000000000 ) ) ;
#4183 = ORIENTED_EDGE ( 'NONE', *, *, #1734, .T. ) ;
#4184 = FACE_OUTER_BOUND ( 'NONE', #3999, .T. ) ;
#4185 = AXIS2_PLACEMENT_3D ( 'NONE', #834, #2753, #3449 ) ;
#4186 = CIRCLE ( 'NONE', #2440, 1.750000000000001554 ) ;
#4187 = VERTEX_POINT ( 'NONE', #3584 ) ;
#4188 = CARTESIAN_POINT ( 'NONE',  ( 80.93286935413618721, 3.499999999999999556, -50.43083063114010400 ) ) ;
#4189 = ORIENTED_EDGE ( 'NONE', *, *, #3623, .T. ) ;
#4190 = EDGE_CURVE ( 'NONE', #1557, #4250, #4237, .T. ) ;
#4191 = DIRECTION ( 'NONE',  ( -0.000000000000000000, 1.000000000000000000, -0.000000000000000000 ) ) ;
#4192 = CARTESIAN_POINT ( 'NONE',  ( 102.0000000000000142, 0.000000000000000000, 88.65827857275348833 ) ) ;
#4193 = ORIENTED_EDGE ( 'NONE', *, *, #3585, .T. ) ;
#4194 = ORIENTED_EDGE ( 'NONE', *, *, #1678, .F. ) ;
#4195 = EDGE_CURVE ( 'NONE', #3062, #2573, #556, .T. ) ;
#4196 = LINE ( 'NONE', #4240, #1132 ) ;
#4197 = LINE ( 'NONE', #3855, #2859 ) ;
#4198 = VECTOR ( 'NONE', #2538, 1000.000000000000000 ) ;
#4199 = AXIS2_PLACEMENT_3D ( 'NONE', #61, #3684, #1380 ) ;
#4200 = AXIS2_PLACEMENT_3D ( 'NONE', #150, #3836, #4145 ) ;
#4201 = DIRECTION ( 'NONE',  ( -0.000000000000000000, 1.000000000000000000, -0.000000000000000000 ) ) ;
#4202 = EDGE_LOOP ( 'NONE', ( #2299, #2081, #2119, #2322 ) ) ;
#4203 = VECTOR ( 'NONE', #3742, 1000.000000000000000 ) ;
#4204 = EDGE_CURVE ( 'NONE', #3559, #636, #3157, .T. ) ;
#4205 = ORIENTED_EDGE ( 'NONE', *, *, #2521, .T. ) ;
#4206 = VECTOR ( 'NONE', #2784, 1000.000000000000000 ) ;
#4207 = CARTESIAN_POINT ( 'NONE',  ( -41.74235515443771760, 0.000000000000000000, -108.7889526560728086 ) ) ;
#4208 = AXIS2_PLACEMENT_3D ( 'NONE', #2444, #1742, #4093 ) ;
#4209 = AXIS2_PLACEMENT_3D ( 'NONE', #568, #2302, #1651 ) ;
#4210 = DIRECTION ( 'NONE',  ( 0.000000000000000000, 1.000000000000000000, -0.000000000000000000 ) ) ;
#4211 = CARTESIAN_POINT ( 'NONE',  ( 82.93286935413618721, 3.499999999999999556, -40.68905158218325369 ) ) ;
#4212 = DIRECTION ( 'NONE',  ( 0.000000000000000000, 1.000000000000000000, 0.000000000000000000 ) ) ;
#4213 = ORIENTED_EDGE ( 'NONE', *, *, #2825, .F. ) ;
#4214 = EDGE_CURVE ( 'NONE', #2819, #1918, #2243, .T. ) ;
#4215 = VECTOR ( 'NONE', #483, 1000.000000000000000 ) ;
#4216 = EDGE_CURVE ( 'NONE', #1247, #2906, #3202, .T. ) ;
#4217 = DIRECTION ( 'NONE',  ( 0.000000000000000000, 0.000000000000000000, -1.000000000000000000 ) ) ;
#4218 = EDGE_LOOP ( 'NONE', ( #1462, #3503, #3386, #1691 ) ) ;
#4219 = EDGE_CURVE ( 'NONE', #2356, #3132, #3498, .T. ) ;
#4220 = FACE_OUTER_BOUND ( 'NONE', #4044, .T. ) ;
#4221 = DIRECTION ( 'NONE',  ( -0.000000000000000000, -0.000000000000000000, 1.000000000000000000 ) ) ;
#4222 = DIRECTION ( 'NONE',  ( 1.234385775125811480E-16, 0.000000000000000000, 1.000000000000000000 ) ) ;
#4223 = EDGE_CURVE ( 'NONE', #2215, #1138, #2620, .T. ) ;
#4224 = DIRECTION ( 'NONE',  ( -0.000000000000000000, -1.000000000000000000, 0.000000000000000000 ) ) ;
#4225 = ORIENTED_EDGE ( 'NONE', *, *, #2926, .T. ) ;
#4226 = FACE_OUTER_BOUND ( 'NONE', #2607, .T. ) ;
#4227 = LINE ( 'NONE', #1302, #3167 ) ;
#4228 = ORIENTED_EDGE ( 'NONE', *, *, #4236, .F. ) ;
#4229 = DIRECTION ( 'NONE',  ( 0.000000000000000000, 0.000000000000000000, -1.000000000000000000 ) ) ;
#4230 = EDGE_LOOP ( 'NONE', ( #2934, #1811, #58, #2769 ) ) ;
#4231 = VERTEX_POINT ( 'NONE', #3933 ) ;
#4232 = CARTESIAN_POINT ( 'NONE',  ( -103.1118043018568784, 0.000000000000000000, -135.4984422207197099 ) ) ;
#4233 = CARTESIAN_POINT ( 'NONE',  ( -54.88746655341842029, 3.500000000000000000, 41.55453552836380027 ) ) ;
#4234 = ORIENTED_EDGE ( 'NONE', *, *, #158, .F. ) ;
#4235 = CARTESIAN_POINT ( 'NONE',  ( 2.262523113483074333, 16.00000000000000000, -16.06145784142133337 ) ) ;
#4236 = EDGE_CURVE ( 'NONE', #2102, #4108, #1478, .T. ) ;
#4237 = LINE ( 'NONE', #3890, #785 ) ;
#4238 = VERTEX_POINT ( 'NONE', #2268 ) ;
#4239 = ORIENTED_EDGE ( 'NONE', *, *, #3585, .F. ) ;
#4240 = CARTESIAN_POINT ( 'NONE',  ( -10.60989732364136451, -6.500000000000000888, -7.350897113196491084 ) ) ;
#4241 = DIRECTION ( 'NONE',  ( -1.000000000000000000, -0.000000000000000000, -0.000000000000000000 ) ) ;
#4242 = LINE ( 'NONE', #2974, #3486 ) ;
#4243 = DIRECTION ( 'NONE',  ( 0.000000000000000000, 0.000000000000000000, -1.000000000000000000 ) ) ;
#4244 = VERTEX_POINT ( 'NONE', #3954 ) ;
#4246 = ADVANCED_FACE ( 'NONE', ( #2179 ), #2200, .T. ) ;
#4245 = DIRECTION ( 'NONE',  ( -0.000000000000000000, 1.000000000000000000, -0.000000000000000000 ) ) ;
#4247 = CARTESIAN_POINT ( 'NONE',  ( 102.0000000000000142, 3.500000000000000000, 84.65827857275348833 ) ) ;
#4248 = ORIENTED_EDGE ( 'NONE', *, *, #2718, .T. ) ;
#4249 = FACE_OUTER_BOUND ( 'NONE', #2731, .T. ) ;
#4250 = VERTEX_POINT ( 'NONE', #2854 ) ;
#4251 = LINE ( 'NONE', #1262, #4253 ) ;
#4252 = CARTESIAN_POINT ( 'NONE',  ( 6.800055661358044059E-15, 33.50000000000000000, -68.59939103940321559 ) ) ;
#4253 = VECTOR ( 'NONE', #3950, 1000.000000000000000 ) ;
#4254 = DIRECTION ( 'NONE',  ( 0.000000000000000000, 0.000000000000000000, 1.000000000000000000 ) ) ;
#4255 = EDGE_LOOP ( 'NONE', ( #1104, #765, #302, #4248 ) ) ;
#4256 = LINE ( 'NONE', #3992, #315 ) ;
#4257 = CARTESIAN_POINT ( 'NONE',  ( 82.02773986518441518, 3.500000000000000000, 87.67493557501117607 ) ) ;
#4258 = ORIENTED_EDGE ( 'NONE', *, *, #4107, .T. ) ;
#4259 = VECTOR ( 'NONE', #2604, 1000.000000000000000 ) ;
#4260 = EDGE_CURVE ( 'NONE', #501, #1968, #621, .T. ) ;
#4261 = ORIENTED_EDGE ( 'NONE', *, *, #965, .T. ) ;
#4262 = AXIS2_PLACEMENT_3D ( 'NONE', #8, #4113, #3538 ) ;
#4263 = DIRECTION ( 'NONE',  ( 1.000000000000000000, -0.000000000000000000, 0.000000000000000000 ) ) ;
#4264 = LINE ( 'NONE', #581, #2109 ) ;
#4265 = PLANE ( 'NONE',  #1813 ) ;
#4266 = LINE ( 'NONE', #1275, #2735 ) ;
#4267 = ORIENTED_EDGE ( 'NONE', *, *, #218, .T. ) ;
#4268 = EDGE_CURVE ( 'NONE', #1588, #386, #874, .T. ) ;
#4269 = DIRECTION ( 'NONE',  ( -0.000000000000000000, 1.000000000000000000, -0.000000000000000000 ) ) ;
#4270 = VECTOR ( 'NONE', #882, 1000.000000000000000 ) ;
#4271 = DIRECTION ( 'NONE',  ( 0.000000000000000000, 0.000000000000000000, -1.000000000000000000 ) ) ;
#4272 = EDGE_CURVE ( 'NONE', #3529, #3799, #1202, .T. ) ;
#4273 = EDGE_LOOP ( 'NONE', ( #3619, #1645, #262, #1528 ) ) ;
#4274 = FACE_OUTER_BOUND ( 'NONE', #679, .T. ) ;
#4275 =( GEOMETRIC_REPRESENTATION_CONTEXT ( 3 ) GLOBAL_UNCERTAINTY_ASSIGNED_CONTEXT ( ( #1508 ) ) GLOBAL_UNIT_ASSIGNED_CONTEXT ( ( #50, #1675, #1044 ) ) REPRESENTATION_CONTEXT ( 'NONE', 'WORKASPACE' ) );
#4276 = CIRCLE ( 'NONE', #2529, 1.600000000000001865 ) ;
#4277 = ORIENTED_EDGE ( 'NONE', *, *, #951, .T. ) ;
#4278 = VECTOR ( 'NONE', #3763, 1000.000000000000000 ) ;
#4279 = DIRECTION ( 'NONE',  ( 0.000000000000000000, 0.000000000000000000, 1.000000000000000000 ) ) ;
#4280 = LINE ( 'NONE', #3952, #4143 ) ;
#4281 = FACE_OUTER_BOUND ( 'NONE', #3942, .T. ) ;
#4282 = AXIS2_PLACEMENT_3D ( 'NONE', #2681, #2983, #1085 ) ;
#4283 = VECTOR ( 'NONE', #1949, 1000.000000000000000 ) ;
#4284 = FACE_OUTER_BOUND ( 'NONE', #333, .T. ) ;
#4285 = ORIENTED_EDGE ( 'NONE', *, *, #919, .F. ) ;
#4286 = VECTOR ( 'NONE', #2192, 1000.000000000000000 ) ;
#4287 = EDGE_LOOP ( 'NONE', ( #629, #4088 ) ) ;
#4288 = DIRECTION ( 'NONE',  ( -0.000000000000000000, 1.000000000000000000, -0.000000000000000000 ) ) ;
#4289 = ADVANCED_FACE ( 'NONE', ( #3556 ), #292, .F. ) ;
#4290 = CARTESIAN_POINT ( 'NONE',  ( -68.60989732364136273, 0.000000000000000000, -9.100897113196483090 ) ) ;
#4291 = CARTESIAN_POINT ( 'NONE',  ( 103.1118043018568500, 3.500000000000000000, -135.4984422207206194 ) ) ;
#4292 = VERTEX_POINT ( 'NONE', #2878 ) ;
#4293 = ADVANCED_FACE ( 'NONE', ( #4284 ), #1291, .T. ) ;
#4294 = CARTESIAN_POINT ( 'NONE',  ( 5.262523113483087656, 2.899999999999999911, 92.33854215857867587 ) ) ;
#4295 = ORIENTED_EDGE ( 'NONE', *, *, #3353, .T. ) ;
#4296 = FACE_OUTER_BOUND ( 'NONE', #3664, .T. ) ;
#4297 = DIRECTION ( 'NONE',  ( 0.000000000000000000, 1.000000000000000000, 0.000000000000000000 ) ) ;
#4298 = ORIENTED_EDGE ( 'NONE', *, *, #3239, .F. ) ;
#4299 = CARTESIAN_POINT ( 'NONE',  ( -80.99248113370278190, 3.500000000000000000, 77.47682054909699900 ) ) ;
#4300 = VERTEX_POINT ( 'NONE', #2557 ) ;
#4301 = ADVANCED_FACE ( 'NONE', ( #2216 ), #3225, .F. ) ;
#4302 = CARTESIAN_POINT ( 'NONE',  ( 42.25764484556228950, 3.500000000000000000, -108.7889526560728086 ) ) ;
#4303 = DIRECTION ( 'NONE',  ( 0.000000000000000000, 0.000000000000000000, 1.000000000000000000 ) ) ;
#4304 = CARTESIAN_POINT ( 'NONE',  ( -68.60989732364136273, -6.500000000000000888, -56.35089711319648842 ) ) ;
#4305 = ORIENTED_EDGE ( 'NONE', *, *, #562, .F. ) ;
#4306 = DATE_TIME_ROLE ( 'classification_date' ) ;
#4307 = ORIENTED_EDGE ( 'NONE', *, *, #2159, .T. ) ;
#4308 = ORIENTED_EDGE ( 'NONE', *, *, #1649, .T. ) ;
#4309 = PLANE ( 'NONE',  #3572 ) ;
#4310 = DIRECTION ( 'NONE',  ( 7.138779736530069592E-17, 0.000000000000000000, -1.000000000000000000 ) ) ;
#4311 = DIRECTION ( 'NONE',  ( -0.000000000000000000, -1.000000000000000000, -0.000000000000000000 ) ) ;
#4312 = ORIENTED_EDGE ( 'NONE', *, *, #1695, .F. ) ;
#4313 = PLANE ( 'NONE',  #3016 ) ;
#4314 = ORIENTED_EDGE ( 'NONE', *, *, #1300, .F. ) ;
#4315 = CARTESIAN_POINT ( 'NONE',  ( -110.0000000000000142, 0.000000000000000000, 99.99999999999997158 ) ) ;
#4316 = ORIENTED_EDGE ( 'NONE', *, *, #4035, .F. ) ;
#4317 = CARTESIAN_POINT ( 'NONE',  ( 63.60996136188994399, 23.50000000000000000, -32.97554995058955996 ) ) ;
#4318 = ADVANCED_FACE ( 'NONE', ( #384 ), #3690, .F. ) ;
#4319 = ORIENTED_EDGE ( 'NONE', *, *, #2151, .T. ) ;
#4320 = CARTESIAN_POINT ( 'NONE',  ( 69.83982215491732859, 3.500000000000000000, -92.36594344762063713 ) ) ;
#4321 = DIRECTION ( 'NONE',  ( 5.782411586589357392E-17, 0.000000000000000000, 1.000000000000000000 ) ) ;
#4322 = LINE ( 'NONE', #2658, #2246 ) ;
ENDSEC;
END-ISO-10303-21;
